Category,Message,Date,Email
ham,"Go until jurong point, crazy.. Available only in bugis n great world la e buffet... Cine there got amore wat...",03/09/2023,cvirz@gmail.com
ham,Ok lar... Joking wif u oni...,10/12/2024,cpuio@gmail.com
spam,Free entry in 2 a wkly comp to win FA Cup final tkts 21st May 2005. Text FA to 87121 to receive entry question(std txt rate)T&C's apply 08452810075over18's,31/12/2023,xdgba@gmail.com
ham,U dun say so early hor... U c already then say...,02/02/2023,slrio@gmail.com
ham,"Nah I don't think he goes to usf, he lives around here though",19/09/2022,aymit@gmail.com
spam,"FreeMsg Hey there darling it's been 3 week's now and no word back! I'd like some fun you up for it still? Tb ok! XxX std chgs to send, £1.50 to rcv",14/01/2022,pjvcs@gmail.com
ham,Even my brother is not like to speak with me. They treat me like aids patent.,29/06/2023,nhtfz@gmail.com
ham,As per your request 'Melle Melle (Oru Minnaminunginte Nurungu Vettam)' has been set as your callertune for all Callers. Press *9 to copy your friends Callertune,27/10/2024,shpqd@gmail.com
spam,WINNER!! As a valued network customer you have been selected to receivea £900 prize reward! To claim call 09061701461. Claim code KL341. Valid 12 hours only.,05/02/2023,dipvm@gmail.com
spam,Had your mobile 11 months or more? U R entitled to Update to the latest colour mobiles with camera for Free! Call The Mobile Update Co FREE on 08002986030,22/05/2024,baeml@gmail.com
ham,"I'm gonna be home soon and i don't want to talk about this stuff anymore tonight, k? I've cried enough today.",01/02/2022,gxlzy@gmail.com
spam,"SIX chances to win CASH! From 100 to 20,000 pounds txt> CSH11 and send to 87575. Cost 150p/day, 6days, 16+ TsandCs apply Reply HL 4 info",11/09/2024,qoaig@gmail.com
spam,"URGENT! You have won a 1 week FREE membership in our £100,000 Prize Jackpot! Txt the word: CLAIM to No: 81010 T&C www.dbuk.net LCCLTD POBOX 4403LDNW1A7RW18",15/06/2023,zjfxd@gmail.com
ham,I've been searching for the right words to thank you for this breather. I promise i wont take your help for granted and will fulfil my promise. You have been wonderful and a blessing at all times.,07/11/2023,bcuce@gmail.com
ham,I HAVE A DATE ON SUNDAY WITH WILL!!,23/01/2023,ssgfm@gmail.com
spam,"XXXMobileMovieClub: To use your credit, click the WAP link in the next txt message or click here>> http://wap. xxxmobilemovieclub.com?n=QJKGIGHJJGCBL",27/06/2022,wwryu@gmail.com
ham,Oh k...i'm watching here:),18/10/2024,rmzir@gmail.com
ham,Eh u remember how 2 spell his name... Yes i did. He v naughty make until i v wet.,05/06/2022,axtvq@gmail.com
ham,Fine if thats the way u feel. Thats the way its gota b,03/08/2022,kwlga@gmail.com
spam,"England v Macedonia - dont miss the goals/team news. Txt ur national team to 87077 eg ENGLAND to 87077 Try:WALES, SCOTLAND 4txt/ú1.20 POBOXox36504W45WQ 16+",19/09/2023,luhya@gmail.com
ham,Is that seriously how you spell his name?,04/11/2024,nbkkd@gmail.com
ham,I‘m going to try for 2 months ha ha only joking,14/10/2024,onnzx@gmail.com
ham,So ü pay first lar... Then when is da stock comin...,03/03/2023,ufkyz@gmail.com
ham,Aft i finish my lunch then i go str down lor. Ard 3 smth lor. U finish ur lunch already?,14/09/2023,ctope@gmail.com
ham,Ffffffffff. Alright no way I can meet up with you sooner?,05/04/2024,lqhcj@gmail.com
ham,Just forced myself to eat a slice. I'm really not hungry tho. This sucks. Mark is getting worried. He knows I'm sick when I turn down pizza. Lol,16/02/2024,mgqsr@gmail.com
ham,Lol your always so convincing.,17/05/2022,ysyol@gmail.com
ham,Did you catch the bus ? Are you frying an egg ? Did you make a tea? Are you eating your mom's left over dinner ? Do you feel my Love ?,01/02/2023,cwujv@gmail.com
ham,"I'm back &amp; we're packing the car now, I'll let you know if there's room",18/12/2022,zklnc@gmail.com
ham,Ahhh. Work. I vaguely remember that! What does it feel like? Lol,21/01/2023,yghkf@gmail.com
ham,"Wait that's still not all that clear, were you not sure about me being sarcastic or that that's why x doesn't want to live with us",12/09/2023,pxkle@gmail.com
ham,Yeah he got in at 2 and was v apologetic. n had fallen out and she was actin like spoilt child and he got caught up in that. Till 2! But we won't go there! Not doing too badly cheers. You?,20/08/2022,nqsgx@gmail.com
ham,K tell me anything about you.,28/09/2022,bzick@gmail.com
ham,For fear of fainting with the of all that housework you just did? Quick have a cuppa,22/07/2024,ojphc@gmail.com
spam,Thanks for your subscription to Ringtone UK your mobile will be charged £5/month Please confirm by replying YES or NO. If you reply NO you will not be charged,21/01/2022,tdbfe@gmail.com
ham,Yup... Ok i go home look at the timings then i msg ü again... Xuhui going to learn on 2nd may too but her lesson is at 8am,25/07/2022,ngjsb@gmail.com
ham,"Oops, I'll let you know when my roommate's done",23/11/2024,daxto@gmail.com
ham,I see the letter B on my car,25/04/2022,pypau@gmail.com
ham,Anything lor... U decide...,15/05/2023,cfkog@gmail.com
ham,Hello! How's you and how did saturday go? I was just texting to see if you'd decided to do anything tomo. Not that i'm trying to invite myself or anything!,10/09/2023,otqow@gmail.com
ham,Pls go ahead with watts. I just wanted to be sure. Do have a great weekend. Abiola,08/08/2022,wfvxb@gmail.com
ham,"Did I forget to tell you ? I want you , I need you, I crave you ... But most of all ... I love you my sweet Arabian steed ... Mmmmmm ... Yummy",11/08/2023,oxrzt@gmail.com
spam,07732584351 - Rodger Burns - MSG = We tried to call you re your reply to our sms for a free nokia mobile + free camcorder. Please call now 08000930705 for delivery tomorrow,18/08/2023,fbsfj@gmail.com
ham,WHO ARE YOU SEEING?,24/11/2022,qqbqx@gmail.com
ham,Great! I hope you like your man well endowed. I am  &lt;#&gt;  inches...,02/05/2024,earrd@gmail.com
ham,No calls..messages..missed calls,28/07/2022,gfkog@gmail.com
ham,Didn't you get hep b immunisation in nigeria.,02/05/2022,pkqka@gmail.com
ham,"Fair enough, anything going on?",11/10/2022,jqwrj@gmail.com
ham,"Yeah hopefully, if tyler can't do it I could maybe ask around a bit",05/02/2024,kdair@gmail.com
ham,U don't know how stubborn I am. I didn't even want to go to the hospital. I kept telling Mark I'm not a weak sucker. Hospitals are for weak suckers.,25/03/2023,vtmvb@gmail.com
ham,What you thinked about me. First time you saw me in class.,21/07/2022,jzwip@gmail.com
ham,"A gram usually runs like  &lt;#&gt; , a half eighth is smarter though and gets you almost a whole second gram for  &lt;#&gt;",07/01/2024,plkfn@gmail.com
ham,K fyi x has a ride early tomorrow morning but he's crashing at our place tonight,03/02/2022,fjaue@gmail.com
ham,"Wow. I never realized that you were so embarassed by your accomodations. I thought you liked it, since i was doing the best i could and you always seemed so happy about ""the cave"". I'm sorry I didn't and don't have more to give. I'm sorry i offered. I'm sorry your room was so embarassing.",30/05/2022,mjzgu@gmail.com
spam,SMS. ac Sptv: The New Jersey Devils and the Detroit Red Wings play Ice Hockey. Correct or Incorrect? End? Reply END SPTV,13/01/2023,aebib@gmail.com
ham,Do you know what Mallika Sherawat did yesterday? Find out now @  &lt;URL&gt;,25/12/2024,dgldn@gmail.com
spam,"Congrats! 1 year special cinema pass for 2 is yours. call 09061209465 now! C Suprman V, Matrix3, StarWars3, etc all 4 FREE! bx420-ip4-5we. 150pm. Dont miss out!",25/09/2022,jkzhz@gmail.com
ham,"Sorry, I'll call later in meeting.",26/06/2024,jfuzr@gmail.com
ham,Tell where you reached,19/09/2024,djyxc@gmail.com
ham,Yes..gauti and sehwag out of odi series.,15/11/2024,xbbit@gmail.com
ham,Your gonna have to pick up a $1 burger for yourself on your way home. I can't even move. Pain is killing me.,10/04/2023,slzea@gmail.com
ham,Ha ha ha good joke. Girls are situation seekers.,27/12/2023,agsbz@gmail.com
ham,Its a part of checking IQ,11/05/2022,txmrz@gmail.com
ham,"Sorry my roommates took forever, it ok if I come by now?",16/03/2023,owbjw@gmail.com
ham,Ok lar i double check wif da hair dresser already he said wun cut v short. He said will cut until i look nice.,21/11/2022,eehav@gmail.com
spam,"As a valued customer, I am pleased to advise you that following recent review of your Mob No. you are awarded with a £1500 Bonus Prize, call 09066364589",09/10/2023,xbieu@gmail.com
ham,"Today is ""song dedicated day.."" Which song will u dedicate for me? Send this to all ur valuable frnds but first rply me...",11/08/2023,elblt@gmail.com
spam,"Urgent UR awarded a complimentary trip to EuroDisinc Trav, Aco&Entry41 Or £1000. To claim txt DIS to 87121 18+6*£1.50(moreFrmMob. ShrAcomOrSglSuplt)10, LS1 3AJ",08/10/2024,tupcj@gmail.com
spam,"Did you hear about the new ""Divorce Barbie""? It comes with all of Ken's stuff!",13/02/2022,sdzom@gmail.com
ham,I plane to give on this month end.,25/06/2023,vrytq@gmail.com
ham,Wah lucky man... Then can save money... Hee...,18/09/2022,idplw@gmail.com
ham,Finished class where are you.,01/03/2023,kwxta@gmail.com
ham,HI BABE IM AT HOME NOW WANNA DO SOMETHING? XX,17/02/2022,gynps@gmail.com
ham,K..k:)where are you?how did you performed?,21/08/2023,fmzkv@gmail.com
ham,U can call me now...,17/06/2024,aukxw@gmail.com
ham,I am waiting machan. Call me once you free.,05/05/2024,ukpdi@gmail.com
ham,Thats cool. i am a gentleman and will treat you with dignity and respect.,24/02/2023,hpmnp@gmail.com
ham,I like you peoples very much:) but am very shy pa.,09/02/2022,lwcyw@gmail.com
ham,Does not operate after  &lt;#&gt;  or what,20/10/2024,kjxhd@gmail.com
ham,Its not the same here. Still looking for a job. How much do Ta's earn there.,02/06/2022,eldue@gmail.com
ham,"Sorry, I'll call later",20/07/2024,fcxln@gmail.com
ham,K. Did you call me just now ah?,24/06/2023,kqjkc@gmail.com
ham,Ok i am on the way to home hi hi,18/09/2024,oawhj@gmail.com
ham,You will be in the place of that man,04/08/2022,gtvuj@gmail.com
ham,Yup next stop.,30/06/2024,hvyyf@gmail.com
ham,"I call you later, don't have network. If urgnt, sms me.",25/07/2023,psbky@gmail.com
ham,For real when u getting on yo? I only need 2 more tickets and one more jacket and I'm done. I already used all my multis.,05/12/2022,pqsvr@gmail.com
ham,Yes I started to send requests to make it but pain came back so I'm back in bed. Double coins at the factory too. I gotta cash in all my nitros.,01/01/2022,mqlhx@gmail.com
ham,I'm really not up to it still tonight babe,26/01/2023,jezhh@gmail.com
ham,"Ela kano.,il download, come wen ur free..",01/09/2023,wpezh@gmail.com
ham,Yeah do! Don‘t stand to close tho- you‘ll catch something!,11/10/2024,qesvv@gmail.com
ham,Sorry to be a pain. Is it ok if we meet another night? I spent late afternoon in casualty and that means i haven't done any of y stuff42moro and that includes all my time sheets and that. Sorry.,09/09/2024,gghgn@gmail.com
ham,Smile in Pleasure Smile in Pain Smile when trouble pours like Rain Smile when sum1 Hurts U Smile becoz SOMEONE still Loves to see u Smiling!!,03/02/2024,adyvg@gmail.com
spam,Please call our customer service representative on 0800 169 6031 between 10am-9pm as you have WON a guaranteed £1000 cash or £5000 prize!,25/07/2024,qjdzt@gmail.com
ham,Havent planning to buy later. I check already lido only got 530 show in e afternoon. U finish work already?,19/04/2023,afciz@gmail.com
spam,"Your free ringtone is waiting to be collected. Simply text the password ""MIX"" to 85069 to verify. Get Usher and Britney. FML, PO Box 5249, MK17 92H. 450Ppw 16",26/07/2022,vrldx@gmail.com
ham,Watching telugu movie..wat abt u?,29/04/2022,gdifq@gmail.com
ham,i see. When we finish we have loads of loans to pay,24/01/2024,oobvu@gmail.com
ham,"Hi. Wk been ok - on hols now! Yes on for a bit of a run. Forgot that i have hairdressers appointment at four so need to get home n shower beforehand. Does that cause prob for u?""",15/09/2023,mkrok@gmail.com
ham,I see a cup of coffee animation,15/12/2024,mjkcp@gmail.com
ham,Please don't text me anymore. I have nothing else to say.,26/12/2022,gxbqf@gmail.com
ham,Okay name ur price as long as its legal! Wen can I pick them up? Y u ave x ams xx,30/04/2023,aqlew@gmail.com
ham,I'm still looking for a car to buy. And have not gone 4the driving test yet.,05/03/2023,ntddf@gmail.com
ham,As per your request 'Melle Melle (Oru Minnaminunginte Nurungu Vettam)' has been set as your callertune for all Callers. Press *9 to copy your friends Callertune,25/01/2022,zrbhx@gmail.com
ham,"wow. You're right! I didn't mean to do that. I guess once i gave up on boston men and changed my search location to nyc, something changed. Cuz on my signin page it still says boston.",18/12/2024,olyil@gmail.com
ham,Umma my life and vava umma love you lot dear,19/04/2023,vdbpm@gmail.com
ham,Thanks a lot for your wishes on my birthday. Thanks you for making my birthday truly memorable.,09/07/2023,mrrkg@gmail.com
ham,"Aight, I'll hit you up when I get some cash",27/06/2023,hjwzy@gmail.com
ham,How would my ip address test that considering my computer isn't a minecraft server,06/06/2024,vdfzi@gmail.com
ham,I know! Grumpy old people. My mom was like you better not be lying. Then again I am always the one to play jokes...,28/09/2023,iizju@gmail.com
ham,Dont worry. I guess he's busy.,19/08/2024,uffuc@gmail.com
ham,What is the plural of the noun research?,09/01/2022,rgesn@gmail.com
ham,Going for dinner.msg you after.,31/01/2022,ykqoc@gmail.com
ham,I'm ok wif it cos i like 2 try new things. But i scared u dun like mah. Cos u said not too loud.,08/12/2024,aqxww@gmail.com
spam,GENT! We are trying to contact you. Last weekends draw shows that you won a £1000 prize GUARANTEED. Call 09064012160. Claim Code K52. Valid 12hrs only. 150ppm,15/11/2024,hdnsj@gmail.com
ham,"Wa, ur openin sentence very formal... Anyway, i'm fine too, juz tt i'm eatin too much n puttin on weight...Haha... So anythin special happened?",29/12/2022,pidur@gmail.com
ham,"As I entered my cabin my PA said, '' Happy B'day Boss !!''. I felt special. She askd me 4 lunch. After lunch she invited me to her apartment. We went there.",31/10/2024,ijgdd@gmail.com
spam,You are a winner U have been specially selected 2 receive £1000 or a 4* holiday (flights inc) speak to a live operator 2 claim 0871277810910p/min (18+),23/11/2024,ehxot@gmail.com
ham,Goodo! Yes we must speak friday - egg-potato ratio for tortilla needed!,14/07/2023,bjwrz@gmail.com
ham,Hmm...my uncle just informed me that he's paying the school directly. So pls buy food.,10/12/2023,uxdqf@gmail.com
spam,PRIVATE! Your 2004 Account Statement for 07742676969 shows 786 unredeemed Bonus Points. To claim call 08719180248 Identifier Code: 45239 Expires,10/01/2024,epcut@gmail.com
spam,"URGENT! Your Mobile No. was awarded £2000 Bonus Caller Prize on 5/9/03 This is our final try to contact U! Call from Landline 09064019788 BOX42WR29C, 150PPM",02/02/2022,rioam@gmail.com
ham,here is my new address -apples&pairs&all that malarky,01/09/2023,kbvag@gmail.com
spam,Todays Voda numbers ending 7548 are selected to receive a $350 award. If you have a match please call 08712300220 quoting claim code 4041 standard rates app,15/04/2022,qlkew@gmail.com
ham,I am going to sao mu today. Will be done only at 12,06/09/2022,bvuug@gmail.com
ham,Ü predict wat time ü'll finish buying?,19/05/2024,pwcyh@gmail.com
ham,"Good stuff, will do.",16/10/2022,agoxh@gmail.com
ham,"Just so that you know,yetunde hasn't sent money yet. I just sent her a text not to bother sending. So its over, you dont have to involve yourself in anything. I shouldn't have imposed anything on you in the first place so for that, i apologise.",12/02/2023,fdxjd@gmail.com
ham,Are you there in room.,10/08/2022,wcfqx@gmail.com
ham,HEY GIRL. HOW R U? HOPE U R WELL ME AN DEL R BAK! AGAIN LONG TIME NO C! GIVE ME A CALL SUM TIME FROM LUCYxx,06/08/2024,pvsai@gmail.com
ham,K..k:)how much does it cost?,18/09/2022,gqmvf@gmail.com
ham,I'm home.,04/04/2024,mxqel@gmail.com
ham,"Dear, will call Tmorrow.pls accomodate.",14/12/2024,xrwan@gmail.com
ham,First answer my question.,18/05/2024,cqckz@gmail.com
spam,Sunshine Quiz Wkly Q! Win a top Sony DVD player if u know which country the Algarve is in? Txt ansr to 82277. £1.50 SP:Tyrone,28/06/2023,eqzlz@gmail.com
spam,Want 2 get laid tonight? Want real Dogging locations sent direct 2 ur mob? Join the UK's largest Dogging Network bt Txting GRAVEL to 69888! Nt. ec2a. 31p.msg@150p,15/02/2024,lwitm@gmail.com
ham,I only haf msn. It's yijue@hotmail.com,22/08/2024,abtub@gmail.com
ham,He is there. You call and meet him,11/10/2023,yuqbn@gmail.com
ham,No no. I will check all rooms befor activities,31/08/2023,agxif@gmail.com
spam,You'll not rcv any more msgs from the chat svc. For FREE Hardcore services text GO to: 69988 If u get nothing u must Age Verify with yr network & try again,14/02/2023,rzund@gmail.com
ham,Got c... I lazy to type... I forgot ü in lect... I saw a pouch but like not v nice...,29/02/2024,nbyry@gmail.com
ham,"K, text me when you're on the way",11/12/2023,pvoji@gmail.com
ham,"Sir, Waiting for your mail.",09/05/2023,raawi@gmail.com
ham,"A swt thought: ""Nver get tired of doing little things 4 lovable persons.."" Coz..somtimes those little things occupy d biggest part in their Hearts.. Gud ni8",08/05/2024,eahvu@gmail.com
ham,I know you are. Can you pls open the back?,12/08/2022,yieek@gmail.com
ham,Yes see ya not on the dot,29/08/2024,bjkzi@gmail.com
ham,Whats the staff name who is taking class for us?,24/01/2024,exfgi@gmail.com
spam,"FreeMsg Why haven't you replied to my text? I'm Randy, sexy, female and live local. Luv to hear from u. Netcollex Ltd 08700621170150p per msg reply Stop to end",03/07/2022,nqfgc@gmail.com
ham,Ummma.will call after check in.our life will begin from qatar so pls pray very hard.,17/04/2024,othtw@gmail.com
ham,K..i deleted my contact that why?,10/12/2023,wrrkj@gmail.com
ham,Sindu got job in birla soft ..,20/04/2024,ygcom@gmail.com
ham,The wine is flowing and i'm i have nevering..,14/04/2022,fscud@gmail.com
ham,Yup i thk cine is better cos no need 2 go down 2 plaza mah.,01/10/2022,xsvxf@gmail.com
ham,Ok... Ur typical reply...,14/01/2023,wgwet@gmail.com
ham,As per your request 'Melle Melle (Oru Minnaminunginte Nurungu Vettam)' has been set as your callertune for all Callers. Press *9 to copy your friends Callertune,29/04/2023,muoli@gmail.com
ham,"You are everywhere dirt, on the floor, the windows, even on my shirt. And sometimes when i open my mouth, you are all that comes flowing out. I dream of my world without you, then half my chores are out too. A time of joy for me, lots of tv shows i.ll see. But i guess like all things you just must exist, like rain, hail and mist, and when my time here is done, you and i become one.",26/12/2024,zluab@gmail.com
ham,Aaooooright are you at work?,12/04/2023,ylaul@gmail.com
ham,I'm leaving my house now...,17/01/2024,rzxak@gmail.com
ham,"Hello, my love. What are you doing? Did you get to that interview today? Are you you happy? Are you being a good boy? Do you think of me?Are you missing me ?",29/11/2024,cancx@gmail.com
spam,Customer service annoncement. You have a New Years delivery waiting for you. Please call 07046744435 now to arrange delivery,16/05/2022,zenqr@gmail.com
spam,You are a winner U have been specially selected 2 receive £1000 cash or a 4* holiday (flights inc) speak to a live operator 2 claim 0871277810810,27/01/2022,qoykz@gmail.com
ham,Keep yourself safe for me because I need you and I miss you already and I envy everyone that see's you in real life,12/04/2024,hxgwi@gmail.com
ham,New car and house for my parents.:)i have only new job in hand:),20/02/2023,rtnxx@gmail.com
ham,I'm so in love with you. I'm excited each day i spend with you. You make me so happy.,01/11/2023,dvnrn@gmail.com
spam,-PLS STOP bootydelious (32/F) is inviting you to be her friend. Reply YES-434 or NO-434 See her: www.SMS.ac/u/bootydelious STOP? Send STOP FRND to 62468,19/03/2022,ekemp@gmail.com
spam,"BangBabes Ur order is on the way. U SHOULD receive a Service Msg 2 download UR content. If U do not, GoTo wap. bangb. tv on UR mobile internet/service menu",15/05/2024,xsopn@gmail.com
ham,I place all ur points on e cultures module already.,09/12/2024,zbses@gmail.com
spam,URGENT! We are trying to contact you. Last weekends draw shows that you have won a £900 prize GUARANTEED. Call 09061701939. Claim code S89. Valid 12hrs only,07/11/2023,xeyzd@gmail.com
ham,"Hi frnd, which is best way to avoid missunderstding wit our beloved one's?",18/07/2023,okgtz@gmail.com
ham,Great escape. I fancy the bridge but needs her lager. See you tomo,24/12/2022,ijnwc@gmail.com
ham,Yes :)it completely in out of form:)clark also utter waste.,09/09/2024,hzvdc@gmail.com
ham,"Sir, I need AXIS BANK account no and bank address.",18/06/2022,kryfp@gmail.com
ham,"Hmmm.. Thk sure got time to hop ard... Ya, can go 4 free abt... Muz call u to discuss liao...",23/09/2024,ddtaj@gmail.com
ham,What time you coming down later?,30/03/2024,lxutj@gmail.com
ham,"Bloody hell, cant believe you forgot my surname Mr . Ill give u a clue, its spanish and begins with m...",25/02/2022,ccnro@gmail.com
ham,"Well, i'm gonna finish my bath now. Have a good...fine night.",07/02/2023,gbptb@gmail.com
ham,Let me know when you've got the money so carlos can make the call,07/05/2024,gapsr@gmail.com
ham,U still going to the mall?,06/05/2024,bchob@gmail.com
ham,"Turns out my friends are staying for the whole show and won't be back til ~ &lt;#&gt; , so feel free to go ahead and smoke that $ &lt;#&gt;  worth",18/02/2022,hrakl@gmail.com
ham,Text her. If she doesnt reply let me know so i can have her log in,18/11/2023,rxrne@gmail.com
ham,Hi! You just spoke to MANEESHA V. We'd like to know if you were satisfied with the experience. Reply Toll Free with Yes or No.,22/07/2023,ghbbf@gmail.com
ham,You lifted my hopes with the offer of money. I am in need. Especially when the end of the month approaches and it hurts my studying. Anyways have a gr8 weekend,04/08/2022,xzfte@gmail.com
ham,Lol no. U can trust me.,24/04/2024,aygjr@gmail.com
ham,ok. I am a gentleman and will treat you with dignity and respect.,17/08/2024,duuhd@gmail.com
ham,"He will, you guys close?",20/05/2023,mtngv@gmail.com
ham,Going on nothing great.bye,03/12/2022,zqjfw@gmail.com
ham,Hello handsome ! Are you finding that job ? Not being lazy ? Working towards getting back that net for mummy ? Where's my boytoy now ? Does he miss me ?,16/10/2022,kweam@gmail.com
ham,"Haha awesome, be there in a minute",28/05/2022,wrvqq@gmail.com
spam,Please call our customer service representative on FREEPHONE 0808 145 4742 between 9am-11pm as you have WON a guaranteed £1000 cash or £5000 prize!,25/11/2023,jumer@gmail.com
ham,Have you got Xmas radio times. If not i will get it now,15/11/2022,ijoyt@gmail.com
ham,I jus reached home. I go bathe first. But my sis using net tell u when she finishes k...,02/11/2023,ccnzl@gmail.com
spam,Are you unique enough? Find out from 30th August. www.areyouunique.co.uk,01/10/2023,zopks@gmail.com
ham,I'm sorry. I've joined the league of people that dont keep in touch. You mean a great deal to me. You have been a friend at all times even at great personal cost. Do have a great week.|,04/04/2022,asvwn@gmail.com
ham,Hi :)finally i completed the course:),09/07/2022,femap@gmail.com
ham,It will stop on itself. I however suggest she stays with someone that will be able to give ors for every stool.,06/02/2024,yuafm@gmail.com
ham,How are you doing? Hope you've settled in for the new school year. Just wishin you a gr8 day,26/02/2024,kldkf@gmail.com
ham,Gud mrng dear hav a nice day,18/04/2024,lxtyy@gmail.com
ham,Did u got that persons story,17/10/2022,dviwb@gmail.com
ham,is your hamster dead? Hey so tmr i meet you at 1pm orchard mrt?,03/11/2023,pvlsz@gmail.com
ham,Hi its Kate how is your evening? I hope i can see you tomorrow for a bit but i have to bloody babyjontet! Txt back if u can. :) xxx,01/05/2023,ocxup@gmail.com
ham,"Found it, ENC  &lt;#&gt; , where you at?",25/09/2022,psilf@gmail.com
ham,I sent you  &lt;#&gt;  bucks,25/01/2022,qjudu@gmail.com
ham,Hello darlin ive finished college now so txt me when u finish if u can love Kate xxx,25/12/2023,ekxdz@gmail.com
ham,Your account has been refilled successfully by INR  &lt;DECIMAL&gt; . Your KeralaCircle prepaid account balance is Rs  &lt;DECIMAL&gt; . Your Transaction ID is KR &lt;#&gt; .,12/10/2023,tskmv@gmail.com
ham,Goodmorning sleeping ga.,04/07/2022,bicml@gmail.com
ham,U call me alter at 11 ok.,14/07/2023,bedro@gmail.com
ham,Ü say until like dat i dun buy ericsson oso cannot oredi lar...,23/03/2024,ykxyt@gmail.com
ham,"As I entered my cabin my PA said, '' Happy B'day Boss !!''. I felt special. She askd me 4 lunch. After lunch she invited me to her apartment. We went there.",08/09/2024,gyeef@gmail.com
ham,"Aight yo, dats straight dogg",07/09/2022,jxuah@gmail.com
ham,You please give us connection today itself before  &lt;DECIMAL&gt;  or refund the bill,13/05/2022,dgjlr@gmail.com
ham,Both :) i shoot big loads so get ready!,22/07/2022,etrwv@gmail.com
ham,"What's up bruv, hope you had a great break. Do have a rewarding semester.",24/07/2024,abwhw@gmail.com
ham,Home so we can always chat,16/12/2023,xgyqm@gmail.com
ham,K:)k:)good:)study well.,05/10/2024,mengh@gmail.com
ham,Yup... How ü noe leh...,01/08/2023,youwk@gmail.com
ham,Sounds great! Are you home now?,15/12/2024,iqtpc@gmail.com
ham,Finally the match heading towards draw as your prediction.,02/08/2022,cnxxr@gmail.com
ham,Tired. I haven't slept well the past few nights.,06/06/2022,pobyc@gmail.com
ham,Easy ah?sen got selected means its good..,17/12/2023,rjiii@gmail.com
ham,I have to take exam with march 3,06/02/2023,oaiil@gmail.com
ham,Yeah you should. I think you can use your gt atm now to register. Not sure but if there's anyway i can help let me know. But when you do be sure you are ready.,29/05/2022,fsyuj@gmail.com
ham,Ok no prob. Take ur time.,18/03/2023,nuakg@gmail.com
ham,There is os called ubandu which will run without installing in hard disk...you can use that os to copy the important files in system and give it to repair shop..,08/08/2022,bupti@gmail.com
ham,"Sorry, I'll call later",21/10/2023,xhmxy@gmail.com
ham,U say leh... Of course nothing happen lar. Not say v romantic jus a bit only lor. I thk e nite scenery not so nice leh.,06/12/2022,rlpnp@gmail.com
spam,"500 New Mobiles from 2004, MUST GO! Txt: NOKIA to No: 89545 & collect yours today!From ONLY £1 www.4-tc.biz 2optout 087187262701.50gbp/mtmsg18",02/05/2024,iowvi@gmail.com
ham,Would really appreciate if you call me. Just need someone to talk to.,20/10/2022,dygzd@gmail.com
spam,"Will u meet ur dream partner soon? Is ur career off 2 a flyng start? 2 find out free, txt HORO followed by ur star sign, e. g. HORO ARIES",14/05/2022,anaql@gmail.com
ham,Hey company elama po mudyadhu.,22/08/2022,xybqm@gmail.com
ham,"Life is more strict than teacher... Bcoz Teacher teaches lesson &amp; then conducts exam, But Life first conducts Exam &amp; then teaches Lessons. Happy morning. . .",10/01/2024,myrju@gmail.com
ham,Dear good morning now only i am up,01/06/2022,guxvv@gmail.com
ham,Get down in gandhipuram and walk to cross cut road. Right side &lt;#&gt; street road and turn at first right.,28/10/2023,orthc@gmail.com
ham,Dear we are going to our rubber place,21/10/2024,qchlq@gmail.com
ham,"Sorry battery died, yeah I'm here",07/01/2024,wamte@gmail.com
ham,Yes:)here tv is always available in work place..,22/06/2022,iogad@gmail.com
spam,Text & meet someone sexy today. U can find a date or even flirt its up to U. Join 4 just 10p. REPLY with NAME & AGE eg Sam 25. 18 -msg recd@thirtyeight pence,17/04/2022,vfrjs@gmail.com
ham,I have printed it oh. So  &lt;#&gt;  come upstairs,26/12/2024,wekgy@gmail.com
ham,Or ill be a little closer like at the bus stop on the same street,27/08/2023,mtgfm@gmail.com
ham,Where are you?when wil you reach here?,22/10/2022,avwvk@gmail.com
ham,"New Theory: Argument wins d SITUATION, but loses the PERSON. So dont argue with ur friends just.. . . . kick them &amp; say, I'm always correct.!",26/09/2022,xncrs@gmail.com
spam,U 447801259231 have a secret admirer who is looking 2 make contact with U-find out who they R*reveal who thinks UR so special-call on 09058094597,02/01/2023,hkewb@gmail.com
ham,Tomarrow final hearing on my laptop case so i cant.,17/07/2022,gccbs@gmail.com
ham,PLEASSSSSSSEEEEEE TEL ME V AVENT DONE SPORTSx,13/06/2022,wpklx@gmail.com
ham,"Okay. No no, just shining on. That was meant to be signing, but that sounds better.",26/09/2024,hlzdw@gmail.com
ham,"Although i told u dat i'm into baig face watches now but i really like e watch u gave cos it's fr u. Thanx 4 everything dat u've done today, i'm touched...",10/04/2022,vhqdu@gmail.com
ham,U don't remember that old commercial?,27/01/2024,msyty@gmail.com
ham,Too late. I said i have the website. I didn't i have or dont have the slippers,10/04/2024,xbkvk@gmail.com
ham,I asked you to call him now ok,06/09/2022,sjnsf@gmail.com
ham,Kallis wont bat in 2nd innings.,01/04/2023,kmqsl@gmail.com
ham,It didnt work again oh. Ok goodnight then. I.ll fix and have it ready by the time you wake up. You are very dearly missed have a good night sleep.,30/08/2022,mcdxv@gmail.com
spam,Congratulations ur awarded 500 of CD vouchers or 125gift guaranteed & Free entry 2 100 wkly draw txt MUSIC to 87066 TnCs www.Ldew.com1win150ppmx3age16,24/11/2024,ljohi@gmail.com
ham,Ranjith cal drpd Deeraj and deepak 5min hold,14/07/2022,dsnrq@gmail.com
ham,"Wen ur lovable bcums angry wid u, dnt take it seriously.. Coz being angry is d most childish n true way of showing deep affection, care n luv!.. kettoda manda... Have nice day da.",07/11/2022,hwjpo@gmail.com
ham,What you doing?how are you?,02/10/2024,dkrhr@gmail.com
ham,"Ups which is 3days also, and the shipping company that takes 2wks. The other way is usps which takes a week but when it gets to lag you may have to bribe nipost to get your stuff.",02/05/2023,tyizu@gmail.com
ham,"I'm back, lemme know when you're ready",10/05/2024,qqfeq@gmail.com
ham,Don't necessarily expect it to be done before you get back though because I'm just now headin out,09/07/2022,bcakp@gmail.com
ham,Mmm so yummy babe ... Nice jolt to the suzy,08/08/2022,nggpg@gmail.com
ham,Where are you lover ? I need you ...,11/02/2023,yqwkj@gmail.com
spam,We tried to contact you re your reply to our offer of a Video Handset? 750 anytime networks mins? UNLIMITED TEXT? Camcorder? Reply or call 08000930705 NOW,08/03/2023,yedhk@gmail.com
ham,I‘m parked next to a MINI!!!! When are you coming in today do you think?,27/01/2023,kilnd@gmail.com
ham,Yup,05/04/2023,uoyei@gmail.com
ham,Anyway i'm going shopping on my own now. Cos my sis not done yet. Dun disturb u liao.,03/06/2023,erjox@gmail.com
ham,MY NO. IN LUTON 0125698789 RING ME IF UR AROUND! H*,01/10/2022,uxjhc@gmail.com
spam,Hey I am really horny want to chat or see me naked text hot to 69698 text charged at 150pm to unsubscribe text stop 69698,24/01/2023,zhrcy@gmail.com
ham,Why you Dint come with us.,13/02/2023,flljz@gmail.com
ham,Same. Wana plan a trip sometme then,09/02/2022,ubtyd@gmail.com
ham,"Not sure yet, still trying to get a hold of him",23/05/2022,acqgs@gmail.com
spam,Ur ringtone service has changed! 25 Free credits! Go to club4mobiles.com to choose content now! Stop? txt CLUB STOP to 87070. 150p/wk Club4 PO Box1146 MK45 2WT,23/04/2022,nnftq@gmail.com
ham,The evo. I just had to download flash. Jealous?,04/04/2023,vucvs@gmail.com
spam,Ringtone Club: Get the UK singles chart on your mobile each week and choose any top quality ringtone! This message is free of charge.,02/01/2023,ehlqa@gmail.com
ham,"Come to mu, we're sorting out our narcotics situation",01/04/2024,jgwbm@gmail.com
ham,"Night has ended for another day, morning has come in a special way. May you smile like the sunny rays and leaves your worries at the blue blue bay.",02/09/2024,efzqa@gmail.com
spam,HMV BONUS SPECIAL 500 pounds of genuine HMV vouchers to be won. Just answer 4 easy questions. Play Now! Send HMV to 86688 More info:www.100percent-real.com,24/02/2022,amuxu@gmail.com
ham,"Usf I guess, might as well take 1 car",21/04/2023,hayos@gmail.com
ham,No objection. My bf not coming.,24/09/2022,qgorz@gmail.com
ham,Thanx...,22/10/2024,domee@gmail.com
ham,Tell rob to mack his gf in the theater,24/09/2024,skpyg@gmail.com
ham,"Awesome, I'll see you in a bit",06/04/2022,slwpp@gmail.com
ham,Just sent it. So what type of food do you like?,10/07/2024,ndtus@gmail.com
ham,All done? All handed in? Celebrations in full swing yet?,28/09/2022,zynbm@gmail.com
ham,You got called a tool?,09/03/2023,tyxuh@gmail.com
ham,"Wen u miss someone, the person is definitely special for u..... But if the person is so special, why to miss them, just Keep-in-touch gdeve..",05/04/2023,pqvcv@gmail.com
ham,Ok. I asked for money how far,06/08/2024,siusj@gmail.com
ham,Okie...,13/12/2023,dappw@gmail.com
ham,"Yeah I think my usual guy's still passed out from last night, if you get ahold of anybody let me know and I'll throw down",03/11/2023,czivt@gmail.com
ham,"K, I might come by tonight then if my class lets out early",04/10/2024,fznhp@gmail.com
ham,Ok..,23/03/2024,uuvpu@gmail.com
ham,hi baby im cruisin with my girl friend what r u up 2? give me a call in and hour at home if thats alright or fone me on this fone now love jenny xxx,01/12/2022,owcld@gmail.com
ham,"My life Means a lot to me, Not because I love my life, But because I love the people in my life, The world calls them friends, I call them my World:-).. Ge:-)..",17/02/2022,rtyls@gmail.com
ham,"Dear,shall mail tonite.busy in the street,shall update you tonite.things are looking ok.varunnathu edukkukayee raksha ollu.but a good one in real sense.",20/10/2022,xijgn@gmail.com
ham,Hey you told your name to gautham ah?,18/03/2023,atpnq@gmail.com
ham,Haf u found him? I feel so stupid da v cam was working.,27/10/2023,gwhoh@gmail.com
ham,Oops. 4 got that bit.,29/08/2022,ezvmb@gmail.com
ham,Are you this much buzy,11/06/2023,nxbii@gmail.com
ham,I accidentally deleted the message. Resend please.,19/03/2024,etdmm@gmail.com
spam,T-Mobile customer you may now claim your FREE CAMERA PHONE upgrade & a pay & go sim card for your loyalty. Call on 0845 021 3680.Offer ends 28thFeb.T&C's apply,28/11/2023,bilyt@gmail.com
ham,Unless it's a situation where YOU GO GURL would be more appropriate,17/12/2023,wcabl@gmail.com
ham,Hurt me... Tease me... Make me cry... But in the end of my life when i die plz keep one rose on my grave and say STUPID I MISS U.. HAVE A NICE DAY BSLVYL,18/01/2023,qpvmw@gmail.com
ham,I cant pick the phone right now. Pls send a message,22/01/2024,nrdln@gmail.com
ham,Need a coffee run tomo?Can't believe it's that time of week already,26/05/2024,uxxko@gmail.com
ham,"Awesome, I remember the last time we got somebody high for the first time with diesel :V",16/11/2024,ielgz@gmail.com
ham,"Shit that is really shocking and scary, cant imagine for a second. Def up for night out. Do u think there is somewhere i could crash for night, save on taxi?",29/08/2022,nhuii@gmail.com
ham,Oh and by the way you do have more food in your fridge! Want to go out for a meal tonight?,29/08/2024,ebxlj@gmail.com
ham,He is a womdarfull actor,25/04/2024,vycrw@gmail.com
spam,"SMS. ac Blind Date 4U!: Rodds1 is 21/m from Aberdeen, United Kingdom. Check Him out http://img. sms. ac/W/icmb3cktz8r7!-4 no Blind Dates send HIDE",20/09/2024,vkdde@gmail.com
ham,Yup... From what i remb... I think should be can book...,12/09/2022,ltike@gmail.com
ham,Jos ask if u wana meet up?,23/08/2023,negme@gmail.com
ham,Lol yes. Our friendship is hanging on a thread cause u won't buy stuff.,09/07/2022,aptlv@gmail.com
spam,"TheMob> Check out our newest selection of content, Games, Tones, Gossip, babes and sport, Keep your mobile fit and funky text WAP to 82468",12/03/2023,qixvd@gmail.com
ham,Where are the garage keys? They aren't on the bookshelf,19/06/2023,szwll@gmail.com
ham,Today is ACCEPT DAY..U Accept me as? Brother Sister Lover Dear1 Best1 Clos1 Lvblefrnd Jstfrnd Cutefrnd Lifpartnr Belovd Swtheart Bstfrnd No rply means enemy,05/04/2024,lyncj@gmail.com
spam,"Think ur smart ? Win £200 this week in our weekly quiz, text PLAY to 85222 now!T&Cs WinnersClub PO BOX 84, M26 3UZ. 16+. GBP1.50/week",14/01/2024,lgtzc@gmail.com
ham,He says he'll give me a call when his friend's got the money but that he's definitely buying before the end of the week,13/09/2024,kyxvd@gmail.com
ham,"Hi the way I was with u 2day, is the normal way&this is the real me. UR unique&I hope I know u 4 the rest of mylife. Hope u find wot was lost.",10/12/2023,ikbin@gmail.com
ham,You made my day. Do have a great day too.,01/03/2022,pflva@gmail.com
ham,K.k:)advance happy pongal.,18/01/2024,vuzic@gmail.com
ham,"Hmmm... Guess we can go 4 kb n power yoga... Haha, dunno we can tahan power yoga anot... Thk got lo oso, forgot liao...",12/06/2024,hrkom@gmail.com
ham,"Not really dude, have no friends i'm afraid :(",21/12/2023,hotkk@gmail.com
spam,December only! Had your mobile 11mths+? You are entitled to update to the latest colour camera mobile for Free! Call The Mobile Update Co FREE on 08002986906,28/03/2024,odukl@gmail.com
ham,"Coffee cake, i guess...",11/06/2022,dpikt@gmail.com
ham,"Merry Christmas to you too babe, i love ya *kisses*",17/10/2022,eptng@gmail.com
ham,Hey... Why dont we just go watch x men and have lunch... Haha,22/06/2023,hbwtr@gmail.com
ham,cud u tell ppl im gona b a bit l8 cos 2 buses hav gon past cos they were full & im still waitin 4 1. Pete x,08/02/2022,lkcqy@gmail.com
ham,That would be great. We'll be at the Guild. Could meet on Bristol road or somewhere - will get in touch over weekend. Our plans take flight! Have a good week,17/07/2023,rzrls@gmail.com
ham,No problem. How are you doing?,18/09/2024,qjwxy@gmail.com
ham,No calls..messages..missed calls,15/10/2024,kwhqn@gmail.com
ham,Hi da:)how is the todays class?,31/07/2024,flerf@gmail.com
ham,"I'd say that's a good sign but, well, you know my track record at reading women",26/03/2022,hdjto@gmail.com
ham,"Cool, text me when you're parked",02/04/2022,iwbpr@gmail.com
ham,I'm reading the text i just sent you. Its meant to be a joke. So read it in that light,25/04/2024,wyfxu@gmail.com
ham,K.k:)apo k.good movie.,08/07/2023,pfawe@gmail.com
ham,Maybe i could get book out tomo then return it immediately ..? Or something.,01/10/2023,uvcpb@gmail.com
spam,Call Germany for only 1 pence per minute! Call from a fixed line via access number 0844 861 85 85. No prepayment. Direct access!,03/10/2024,dwrxf@gmail.com
ham,Any chance you might have had with me evaporated as soon as you violated my privacy by stealing my phone number from your employer's paperwork. Not cool at all. Please do not contact me again or I will report you to your supervisor.,18/03/2022,lfita@gmail.com
spam,Valentines Day Special! Win over £1000 in our quiz and take your partner on the trip of a lifetime! Send GO to 83600 now. 150p/msg rcvd. CustCare:08718720201.,29/01/2023,rshke@gmail.com
ham,"Ta-Daaaaa! I am home babe, are you still up ?",26/01/2023,aovjb@gmail.com
ham,Cool. So how come you havent been wined and dined before?,04/03/2023,ulfkp@gmail.com
ham,Just sleeping..and surfing,20/05/2022,wziko@gmail.com
ham,"Sorry, I'll call later",26/08/2022,obsgl@gmail.com
ham,U calling me right? Call my hand phone...,20/02/2022,kiojm@gmail.com
ham,Ok that's great thanx a lot.,09/01/2023,zkwwq@gmail.com
ham,I take it the post has come then! You must have 1000s of texts now! Happy reading. My one from wiv hello caroline at the end is my favourite. Bless him,26/08/2024,cstnt@gmail.com
ham,Where u been hiding stranger?,06/04/2022,ordvx@gmail.com
ham,Am not interested to do like that.,04/03/2022,uhlnm@gmail.com
ham,My sister cleared two round in birla soft yesterday.,07/04/2023,amhhi@gmail.com
ham,Gudnite....tc...practice going on,01/10/2024,jdlia@gmail.com
ham,Dis is yijue. I jus saw ur mail. In case huiming havent sent u my num. Dis is my num.,20/11/2024,yzzxy@gmail.com
ham,One small prestige problem now.,11/07/2023,signu@gmail.com
spam,Fancy a shag? I do.Interested? sextextuk.com txt XXUK SUZY to 69876. Txts cost 1.50 per msg. TnCs on website. X,16/09/2023,rjqfh@gmail.com
ham,Just checking in on you. Really do miss seeing Jeremiah. Do have a great month,05/05/2024,fimeo@gmail.com
ham,"Nah can't help you there, I've never had an iphone",21/04/2023,qdfgr@gmail.com
ham,If you're not in my car in an hour and a half I'm going apeshit,13/07/2023,ycxrc@gmail.com
ham,"TODAY is Sorry day.! If ever i was angry with you, if ever i misbehaved or hurt you? plz plz JUST SLAP URSELF Bcoz, Its ur fault, I'm basically GOOD",15/11/2024,vceud@gmail.com
ham,Yo you guys ever figure out how much we need for alcohol? Jay and I are trying to figure out how much we can safely spend on weed,13/05/2023,kznrz@gmail.com
ham,&lt;#&gt; ISH MINUTES WAS 5 MINUTES AGO. WTF.,15/06/2022,dqgei@gmail.com
ham,"Thank You for calling.Forgot to say Happy Onam to you Sirji.I am fine here and remembered you when i met an insurance person.Meet You in Qatar Insha Allah.Rakhesh, ex Tata AIG who joined TISSCO,Tayseer.",30/09/2024,edffp@gmail.com
spam,Congratulations ur awarded 500 of CD vouchers or 125gift guaranteed & Free entry 2 100 wkly draw txt MUSIC to 87066 TnCs www.Ldew.com1win150ppmx3age16,15/10/2023,ckava@gmail.com
spam,Ur cash-balance is currently 500 pounds - to maximize ur cash-in now send CASH to 86688 only 150p/msg. CC: 08708800282 HG/Suite342/2Lands Row/W1J6HL,08/10/2024,ouodt@gmail.com
ham,"I'm an actor. When i work, i work in the evening and sleep late. Since i'm unemployed at the moment, i ALWAYS sleep late. When you're unemployed, every day is saturday.",05/04/2022,fgrkm@gmail.com
ham,"Hello! Just got here, st andrews-boy its a long way! Its cold. I will keep you posted",09/07/2023,keafa@gmail.com
ham,Ha ha cool cool chikku chikku:-):-DB-),29/06/2024,navdy@gmail.com
ham,Oh ok no prob..,02/05/2024,bctxc@gmail.com
ham,Check audrey's status right now,16/06/2024,fbhpx@gmail.com
ham,Busy here. Trying to finish for new year. I am looking forward to finally meeting you...,22/12/2022,vkfkd@gmail.com
ham,"Good afternoon sunshine! How dawns that day ? Are we refreshed and happy to be alive? Do we breathe in the air and smile ? I think of you, my love ... As always",07/08/2022,jyytq@gmail.com
ham,Well i know Z will take care of me. So no worries.,14/11/2024,scxnv@gmail.com
spam,"Update_Now - Xmas Offer! Latest Motorola, SonyEricsson & Nokia & FREE Bluetooth! Double Mins & 1000 Txt on Orange. Call MobileUpd8 on 08000839402 or call2optout/F4Q=",06/11/2023,kguzf@gmail.com
spam,Here is your discount code RP176781. To stop further messages reply stop. www.regalportfolio.co.uk. Customer Services 08717205546,02/09/2024,tjare@gmail.com
ham,Wat uniform? In where get?,17/03/2023,eedqq@gmail.com
ham,"Cool, text me when you're ready",08/07/2022,xhraz@gmail.com
ham,"Hello my boytoy ... Geeee I miss you already and I just woke up. I wish you were here in bed with me, cuddling me. I love you ...",01/06/2022,lllxm@gmail.com
ham,I will spoil you in bed as well :),29/04/2022,bdewk@gmail.com
ham,I'm going for bath will msg you next  &lt;#&gt;  min..,09/04/2023,cctob@gmail.com
ham,I cant keep talking to people if am not sure i can pay them if they agree to price. So pls tell me what you want to really buy and how much you are willing to pay,12/01/2023,ayefo@gmail.com
spam,"Thanks for your Ringtone Order, Reference T91. You will be charged GBP 4 per week. You can unsubscribe at anytime by calling customer services on 09057039994",03/05/2024,ludzl@gmail.com
ham,Can you say what happen,26/06/2024,oaxfx@gmail.com
ham,You could have seen me..i did't recognise you Face.:),23/07/2024,rdflq@gmail.com
ham,Well there's not a lot of things happening in Lindsay on New years *sighs* Some bars in Ptbo and the blue heron has something going,25/06/2024,sspdk@gmail.com
ham,Keep my payasam there if rinu brings,15/06/2022,eerme@gmail.com
ham,I taught that Ranjith sir called me. So only i sms like that. Becaus hes verifying about project. Prabu told today so only pa dont mistake me..,15/04/2022,awxrr@gmail.com
ham,"I guess that's why you re worried. You must know that there's a way the body repairs itself. And i'm quite sure you shouldn't worry. We'll take it slow. First the tests, they will guide when your ovulation is then just relax. Nothing you've said is a reason to worry but i.ll keep on followin you up.",14/10/2022,oqipl@gmail.com
ham,"Yeah sure, give me a couple minutes to track down my wallet",13/04/2023,kujre@gmail.com
ham,Hey leave it. not a big deal:-) take care.,26/10/2024,rncyp@gmail.com
ham,Hey i will be late ah... Meet you at 945+,20/11/2022,ilocn@gmail.com
spam,"Double mins and txts 4 6months FREE Bluetooth on Orange. Available on Sony, Nokia Motorola phones. Call MobileUpd8 on 08000839402 or call2optout/N9DX",31/01/2024,upspw@gmail.com
ham,It took Mr owl 3 licks,12/11/2023,jpfam@gmail.com
ham,Customer place i will call you.,20/03/2023,dilxe@gmail.com
ham,Mm that time you dont like fun,24/02/2024,rtgoh@gmail.com
spam,4mths half price Orange line rental & latest camera phones 4 FREE. Had your phone 11mths ? Call MobilesDirect free on 08000938767 to update now! or2stoptxt,27/08/2023,obioj@gmail.com
ham,Yup having my lunch buffet now.. U eat already?,04/08/2022,puicp@gmail.com
ham,Huh so late... Fr dinner?,04/04/2022,lzwfq@gmail.com
ham,Hey so this sat are we going for the intro pilates only? Or the kickboxing too?,25/09/2023,svxyr@gmail.com
ham,Morning only i can ok.,17/07/2023,dffta@gmail.com
ham,Yes i think so. I am in office but my lap is in room i think thats on for the last few days. I didnt shut that down,28/03/2022,mlmve@gmail.com
ham,Pick you up bout 7.30ish? What time are  and that going?,18/02/2024,uegjk@gmail.com
ham,From here after The performance award is calculated every two month.not for current one month period..,25/04/2024,dcscq@gmail.com
ham,Was actually sleeping and still might when u call back. So a text is gr8. You rock sis. Will send u a text wen i wake.,19/12/2023,hofbw@gmail.com
ham,"You are always putting your business out there. You put pictures of your ass on facebook. You are one of the most open people i've ever met. Why would i think a picture of your room would hurt you, make you feel violated.",28/12/2022,mhwcm@gmail.com
ham,"Good evening Sir, Al Salam Wahleykkum.sharing a happy news.By the grace of God, i got an offer from Tayseer,TISSCO and i joined.Hope you are fine.Inshah Allah,meet you sometime.Rakhesh,visitor from India.",23/08/2022,vxsgc@gmail.com
ham,Hmmm...k...but i want to change the field quickly da:-)i wanna get system administrator or network administrator..,20/01/2023,pmtyj@gmail.com
spam,"FREE RINGTONE text FIRST to 87131 for a poly or text GET to 87131 for a true tone! Help? 0845 2814032 16 after 1st free, tones are 3x£150pw to e£nd txt stop",10/09/2022,poegh@gmail.com
ham,Dear how is chechi. Did you talk to her,17/04/2023,bvbzk@gmail.com
ham,The hair cream has not been shipped.,31/12/2022,laihc@gmail.com
ham,None of that's happening til you get here though,03/06/2022,ccocv@gmail.com
ham,"Yep, the great loxahatchee xmas tree burning of  &lt;#&gt;  starts in an hour",18/08/2022,cnvwk@gmail.com
ham,"Haha get used to driving to usf man, I know a lot of stoners",23/06/2023,vctst@gmail.com
ham,All was well until slightly disastrous class this pm with my fav darlings! Hope day off ok. Coffee wld be good as can't stay late tomorrow. Same time + place as always?,02/08/2023,bsgia@gmail.com
ham,Hello! Good week? Fancy a drink or something later?,11/01/2022,pddxh@gmail.com
ham,Headin towards busetop,02/03/2023,ixscg@gmail.com
ham,Message:some text missing* Sender:Name Missing* *Number Missing *Sent:Date missing *Missing U a lot thats y everything is missing sent via fullonsms.com,25/09/2024,wfhlb@gmail.com
ham,Come by our room at some point so we can iron out the plan for this weekend,26/03/2024,qrpsp@gmail.com
ham,Cos i want it to be your thing,04/12/2022,dxuym@gmail.com
ham,"Okies... I'll go yan jiu too... We can skip ard oso, go cine den go mrt one, blah blah blah...",16/05/2024,bwgqm@gmail.com
ham,Bring home some Wendy =D,28/02/2023,excxe@gmail.com
spam,100 dating service cal;l 09064012103 box334sk38ch,28/05/2023,lqdzv@gmail.com
ham,Whatsup there. Dont u want to sleep,14/11/2023,eenxq@gmail.com
ham,Alright i have a new goal now,29/10/2024,eyide@gmail.com
spam,FREE entry into our £250 weekly competition just text the word WIN to 80086 NOW. 18 T&C www.txttowin.co.uk,08/06/2022,bmbre@gmail.com
ham,"Alright, I'll head out in a few minutes, text me where to meet you",05/04/2024,zqqwi@gmail.com
spam,Send a logo 2 ur lover - 2 names joined by a heart. Txt LOVE NAME1 NAME2 MOBNO eg LOVE ADAM EVE 07123456789 to 87077 Yahoo! POBox36504W45WQ TxtNO 4 no ads 150p,30/01/2023,ucuvc@gmail.com
ham,Yes:)from last week itself i'm taking live call.,13/06/2022,kwhyn@gmail.com
spam,Someone has contacted our dating service and entered your phone because they fancy you! To find out who it is call from a landline 09111032124 . PoBox12n146tf150p,25/09/2023,ffzib@gmail.com
ham,Siva is in hostel aha:-.,17/05/2024,qlhfh@gmail.com
spam,URGENT! Your Mobile number has been awarded with a £2000 prize GUARANTEED. Call 09058094455 from land line. Claim 3030. Valid 12hrs only,09/05/2022,trwgo@gmail.com
ham,Send this to ur friends and receive something about ur voice..... How is my speaking expression? 1.childish 2.naughty 3.Sentiment 4.rowdy 5.ful of attitude 6.romantic 7.shy 8.Attractive 9.funny  &lt;#&gt; .irritating  &lt;#&gt; .lovable. reply me..,21/04/2024,nagqh@gmail.com
ham,Ok. She'll be ok. I guess,25/02/2022,npion@gmail.com
ham,aathi..where are you dear..,31/03/2023,ucjkh@gmail.com
ham,Any pain on urination any thing else?,07/06/2023,jzcig@gmail.com
ham,7 at esplanade.. Do ü mind giving me a lift cos i got no car today..,01/08/2022,pslpg@gmail.com
ham,I wnt to buy a BMW car urgently..its vry urgent.but hv a shortage of  &lt;#&gt; Lacs.there is no source to arng dis amt. &lt;#&gt; lacs..thats my prob,29/09/2022,veywc@gmail.com
ham,At home watching tv lor.,29/05/2024,hatje@gmail.com
ham,Does she usually take fifteen fucking minutes to respond to a yes or no question,30/04/2022,dlxys@gmail.com
spam,Congrats! Nokia 3650 video camera phone is your Call 09066382422 Calls cost 150ppm Ave call 3mins vary from mobiles 16+ Close 300603 post BCM4284 Ldn WC1N3XX,18/10/2022,hqyuk@gmail.com
ham,Booked ticket for pongal?,04/10/2022,njoir@gmail.com
ham,You available now? I'm like right around hillsborough &amp;  &lt;#&gt; th,29/07/2022,rewdb@gmail.com
ham,The message sent is askin for  &lt;#&gt; dollars. Shoul i pay  &lt;#&gt;  or  &lt;#&gt; ?,21/07/2023,yweqb@gmail.com
ham,"Ask g or iouri, I've told the story like ten times already",13/02/2022,zquqj@gmail.com
ham,How long does applebees fucking take,22/08/2023,voxpg@gmail.com
ham,"Hi hope u get this txt~journey hasnt been gd,now about 50 mins late I think.",09/06/2024,dgucx@gmail.com
ham,But i have to. I like to have love and arrange.,05/03/2023,uctil@gmail.com
ham,Yes..he is really great..bhaji told kallis best cricketer after sachin in world:).very tough to get out.,14/10/2024,csqnc@gmail.com
ham,You were supposed to wake ME up &gt;:(,03/09/2024,nyayl@gmail.com
ham,Oic... I saw him too but i tot he din c me... I found a group liao...,05/02/2024,qbmoo@gmail.com
ham,"Sorry, I'll call later",17/06/2022,rppba@gmail.com
ham,"HEY HEY WERETHE MONKEESPEOPLE SAY WE MONKEYAROUND! HOWDY GORGEOUS, HOWU DOIN? FOUNDURSELF A JOBYET SAUSAGE?LOVE JEN XXX",18/07/2022,ogohu@gmail.com
ham,"Sorry, my battery died, I can come by but I'm only getting a gram for now, where's your place?",07/03/2022,mjphv@gmail.com
ham,"Well done, blimey, exercise, yeah, i kinda remember wot that is, hmm.",30/09/2023,jgirv@gmail.com
ham,I wont get concentration dear you know you are my mind and everything :-),10/01/2023,aspjv@gmail.com
ham,LOL ... Have you made plans for new years?,29/09/2022,zgztd@gmail.com
ham,10 min later k...,13/01/2024,clemf@gmail.com
ham,hanks lotsly!,07/12/2022,xxbqb@gmail.com
ham,Thanks for this hope you had a good day today,11/07/2024,uxbmn@gmail.com
ham,K:)k:)what are detail you want to transfer?acc no enough?,04/08/2024,gdrak@gmail.com
ham,Ok i will tell her to stay out. Yeah its been tough but we are optimistic things will improve this month.,08/04/2022,ruass@gmail.com
spam,"Loan for any purpose £500 - £75,000. Homeowners + Tenants welcome. Have you been previously refused? We can still help. Call Free 0800 1956669 or text back 'help'",22/12/2022,kfvea@gmail.com
ham,Si si. I think ill go make those oreo truffles.,27/11/2022,bwztw@gmail.com
ham,"LOOK AT AMY URE A BEAUTIFUL, INTELLIGENT WOMAN AND I LIKE U A LOT. I KNOW U DONT LIKE ME LIKE THAT SO DONT WORRY.",13/07/2024,qeqbh@gmail.com
ham,I hope you that's the result of being consistently intelligent and kind. Start asking him about practicum links and keep your ears open and all the best. ttyl,11/06/2023,lqdbr@gmail.com
ham,"1.20 that call cost. Which i guess isnt bad. Miss ya, need ya, want ya, love ya",01/09/2022,uwcgf@gmail.com
ham,Going thru a very different feeling.wavering decisions and coping up with the same is the same individual.time will heal everything i believe.,31/01/2022,ytdoq@gmail.com
ham,Where did u go? My phone is gonna die you have to stay in here,09/03/2022,hhbid@gmail.com
ham,Great. Never been better. Each day gives even more reasons to thank God,25/10/2023,rzpjr@gmail.com
spam,"UpgrdCentre Orange customer, you may now claim your FREE CAMERA PHONE upgrade for your loyalty. Call now on 0207 153 9153. Offer ends 26th July. T&C's apply. Opt-out available",12/01/2023,aieco@gmail.com
ham,"Sorry, I'll call later ok bye",12/04/2023,nauvp@gmail.com
ham,Ok i am on the way to railway,11/12/2024,nqjcm@gmail.com
ham,great princess! I love giving and receiving oral. Doggy style is my fave position. How about you? I enjoy making love  &lt;#&gt;  times per night :),28/12/2022,ckkqv@gmail.com
ham,They don't put that stuff on the roads to keep it from getting slippery over there?,10/09/2023,qpgfw@gmail.com
ham,When are you going to ride your bike?,31/08/2024,jjsva@gmail.com
ham,"Yup, no need. I'll jus wait 4 e rain 2 stop.",24/03/2024,khsog@gmail.com
ham,There are many company. Tell me the language.,05/09/2024,myjzj@gmail.com
spam,okmail: Dear Dave this is your final notice to collect your 4* Tenerife Holiday or #5000 CASH award! Call 09061743806 from landline. TCs SAE Box326 CW25WX 150ppm,18/11/2024,xdcma@gmail.com
ham,"How long has it been since you screamed, princess?",08/02/2024,cawnk@gmail.com
ham,"Nothing. I meant that once the money enters your account here, the bank will remove its flat rate. Someone transfered  &lt;#&gt;  to my account and  &lt;#&gt; dollars got removed. So the banks differ and charges also differ.be sure you trust the 9ja person you are sending account details to cos...",23/06/2023,ualgf@gmail.com
spam,Want 2 get laid tonight? Want real Dogging locations sent direct 2 ur Mob? Join the UK's largest Dogging Network by txting MOAN to 69888Nyt. ec2a. 31p.msg@150p,15/01/2022,moqhn@gmail.com
ham,Nice line said by a broken heart- Plz don't cum 1 more times infront of me... Other wise once again I ll trust U... Good 9t:),10/08/2024,rhcbj@gmail.com
ham,Ok I'm gonna head up to usf in like fifteen minutes,13/08/2023,ffvou@gmail.com
ham,Love you aathi..love u lot..,15/04/2022,rwqev@gmail.com
ham,Tension ah?what machi?any problem?,15/12/2024,ofoet@gmail.com
ham,"K, can I pick up another 8th when you're done?",27/07/2022,tjpcm@gmail.com
ham,When're you guys getting back? G said you were thinking about not staying for mcr,14/03/2022,esbux@gmail.com
ham,"Almost there, see u in a sec",24/07/2023,ipiaf@gmail.com
ham,"Yo carlos, a few friends are already asking me about you, you working at all this weekend?",25/11/2023,vufmg@gmail.com
ham,Watching tv lor...,14/04/2022,padlw@gmail.com
ham,Thank you baby! I cant wait to taste the real thing...,02/12/2024,lnihc@gmail.com
ham,You should change your fb to jaykwon thuglyfe falconerf,21/01/2022,wzxnl@gmail.com
ham,If we win its really no 1 side for long time.,17/03/2023,etmlh@gmail.com
spam,"FREE MESSAGE Activate your 500 FREE Text Messages by replying to this message with the word FREE For terms & conditions, visit www.07781482378.com",03/01/2022,tzsvr@gmail.com
ham,Dear reached railway. What happen to you,02/11/2022,pbgql@gmail.com
ham,"Depends on quality. If you want the type i sent boye, faded glory, then about 6. If you want ralphs maybe 2",11/12/2023,auigz@gmail.com
ham,I think i've fixed it can you send a test message?,09/02/2024,volwd@gmail.com
ham,"Sorry man my account's dry or I would, if you want we could trade back half or I could buy some shit with my credit card",28/01/2024,uoetc@gmail.com
spam,"Congrats! 1 year special cinema pass for 2 is yours. call 09061209465 now! C Suprman V, Matrix3, StarWars3, etc all 4 FREE! bx420-ip4-5we. 150pm. Dont miss out!",26/11/2022,hxubd@gmail.com
ham,"Sorry,in meeting I'll call later",18/03/2022,jxnif@gmail.com
ham,What class of  &lt;#&gt;  reunion?,11/02/2023,qmqgo@gmail.com
ham,Are you free now?can i call now?,08/06/2024,diwvm@gmail.com
ham,Got meh... When?,11/02/2023,ftihd@gmail.com
ham,Nope... Think i will go for it on monday... Sorry i replied so late,16/02/2024,vndtk@gmail.com
ham,Some of them told accenture is not confirm. Is it true.,20/09/2024,hbmut@gmail.com
ham,"Kate jackson rec center before 7ish, right?",11/05/2024,jnvdk@gmail.com
ham,Dear i have reache room,10/12/2022,znbap@gmail.com
ham,"Fighting with the world is easy, u either win or lose bt fightng with some1 who is close to u is dificult if u lose - u lose if u win - u still lose.",07/12/2024,pmeeu@gmail.com
ham,When can ü come out?,10/03/2024,oazkg@gmail.com
ham,Check with nuerologist.,06/12/2023,uthqr@gmail.com
ham,Lolnice. I went from a fish to ..water.?,28/04/2022,cbrbs@gmail.com
spam,#ERROR!,25/05/2024,lvget@gmail.com
ham,No it's waiting in e car dat's bored wat. Cos wait outside got nothing 2 do. At home can do my stuff or watch tv wat.,21/07/2023,gfbbm@gmail.com
ham,"Maybe westshore or hyde park village, the place near my house?",11/10/2023,bekfi@gmail.com
ham,You should know now. So how's anthony. Are you bringing money. I've school fees to pay and rent and stuff like that. Thats why i need your help. A friend in need....|,02/09/2022,zyehr@gmail.com
ham,What's the significance?,08/08/2023,shyrr@gmail.com
ham,Your opinion about me? 1. Over 2. Jada 3. Kusruthi 4. Lovable 5. Silent 6. Spl character 7. Not matured 8. Stylish 9. Simple Pls reply..,31/08/2024,oohnw@gmail.com
ham,"8 at the latest, g's still there if you can scrounge up some ammo and want to give the new ak a try",05/08/2024,mrykn@gmail.com
ham,Prabha..i'm soryda..realy..frm heart i'm sory,29/03/2024,zxcwi@gmail.com
ham,Lol ok your forgiven :),17/05/2023,fefvb@gmail.com
ham,No..jst change tat only..,18/11/2024,prkzj@gmail.com
spam,"You are guaranteed the latest Nokia Phone, a 40GB iPod MP3 player or a £500 prize! Txt word: COLLECT to No: 83355! IBHltd LdnW15H 150p/Mtmsgrcvd18+",23/01/2024,jfqed@gmail.com
ham,S:)no competition for him.,31/05/2023,kvmtp@gmail.com
spam,Boltblue tones for 150p Reply POLY# or MONO# eg POLY3 1. Cha Cha Slide 2. Yeah 3. Slow Jamz 6. Toxic 8. Come With Me or STOP 4 more tones txt MORE,01/02/2024,pzpbt@gmail.com
spam,Your credits have been topped up for http://www.bubbletext.com Your renewal Pin is tgxxrz,02/07/2023,fvkig@gmail.com
ham,"That way transport is less problematic than on sat night. By the way, if u want to ask  n  to join my bday, feel free. But need to know definite nos as booking on fri.",13/09/2024,hdomd@gmail.com
ham,Usually the person is unconscious that's in children but in adults they may just behave abnormally. I.ll call you now,15/09/2023,gsfln@gmail.com
ham,But that's on ebay it might be less elsewhere.,29/11/2024,ibrvj@gmail.com
ham,Shall i come to get pickle,24/01/2022,icxvu@gmail.com
ham,Were gonna go get some tacos,18/11/2024,pixzj@gmail.com
ham,"That's very rude, you on campus?",09/12/2024,mpgjs@gmail.com
spam,"URGENT!: Your Mobile No. was awarded a £2,000 Bonus Caller Prize on 02/09/03! This is our 2nd attempt to contact YOU! Call 0871-872-9755 BOX95QU",30/01/2023,zzkoj@gmail.com
ham,Hi i won't b ard 4 christmas. But do enjoy n merry x'mas.,08/12/2022,byxbj@gmail.com
spam,"Today's Offer! Claim ur £150 worth of discount vouchers! Text YES to 85023 now! SavaMob, member offers mobile! T Cs 08717898035. £3.00 Sub. 16 . Unsub reply X",16/05/2022,ozknp@gmail.com
ham,Yes! How is a pretty lady like you single?,14/07/2024,rpmae@gmail.com
spam,You will recieve your tone within the next 24hrs. For Terms and conditions please see Channel U Teletext Pg 750,18/08/2022,tmrjw@gmail.com
ham,Jay says that you're a double-faggot,02/11/2023,xdugm@gmail.com
spam,PRIVATE! Your 2003 Account Statement for 07815296484 shows 800 un-redeemed S.I.M. points. Call 08718738001 Identifier Code 41782 Expires 18/11/04,19/06/2023,dyups@gmail.com
ham,What Today-sunday..sunday is holiday..so no work..,30/09/2023,qrubn@gmail.com
ham,Gudnite....tc...practice going on,28/02/2022,uyohn@gmail.com
ham,I'll be late...,31/08/2024,zszir@gmail.com
ham,"I've not called you in a while. This is hoping it was l8r malaria and that you know that we miss you guys. I miss Bani big, so pls give her my love especially. Have a great day.",20/05/2022,vnuvi@gmail.com
ham,"Good afternoon, my love! How goes that day ? I hope maybe you got some leads on a job. I think of you, boytoy and send you a passionate kiss from across the sea",26/06/2022,zaghj@gmail.com
ham,"Probably gonna be here for a while, see you later tonight &lt;)",14/11/2022,oeuop@gmail.com
ham,Or maybe my fat fingers just press all these buttons and it doesn't know what to do.,13/03/2022,kugny@gmail.com
ham,Ummmmmaah Many many happy returns of d day my dear sweet heart.. HAPPY BIRTHDAY dear,03/05/2024,nvksz@gmail.com
ham,"I am in tirupur da, once you started from office call me.",30/08/2024,hifya@gmail.com
spam,from www.Applausestore.com MonthlySubscription@50p/msg max6/month T&CsC web age16 2stop txt stop,27/07/2022,miryj@gmail.com
ham,"A famous quote : when you develop the ability to listen to 'anything' unconditionally without losing your temper or self confidence, it means you are ......... 'MARRIED'",22/08/2024,ocjih@gmail.com
ham,But am going to college pa. What to do. are else ill come there it self. Pa.,21/12/2024,sqnyr@gmail.com
ham,4 oclock at mine. Just to bash out a flat plan.,05/07/2022,ckcsm@gmail.com
ham,This girl does not stay in bed. This girl doesn't need recovery time. Id rather pass out while having fun then be cooped up in bed,23/08/2022,zrqmy@gmail.com
ham,Then any special there?,09/10/2024,zsjww@gmail.com
ham,I know but you need to get hotel now. I just got my invitation but i had to apologise. Cali is to sweet for me to come to some english bloke's weddin,17/03/2023,cfbqq@gmail.com
ham,"Sorry that took so long, omw now",08/10/2022,zuymp@gmail.com
ham,Wait  &lt;#&gt;  min..,06/08/2022,nksut@gmail.com
ham,Ok give me 5 minutes I think I see her. BTW you're my alibi. You were cutting my hair the whole time.,27/06/2023,xyvyd@gmail.com
ham,"Imagine you finally get to sink into that bath after I have put you through your paces, maybe even having you eat me for a while before I left ... But also imagine the feel of that cage on your cock surrounded by the bath water, reminding you always who owns you ... Enjoy, my cuck",25/01/2024,xvxld@gmail.com
ham,"Hurry up, I've been weed-deficient for like three days",03/09/2022,kokwp@gmail.com
ham,"Sure, if I get an acknowledgement from you that it's astoundingly tactless and generally faggy to demand a blood oath fo",23/01/2022,ygcnh@gmail.com
ham,Ok. Every night take a warm bath drink a cup of milk and you'll see a work of magic. You still need to loose weight. Just so that you know,02/04/2023,ttypk@gmail.com
ham,I‘ll have a look at the frying pan in case it‘s cheap or a book perhaps. No that‘s silly a frying pan isn‘t likely to be a book,30/05/2024,hgytm@gmail.com
ham,O. Well uv causes mutations. Sunscreen is like essential thesedays,18/05/2024,srwjn@gmail.com
ham,Having lunch:)you are not in online?why?,21/10/2022,hjoii@gmail.com
ham,I know that my friend already told that.,18/11/2023,vmpok@gmail.com
ham,Hi Princess! Thank you for the pics. You are very pretty. How are you?,21/06/2023,ulktb@gmail.com
ham,"Aiyo... U always c our ex one... I dunno abt mei, she haven reply... First time u reply so fast... Y so lucky not workin huh, got bao by ur sugardad ah...gee..",04/10/2023,mnuoh@gmail.com
ham,Hi msg me:)i'm in office..,16/01/2022,nyuwh@gmail.com
ham,Thanx 4 e brownie it's v nice...,09/05/2024,khsbu@gmail.com
ham,Geeeee ... I love you so much I can barely stand it,21/04/2024,qggpm@gmail.com
spam,GENT! We are trying to contact you. Last weekends draw shows that you won a £1000 prize GUARANTEED. Call 09064012160. Claim Code K52. Valid 12hrs only. 150ppm,17/11/2023,whtyj@gmail.com
ham,"Fuck babe ... I miss you already, you know ? Can't you let me send you some money towards your net ? I need you ... I want you ... I crave you ...",18/10/2023,ggqcv@gmail.com
ham,"Ill call u 2mrw at ninish, with my address that icky American freek wont stop callin me 2 bad Jen k eh?",03/11/2022,cdhqh@gmail.com
ham,Oooh bed ridden ey? What are YOU thinking of?,26/08/2024,pmndc@gmail.com
ham,"So anyways, you can just go to your gym or whatever, my love *smiles* I hope your ok and having a good day babe ... I miss you so much already",20/05/2024,haotj@gmail.com
ham,Love it! Daddy will make you scream with pleasure! I am going to slap your ass with my dick!,03/02/2022,funsi@gmail.com
ham,WOT U WANNA DO THEN MISSY?,11/12/2023,fryom@gmail.com
ham,Yar lor wait 4 my mum 2 finish sch then have lunch lor... I whole morning stay at home clean my room now my room quite clean... Hee...,09/03/2024,ugzmp@gmail.com
ham,Do you know where my lab goggles went,27/03/2024,ypwhj@gmail.com
ham,Can you open the door?,04/05/2024,jfurw@gmail.com
ham,Waiting for your call.,02/09/2022,pwgfh@gmail.com
ham,Nope i waiting in sch 4 daddy...,10/10/2024,myiqh@gmail.com
spam,"You have won ?1,000 cash or a ?2,000 prize! To claim, call09050000327",12/03/2022,hqizm@gmail.com
ham,"I'm tired of arguing with you about this week after week. Do what you want and from now on, i'll do the same.",25/12/2022,gcrdh@gmail.com
ham,Ü wait 4 me in sch i finish ard 5..,30/04/2022,rcwax@gmail.com
spam,"our mobile number has won £5000, to claim calls us back or ring the claims hot line on 09050005321.",06/04/2022,jpbvg@gmail.com
ham,"Arngd marriage is while u r walkin unfortuntly a snake bites u. bt love marriage is dancing in frnt of d snake &amp; sayin Bite me, bite me.",02/01/2023,ptwwh@gmail.com
ham,Huh so early.. Then ü having dinner outside izzit?,04/08/2022,topah@gmail.com
ham,Ok anyway no need to change with what you said,19/12/2022,ojxjm@gmail.com
spam,We tried to contact you re your reply to our offer of 750 mins 150 textand a new video phone call 08002988890 now or reply for free delivery tomorrow,24/03/2024,krchv@gmail.com
ham,my ex-wife was not able to have kids. Do you want kids one day?,16/11/2024,aqkxg@gmail.com
ham,So how's scotland. Hope you are not over showing your JJC tendencies. Take care. Live the dream,09/03/2022,vghst@gmail.com
ham,Tell them u have a headache and just want to use 1 hour of sick time.,11/09/2022,pwbug@gmail.com
ham,"I dun thk i'll quit yet... Hmmm, can go jazz ? Yogasana oso can... We can go meet em after our lessons den...",07/09/2022,qnotk@gmail.com
ham,Pete can you please ring meive hardly gotany credit,29/04/2023,xqpwr@gmail.com
ham,Ya srsly better than yi tho,12/06/2022,axbjs@gmail.com
ham,"I'm in a meeting, call me later at",13/04/2024,xkifc@gmail.com
spam,"For ur chance to win a £250 wkly shopping spree TXT: SHOP to 80878. T's&C's www.txt-2-shop.com custcare 08715705022, 1x150p/wk",24/07/2023,eaqna@gmail.com
spam,You have been specially selected to receive a 2000 pound award! Call 08712402050 BEFORE the lines close. Cost 10ppm. 16+. T&Cs apply. AG Promo,06/09/2022,exjrn@gmail.com
spam,PRIVATE! Your 2003 Account Statement for 07753741225 shows 800 un-redeemed S. I. M. points. Call 08715203677 Identifier Code: 42478 Expires 24/10/04,30/11/2024,qdysi@gmail.com
ham,You still at grand prix?,29/08/2023,bicoe@gmail.com
ham,"I met you as a stranger and choose you as my friend. As long as the world stands, our friendship never ends. Lets be Friends forever!!! Gud nitz...",27/03/2023,xvlvh@gmail.com
ham,I am great! How are you?,11/01/2022,nskbd@gmail.com
ham,Gud mrng dear have a nice day,07/07/2024,dwzoz@gmail.com
spam,You have an important customer service announcement. Call FREEPHONE 0800 542 0825 now!,28/02/2024,fexpk@gmail.com
ham,Will do. Was exhausted on train this morning. Too much wine and pie. You sleep well too,23/07/2024,urrdv@gmail.com
ham,I'm going out to buy mum's present ar.,12/03/2023,hspdx@gmail.com
ham,Mind blastin.. No more Tsunamis will occur from now on.. Rajnikant stopped swimming in Indian Ocean..:-D,18/02/2023,rwshe@gmail.com
ham,If u sending her home first it's ok lor. I'm not ready yet.,18/10/2024,msryp@gmail.com
ham,Speaking of does he have any cash yet?,14/12/2024,qpvss@gmail.com
ham,Be happy there. I will come after noon,11/04/2023,rqylx@gmail.com
ham,Meet after lunch la...,28/03/2024,njyhe@gmail.com
ham,TaKe CaRE n gET WeLL sOOn,11/07/2022,hywgb@gmail.com
spam,XCLUSIVE@CLUBSAISAI 2MOROW 28/5 SOIREE SPECIALE ZOUK WITH NICHOLS FROM PARIS.FREE ROSES 2 ALL LADIES !!! info: 07946746291/07880867867,31/07/2024,leyzj@gmail.com
ham,what I meant to say is cant wait to see u again getting bored of this bridgwater banter,15/04/2022,kvmhk@gmail.com
ham,Neva mind it's ok..,14/07/2022,gqtwo@gmail.com
ham,"It's fine, imma get a drink or somethin. Want me to come find you?",27/01/2024,flzog@gmail.com
spam,22 days to kick off! For Euro2004 U will be kept up to date with the latest news and results daily. To be removed send GET TXT STOP to 83222,18/08/2024,ngfid@gmail.com
ham,Its a valentine game. . . Send dis msg to all ur friends. .. If 5 answers r d same then someone really loves u. Ques- which colour suits me the best?rply me,05/02/2022,nauua@gmail.com
ham,I have many dependents,20/12/2023,hcepv@gmail.com
ham,THANX4 TODAY CER IT WAS NICE 2 CATCH UP BUT WE AVE 2 FIND MORE TIME MORE OFTEN OH WELL TAKE CARE C U SOON.C,28/01/2022,ncepa@gmail.com
ham,I called and said all to him:)then he have to choose this future.,12/11/2024,yvxyx@gmail.com
ham,Happy valentines day I know its early but i have hundreds of handsomes and beauties to wish. So i thought to finish off aunties and uncles 1st...,28/12/2022,isssw@gmail.com
ham,He like not v shock leh. Cos telling shuhui is like telling leona also. Like dat almost all know liao. He got ask me abt ur reaction lor.,01/12/2022,rucky@gmail.com
ham,For my family happiness..,21/01/2023,gtqcj@gmail.com
ham,I come n pick ü up... Come out immediately aft ur lesson...,22/03/2023,awnhl@gmail.com
ham,Let there be snow. Let there be snow. This kind of weather brings ppl together so friendships can grow.,27/06/2022,gywzo@gmail.com
ham,Dear we got  &lt;#&gt;  dollars hi hi,25/10/2022,nowhj@gmail.com
ham,Good words.... But words may leave u in dismay many times.,18/09/2022,jaynj@gmail.com
ham,MAKE SURE ALEX KNOWS HIS BIRTHDAY IS OVER IN FIFTEEN MINUTES AS FAR AS YOU'RE CONCERNED,07/03/2022,rkurd@gmail.com
ham,"sorry, no, have got few things to do. may be in pub later.",23/07/2022,ijogm@gmail.com
ham,"Nah it's straight, if you can just bring bud or drinks or something that's actually a little more useful than straight cash",19/10/2022,iruqq@gmail.com
ham,"Haha good to hear, I'm officially paid and on the market for an 8th",30/12/2023,datmm@gmail.com
ham,How many licks does it take to get to the center of a tootsie pop?,05/03/2022,keisv@gmail.com
ham,Yup i thk they r e teacher said that will make my face look longer. Darren ask me not 2 cut too short.,21/11/2022,qcbkq@gmail.com
spam,New TEXTBUDDY Chat 2 horny guys in ur area 4 just 25p Free 2 receive Search postcode or at gaytextbuddy.com. TXT ONE name to 89693,28/06/2023,itduz@gmail.com
spam,Todays Vodafone numbers ending with 4882 are selected to a receive a £350 award. If your number matches call 09064019014 to receive your £350 award.,02/02/2022,yafbc@gmail.com
ham,Please dont say like that. Hi hi hi,26/10/2024,avfim@gmail.com
ham,Thank u!,25/08/2024,yffti@gmail.com
ham,Oh that was a forwarded message. I thought you send that to me,16/04/2023,fxgqi@gmail.com
ham,Got it. Seventeen pounds for seven hundred ml – hope ok.,30/08/2022,zlpsz@gmail.com
spam,"Dear Voucher Holder, 2 claim this weeks offer, at your PC go to http://www.e-tlp.co.uk/expressoffer Ts&Cs apply.2 stop texts txt STOP to 80062.",27/08/2024,skggn@gmail.com
ham,Me n him so funny...,05/06/2023,rbpcz@gmail.com
ham,"Sweetheart, hope you are not having that kind of day! Have one with loads of reasons to smile. Biola",18/07/2023,onfce@gmail.com
ham,When ü login dat time... Dad fetching ü home now?,13/01/2023,jtfae@gmail.com
ham,"What will we do in the shower, baby?",14/10/2023,pjgdu@gmail.com
ham,I had askd u a question some hours before. Its answer,16/11/2024,ovkac@gmail.com
ham,"Well imma definitely need to restock before thanksgiving, I'll let you know when I'm out",26/09/2022,mslly@gmail.com
ham,"said kiss, kiss, i can't do the sound effects! He is a gorgeous man isn't he! Kind of person who needs a smile to brighten his day!",19/03/2024,fjvln@gmail.com
ham,Probably gonna swing by in a wee bit,19/11/2022,ysmzc@gmail.com
ham,Ya very nice. . .be ready on thursday,18/09/2023,nfoic@gmail.com
ham,Allo! We have braved the buses and taken on the trains and triumphed. I mean we‘re in b‘ham. Have a jolly good rest of week,22/01/2024,rroaj@gmail.com
ham,"Watching cartoon, listening music &amp; at eve had to go temple &amp; church.. What about u?",02/03/2023,gfupe@gmail.com
ham,Do you mind if I ask what happened? You dont have to say if it is uncomfortable.,21/09/2023,bmxmk@gmail.com
spam,PRIVATE! Your 2003 Account Statement for shows 800 un-redeemed S. I. M. points. Call 08715203694 Identifier Code: 40533 Expires 31/10/04,03/12/2023,yyzbx@gmail.com
ham,No prob. I will send to your email.,13/09/2022,lmjtj@gmail.com
spam,"You have won ?1,000 cash or a ?2,000 prize! To claim, call09050000327. T&C: RSTM, SW7 3SS. 150ppm",10/05/2023,uqgff@gmail.com
ham,Thats cool! Sometimes slow and gentle. Sonetimes rough and hard :),07/07/2022,elwcb@gmail.com
ham,I'm gonna say no. Sorry. I would but as normal am starting to panic about time. Sorry again! Are you seeing on Tuesday?,26/03/2023,gpeno@gmail.com
ham,"Wait, do you know if wesleys in town? I bet she does hella drugs!",16/02/2024,oblsx@gmail.com
ham,Fine i miss you very much.,23/11/2023,tuumu@gmail.com
ham,Did u got that persons story,20/05/2024,khmhc@gmail.com
ham,Tell them the drug dealer's getting impatient,25/07/2022,bxinu@gmail.com
ham,"Sun cant come to earth but send luv as rays. cloud cant come to river but send luv as rain. I cant come to meet U, but can send my care as msg to U. Gud evng",05/03/2023,ubkxv@gmail.com
ham,You will be in the place of that man,05/03/2024,ybgfm@gmail.com
ham,"It doesnt make sense to take it there unless its free. If you need to know more, wikipedia.com",21/06/2022,mhctd@gmail.com
spam,88800 and 89034 are premium phone services call 08718711108,14/10/2023,enjdk@gmail.com
ham,"Under the sea, there lays a rock. In the rock, there is an envelope. In the envelope, there is a paper. On the paper, there are 3 words... '",30/06/2024,dowxj@gmail.com
ham,Then mum's repent how?,03/07/2024,moaha@gmail.com
ham,Sorry me going home first... Daddy come fetch ü later...,23/10/2023,sndjq@gmail.com
ham,Leave it de:-). Start Prepare for next:-)..,01/12/2024,bjfmr@gmail.com
ham,Yes baby! We can study all the positions of the kama sutra ;),18/01/2024,ycepv@gmail.com
ham,En chikku nange bakra msg kalstiya..then had tea/coffee?,21/05/2022,kqbkd@gmail.com
ham,Carlos'll be here in a minute if you still need to buy,05/07/2024,qdspv@gmail.com
ham,This pay is  &lt;DECIMAL&gt;  lakhs:),24/10/2022,lkcpr@gmail.com
ham,Have a good evening! Ttyl,19/10/2024,lmxai@gmail.com
ham,Did u receive my msg?,13/01/2022,wxlfb@gmail.com
ham,Ho ho - big belly laugh! See ya tomo,19/12/2023,pghhu@gmail.com
spam,"SMS. ac sun0819 posts HELLO:""You seem cool, wanted to say hi. HI!!!"" Stop? Send STOP to 62468",02/10/2022,ozlli@gmail.com
spam,Get ur 1st RINGTONE FREE NOW! Reply to this msg with TONE. Gr8 TOP 20 tones to your phone every week just £1.50 per wk 2 opt out send STOP 08452810071 16,21/08/2023,kusum@gmail.com
ham,"Ditto. And you won't have to worry about me saying ANYTHING to you anymore. Like i said last night, you do whatever you want and i'll do the same. Peace.",05/01/2024,ivxvd@gmail.com
ham,"I've got  &lt;#&gt; , any way I could pick up?",24/02/2024,gzape@gmail.com
ham,"I dont knw pa, i just drink milk..",11/08/2024,wzwla@gmail.com
ham,Maybe?! Say hi to  and find out if  got his card. Great escape or wetherspoons?,04/08/2024,olvkg@gmail.com
ham,"Piggy, r u awake? I bet u're still sleeping. I'm going 4 lunch now...",12/04/2022,wvodq@gmail.com
ham,Cause I'm not freaky lol,18/01/2024,ijkxo@gmail.com
ham,Missed your call cause I was yelling at scrappy. Miss u. Can't wait for u to come home. I'm so lonely today.,09/10/2023,svnws@gmail.com
ham,What is this 'hex' place you talk of? Explain!,03/09/2022,exdkr@gmail.com
ham,Ü log off 4 wat. It's sdryb8i,28/04/2022,pvpsc@gmail.com
ham,Is xy going 4 e lunch?,30/06/2023,cubhy@gmail.com
spam,Hi I'm sue. I am 20 years old and work as a lapdancer. I love sex. Text me live - I'm i my bedroom now. text SUE to 89555. By TextOperator G2 1DA 150ppmsg 18+,15/06/2022,furpn@gmail.com
ham,I wanted to ask ü to wait 4 me to finish lect. Cos my lect finishes in an hour anyway.,28/10/2022,quoag@gmail.com
ham,Have you finished work yet? :),04/12/2022,rgfbn@gmail.com
ham,"Every King Was Once A Crying Baby And Every Great Building Was Once A Map.. Not Imprtant Where U r TODAY, BUT Where U Wil Reach TOMORW. Gud ni8",10/04/2024,oqsqe@gmail.com
ham,"Dear,Me at cherthala.in case u r coming cochin pls call bfore u start.i shall also reach accordingly.or tell me which day u r coming.tmorow i am engaged ans its holiday.",21/01/2023,kfqdo@gmail.com
ham,Thanks love. But am i doing torch or bold.,12/04/2022,rwqzp@gmail.com
spam,<Forwarded from 448712404000>Please CALL 08712404000 immediately as there is an urgent message waiting for you.,27/11/2023,rzbpl@gmail.com
ham,Was the farm open?,13/03/2023,siigo@gmail.com
ham,"Sorry to trouble u again. Can buy 4d for my dad again? 1405, 1680, 1843. All 2 big 1 small, sat n sun. Thanx.",29/09/2022,heygm@gmail.com
ham,"My sister in law, hope you are having a great month. Just saying hey. Abiola",30/10/2023,fboiu@gmail.com
ham,Will purchase d stuff today and mail to you. Do you have a po box number?,14/08/2023,dgmwf@gmail.com
ham,Ah poop. Looks like ill prob have to send in my laptop to get fixed cuz it has a gpu problem,19/05/2024,efhby@gmail.com
ham,Good. Good job. I like entrepreneurs,23/03/2023,nsedf@gmail.com
ham,"Aight, you close by or still down around alex's place?",07/09/2022,nsjro@gmail.com
ham,meet you in corporation st outside gap … you can see how my mind is working!,10/04/2022,dogog@gmail.com
ham,Mum ask ü to buy food home...,23/09/2023,xjfzm@gmail.com
ham,K..u also dont msg or reply to his msg..,03/06/2023,kbfix@gmail.com
ham,How much r ü willing to pay?,02/06/2024,ekqhr@gmail.com
ham,"Sorry, I'll call later",16/02/2023,drxsj@gmail.com
ham,What is important is that you prevent dehydration by giving her enough fluids,07/01/2023,htels@gmail.com
ham,"Thats a bit weird, even ?- where is the do supposed to be happening? But good idea, sure they will be in pub!",07/03/2023,ukcai@gmail.com
ham,True dear..i sat to pray evening and felt so.so i sms'd you in some time...,30/01/2023,incpa@gmail.com
ham,"I don't think I can get away for a trek that long with family in town, sorry",29/06/2023,lnehd@gmail.com
ham,So when do you wanna gym harri,23/07/2024,zsxwy@gmail.com
ham,Quite late lar... Ard 12 anyway i wun b drivin...,13/09/2022,kzgvc@gmail.com
spam,"To review and KEEP the fantastic Nokia N-Gage game deck with Club Nokia, go 2 www.cnupdates.com/newsletter. unsubscribe from alerts reply with the word OUT",29/05/2022,vjdql@gmail.com
spam,4mths half price Orange line rental & latest camera phones 4 FREE. Had your phone 11mths+? Call MobilesDirect free on 08000938767 to update now! or2stoptxt T&Cs,26/03/2024,orjxc@gmail.com
ham,"Height of Confidence: All the Aeronautics professors wer calld &amp; they wer askd 2 sit in an aeroplane. Aftr they sat they wer told dat the plane ws made by their students. Dey all hurried out of d plane.. Bt only 1 didnt move... He said:""if it is made by my students,this wont even start........ Datz confidence..",25/06/2024,vvaub@gmail.com
ham,It just seems like weird timing that the night that all you and g want is for me to come smoke is the same day as when a shitstorm is attributed to me always coming over and making everyone smoke,10/02/2023,kxkkw@gmail.com
spam,08714712388 between 10am-7pm Cost 10p,08/01/2024,ogbzz@gmail.com
ham,"Save yourself the stress. If the person has a dorm account, just send your account details and the money will be sent to you.",17/10/2022,vuphg@gmail.com
ham,He also knows about lunch menu only da. . I know,15/11/2023,kjmlv@gmail.com
ham,When i have stuff to sell i.ll tell you,14/07/2023,htybn@gmail.com
spam,#ERROR!,23/07/2023,vuiiu@gmail.com
ham,Book which lesson? then you msg me... I will call up after work or sth... I'm going to get specs. My membership is PX3748,01/07/2024,tjrdu@gmail.com
spam,You have WON a guaranteed £1000 cash or a £2000 prize. To claim yr prize call our customer service representative on 08714712394 between 10am-7pm,05/08/2024,sedsk@gmail.com
ham,Macha dont feel upset.i can assume your mindset.believe me one evening with me and i have some wonderful plans for both of us.LET LIFE BEGIN AGAIN.call me anytime,04/09/2023,jdpqw@gmail.com
ham,Oh is it? Send me the address,21/01/2024,pbhhw@gmail.com
ham,S'fine. Anytime. All the best with it.,27/01/2022,nxxsn@gmail.com
ham,That is wondar full flim.,25/04/2024,yowqb@gmail.com
ham,Ya even those cookies have jelly on them,12/03/2023,wtwpg@gmail.com
ham,"The world is running and i am still.maybe all are feeling the same,so be it.or i have to admit,i am mad.then where is the correction?or let me call this is life.and keep running with the world,may be u r also running.lets run.",09/06/2024,qvtju@gmail.com
ham,Got it! It looks scrumptious... daddy wants to eat you all night long!,11/11/2022,nwzxs@gmail.com
ham,Of cos can lar i'm not so ba dao ok... 1 pm lor... Y u never ask where we go ah... I said u would ask on fri but he said u will ask today...,21/01/2024,unceu@gmail.com
ham,"Alright omw, gotta change my order to a half8th",20/08/2023,hcglo@gmail.com
ham,Exactly. Anyways how far. Is jide her to study or just visiting,19/10/2024,ulikb@gmail.com
ham,Dunno y u ask me.,17/07/2023,vqwsl@gmail.com
spam,Email AlertFrom: Jeri StewartSize: 2KBSubject: Low-cost prescripiton drvgsTo listen to email call 123,25/05/2024,flpyq@gmail.com
ham,No he didn't. Spring is coming early yay!,24/01/2022,lofsd@gmail.com
ham,Lol you won't feel bad when I use her money to take you out to a steak dinner =D,06/12/2024,ofued@gmail.com
ham,Even u dont get in trouble while convincing..just tel him once or twice and just tel neglect his msgs dont c and read it..just dont reply,29/01/2022,xzypk@gmail.com
ham,Leaving to qatar tonite in search of an opportunity.all went fast.pls add me in ur prayers dear.Rakhesh,07/07/2024,yqnlo@gmail.com
ham,Then why no one talking to me,02/05/2023,lkati@gmail.com
ham,Thanks for looking out for me. I really appreciate.,11/08/2023,ltdio@gmail.com
spam,Hi. Customer Loyalty Offer:The NEW Nokia6650 Mobile from ONLY £10 at TXTAUCTION! Txt word: START to No: 81151 & get yours Now! 4T&Ctxt TC 150p/MTmsg,17/06/2022,ksayg@gmail.com
ham,Wish i were with you now!,11/05/2024,dgoly@gmail.com
ham,Haha mayb u're rite... U know me well. Da feeling of being liked by someone is gd lor. U faster go find one then all gals in our group attached liao.,23/06/2024,nntqt@gmail.com
ham,Yes i will be there. Glad you made it.,03/07/2024,lonqv@gmail.com
ham,Do well :)all will for little time. Thing of good times ahead:,08/12/2024,gaddr@gmail.com
ham,Just got up. have to be out of the room very soon. …. i hadn't put the clocks back til at 8 i shouted at everyone to get up and then realised it was 7. wahay. another hour in bed.,29/04/2023,pgljx@gmail.com
ham,Ok. There may be a free gym about.,18/11/2024,ygjjq@gmail.com
ham,Men like shorter ladies. Gaze up into his eyes.,21/06/2023,lgvkc@gmail.com
ham,Dunno he jus say go lido. Same time 930.,30/04/2022,yppxs@gmail.com
ham,"I promise to take good care of you, princess. I have to run now. Please send pics when you get a chance. Ttyl!",31/08/2023,sdavw@gmail.com
spam,U are subscribed to the best Mobile Content Service in the UK for £3 per 10 days until you send STOP to 82324. Helpline 08706091795,26/02/2023,sdmed@gmail.com
ham,Is there a reason we've not spoken this year? Anyways have a great week and all the best in your exam,23/04/2023,hloch@gmail.com
ham,By monday next week. Give me the full gist,04/12/2024,ozoak@gmail.com
spam,"Do you realize that in about 40 years, we'll have thousands of old ladies running around with tattoos?",28/05/2023,fgcxj@gmail.com
spam,You have an important customer service announcement from PREMIER.,03/01/2022,ovebh@gmail.com
ham,Dont gimme that lip caveboy,25/06/2023,ppxzn@gmail.com
ham,When did you get to the library,18/08/2023,jfjfc@gmail.com
ham,Realy sorry-i don't recognise this number and am now confused :) who r u please?!,06/11/2024,cuimi@gmail.com
ham,So why didnt you holla?,26/07/2024,cykbb@gmail.com
ham,Cant think of anyone with * spare room off * top of my head,15/09/2022,emold@gmail.com
ham,"Faith makes things possible,Hope makes things work,Love makes things beautiful,May you have all three this Christmas!Merry Christmas!",03/02/2022,keuzu@gmail.com
ham,U should have made an appointment,26/02/2023,owywo@gmail.com
ham,"Call me when you/carlos is/are here, my phone's vibrate is acting up and I might not hear texts",08/03/2023,qhobd@gmail.com
spam,"Romantic Paris. 2 nights, 2 flights from £79 Book now 4 next year. Call 08704439680Ts&Cs apply.",19/03/2024,xaxfp@gmail.com
ham,"We are at grandmas. Oh dear, u still ill? I felt Shit this morning but i think i am just hungover! Another night then. We leave on sat.",30/12/2023,xqdim@gmail.com
spam,Urgent Ur £500 guaranteed award is still unclaimed! Call 09066368327 NOW closingdate04/09/02 claimcode M39M51 £1.50pmmorefrommobile2Bremoved-MobyPOBox734LS27YF,30/06/2022,tdkjg@gmail.com
ham,Nothing but we jus tot u would ask cos u ba gua... But we went mt faber yest... Yest jus went out already mah so today not going out... Jus call lor...,18/06/2024,howff@gmail.com
ham,"Wishing you and your family Merry ""X"" mas and HAPPY NEW Year in advance..",07/12/2023,webny@gmail.com
spam,UR awarded a City Break and could WIN a £200 Summer Shopping spree every WK. Txt STORE to 88039 . SkilGme. TsCs087147403231Winawk!Age16 £1.50perWKsub,20/12/2024,vqbjz@gmail.com
ham,"I'm nt goin, got somethin on, unless they meetin 4 dinner lor... Haha, i wonder who will go tis time...",14/10/2023,crxgb@gmail.com
ham,"Sorry, I'll call later",17/02/2022,fqxqp@gmail.com
ham,I cant pick the phone right now. Pls send a message,26/12/2023,hrxof@gmail.com
ham,Lol I know! They're so dramatic. Schools already closed for tomorrow. Apparently we can't drive in the inch of snow were supposed to get.,05/09/2023,nacmf@gmail.com
ham,Not getting anywhere with this damn job hunting over here!,04/02/2024,diedz@gmail.com
ham,Lol! U drunkard! Just doing my hair at d moment. Yeah still up 4 tonight. Wats the plan?,11/05/2022,ideuz@gmail.com
ham,"idc get over here, you are not weaseling your way out of this shit twice in a row",12/08/2023,augmc@gmail.com
ham,I wil be there with in  &lt;#&gt;  minutes. Got any space,25/11/2022,kqxyz@gmail.com
ham,Just sleeping..and surfing,08/10/2024,opplc@gmail.com
ham,Thanks for picking up the trash.,02/03/2024,vbhvr@gmail.com
ham,Why don't you go tell your friend you're not sure you want to live with him because he smokes too much then spend hours begging him to come smoke,20/04/2022,etkob@gmail.com
ham,Hi its Kate it was lovely to see you tonight and ill phone you tomorrow. I got to sing and a guy gave me his card! xxx,19/12/2024,maklv@gmail.com
ham,Happy New year my dear brother. I really do miss you. Just got your number and decided to send you this text wishing you only happiness. Abiola,27/12/2024,ebaok@gmail.com
ham,That means get the door,19/12/2022,csffi@gmail.com
ham,Your opinion about me? 1. Over 2. Jada 3. Kusruthi 4. Lovable 5. Silent 6. Spl character 7. Not matured 8. Stylish 9. Simple Pls reply..,05/09/2023,kldxr@gmail.com
ham,"Hmmm ... I thought we said 2 hours slave, not 3 ... You are late ... How should I punish you ?",03/12/2024,zwinx@gmail.com
ham,Beerage?,11/07/2023,ipyhn@gmail.com
spam,You have an important customer service announcement from PREMIER. Call FREEPHONE 0800 542 0578 now!,17/11/2022,fpaxx@gmail.com
ham,Dont think so. It turns off like randomlly within 5min of opening,18/03/2024,zecwz@gmail.com
ham,"She was supposed to be but couldn't make it, she's still in town though",07/02/2023,yascd@gmail.com
ham,It does it on its own. Most of the time it fixes my spelling. But sometimes it gets a completely diff word. Go figure,14/11/2023,ujmha@gmail.com
spam,Ever thought about living a good life with a perfect partner? Just txt back NAME and AGE to join the mobile community. (100p/SMS),07/11/2023,noaoq@gmail.com
spam,"5 Free Top Polyphonic Tones call 087018728737, National Rate. Get a toppoly tune sent every week, just text SUBPOLY to 81618, £3 per pole. UnSub 08718727870.",11/08/2024,sfmid@gmail.com
ham,Gud mrng dear hav a nice day,21/03/2023,cdhgm@gmail.com
ham,This is hoping you enjoyed your game yesterday. Sorry i've not been in touch but pls know that you are fondly bein thot off. Have a great week. Abiola,07/01/2024,naivp@gmail.com
ham,All e best 4 ur driving tmr :-),26/03/2023,murtx@gmail.com
ham,Y?WHERE U AT DOGBREATH? ITS JUST SOUNDING LIKE JAN C THATS AL!!!!!!!!!,24/10/2022,aaysc@gmail.com
ham,Omg I want to scream. I weighed myself and I lost more weight! Woohoo!,15/09/2024,ppjwk@gmail.com
ham,There generally isn't one. It's an uncountable noun - u in the dictionary. pieces of research?,25/10/2022,qnjjd@gmail.com
ham,it's really getting me down just hanging around.,27/10/2023,zgylr@gmail.com
spam,"Orange customer, you may now claim your FREE CAMERA PHONE upgrade for your loyalty. Call now on 0207 153 9996. Offer ends 14thMarch. T&C's apply. Opt-out availa",01/03/2024,eouxy@gmail.com
ham,Petey boy whereare you me and all your friendsare in theKingshead come down if you canlove Nic,23/06/2022,owncl@gmail.com
ham,Ok i msg u b4 i leave my house.,03/04/2023,ujtyp@gmail.com
ham,Gimme a few was  &lt;#&gt;  minutes ago,05/04/2022,etcsu@gmail.com
spam,"Last Chance! Claim ur £150 worth of discount vouchers today! Text SHOP to 85023 now! SavaMob, offers mobile! T Cs SavaMob POBOX84, M263UZ. £3.00 Sub. 16",22/02/2022,mhhdc@gmail.com
ham,Appt is at &lt;TIME&gt; am. Not my fault u don't listen. I told u twice,14/03/2024,ngkqp@gmail.com
spam,FREE for 1st week! No1 Nokia tone 4 ur mobile every week just txt NOKIA to 8077 Get txting and tell ur mates. www.getzed.co.uk POBox 36504 W45WQ 16+ norm150p/tone,17/04/2023,oetyt@gmail.com
spam,You have won a guaranteed £200 award or even £1000 cashto claim UR award call free on 08000407165 (18+) 2 stop getstop on 88222 PHP. RG21 4JX,20/03/2023,mcfqj@gmail.com
ham,K I'll be there before 4.,02/11/2023,dnsqy@gmail.com
ham,I dled 3d its very imp,20/07/2023,rffxw@gmail.com
ham,"sure, but make sure he knows we ain't smokin yet",17/06/2022,udhdd@gmail.com
ham,Boooo you always work. Just quit.,10/10/2024,bipor@gmail.com
ham,I am taking half day leave bec i am not well,12/03/2023,iwcwc@gmail.com
ham,Ugh I don't wanna get out of bed. It's so warm.,01/11/2022,czoqs@gmail.com
ham,S:)s.nervous  &lt;#&gt; :),24/06/2024,dnwoy@gmail.com
ham,So there's a ring that comes with the guys costumes. It's there so they can gift their future yowifes. Hint hint,20/09/2024,lsiwb@gmail.com
spam,Congratulations ur awarded either £500 of CD gift vouchers & Free entry 2 our £100 weekly draw txt MUSIC to 87066 TnCs www.Ldew.com1win150ppmx3age16,11/01/2023,qdtmo@gmail.com
ham,I borrow ur bag ok.,11/10/2024,vlywr@gmail.com
spam,"U were outbid by simonwatson5120 on the Shinco DVD Plyr. 2 bid again, visit sms. ac/smsrewards 2 end bid notifications, reply END OUT",23/03/2024,cmjlt@gmail.com
ham,Where's my boytoy? I miss you ... What happened?,24/10/2022,qihan@gmail.com
ham,"He has lots of used ones babe, but the model doesn't help. Youi have to bring it over and he'll match it up",14/09/2022,abmgb@gmail.com
ham,Also are you bringing galileo or dobby,23/07/2024,stchg@gmail.com
ham,Then why you not responding,20/01/2023,soudf@gmail.com
ham,BOO BABE! U ENJOYIN YOURJOB? U SEEMED 2 B GETTIN ON WELL HUNNY!HOPE URE OK?TAKE CARE & ILLSPEAK 2U SOONLOTS OF LOVEME XXXX.,22/02/2023,xopdn@gmail.com
ham,Good afternoon starshine! How's my boytoy? Does he crave me yet? Ache to fuck me ? *sips cappuccino* I miss you babe *teasing kiss*,07/12/2023,wfwaq@gmail.com
ham,On the road so cant txt,11/01/2023,glbpt@gmail.com
spam,"SMSSERVICES. for yourinclusive text credits, pls goto www.comuk.net login= 3qxj9 unsubscribe with STOP, no extra charge. help 08702840625.COMUK. 220-CM2 9AE",11/07/2024,oxcnk@gmail.com
spam,25p 4 alfie Moon's Children in need song on ur mob. Tell ur m8s. Txt Tone charity to 8007 for Nokias or Poly charity for polys: zed 08701417012 profit 2 charity.,11/07/2022,plisa@gmail.com
ham,Have a good evening! Ttyl,05/04/2022,pjzrq@gmail.com
ham,Hmm .. Bits and pieces lol ... *sighs* ...,25/01/2024,tszvg@gmail.com
ham,Hahaha..use your brain dear,21/03/2022,wbklr@gmail.com
ham,Hey. You got any mail?,18/09/2024,tqdud@gmail.com
ham,"Sorry light turned green, I meant another friend wanted  &lt;#&gt;  worth but he may not be around",26/12/2022,piyse@gmail.com
ham,Thanks for yesterday sir. You have been wonderful. Hope you enjoyed the burial. MojiBiola,29/07/2022,cggam@gmail.com
spam,U have a secret admirer. REVEAL who thinks U R So special. Call 09065174042. To opt out Reply REVEAL STOP. 1.50 per msg recd. Cust care 07821230901,16/07/2024,hpzum@gmail.com
ham,Hi mate its RV did u hav a nice hol just a message 3 say hello coz havent sent u 1 in ages started driving so stay off roads!RVx,09/05/2022,hiecd@gmail.com
spam,"Dear Voucher Holder, To claim this weeks offer, at you PC please go to http://www.e-tlp.co.uk/expressoffer Ts&Cs apply. To stop texts, txt STOP to 80062",23/08/2024,egldh@gmail.com
ham,"Thank you so much. When we skyped wit kz and sura, we didnt get the pleasure of your company. Hope you are good. We've given you ultimatum oh! We are countin down to aburo. Enjoy! This is the message i sent days ago",17/07/2022,aaeuh@gmail.com
ham,Surely result will offer:),31/07/2022,ltizs@gmail.com
ham,Good Morning my Dear........... Have a great &amp; successful day.,29/11/2022,ogrwe@gmail.com
spam,Do you want 750 anytime any network mins 150 text and a NEW VIDEO phone for only five pounds per week call 08002888812 or reply for delivery tomorrow,18/11/2022,ngxqn@gmail.com
ham,"Sir, I have been late in paying rent for the past few months and had to pay a $ &lt;#&gt;  charge. I felt it would be inconsiderate of me to nag about something you give at great cost to yourself and that's why i didnt speak up. I however am in a recession and wont be able to pay the charge this month hence my askin well ahead of month's end. Can you please help. Thanks",14/08/2023,ptgvl@gmail.com
spam,We tried to contact you re our offer of New Video Phone 750 anytime any network mins HALF PRICE Rental camcorder call 08000930705 or reply for delivery Wed,06/09/2022,ijljd@gmail.com
spam,Last chance 2 claim ur £150 worth of discount vouchers-Text YES to 85023 now!SavaMob-member offers mobile T Cs 08717898035. £3.00 Sub. 16 . Remove txt X or STOP,12/10/2023,pmkcg@gmail.com
ham,I luv u soo much u dont understand how special u r 2 me ring u 2morrow luv u xxx,07/03/2024,bocrx@gmail.com
ham,"Pls send me a comprehensive mail about who i'm paying, when and how much.",21/06/2022,rgtsj@gmail.com
ham,Our Prashanthettan's mother passed away last night. pray for her and family.,08/12/2024,pjcgg@gmail.com
spam,"Urgent! call 09066350750 from your landline. Your complimentary 4* Ibiza Holiday or 10,000 cash await collection SAE T&Cs PO BOX 434 SK3 8WP 150 ppm 18+",18/10/2022,bkoad@gmail.com
ham,K.k:)when are you going?,13/10/2022,hyutf@gmail.com
ham,Meanwhile in the shit suite: xavier decided to give us  &lt;#&gt;  seconds of warning that samantha was coming over and is playing jay's guitar to impress her or some shit. Also I don't think doug realizes I don't live here anymore,22/05/2024,nwtvi@gmail.com
ham,My stomach has been thru so much trauma I swear I just can't eat. I better lose weight.,06/02/2022,lvyhs@gmail.com
ham,I am in office:)whats the matter..msg me now.i will call you at break:).,14/03/2024,cckpu@gmail.com
ham,"Yeah there's barely enough room for the two of us, x has too many fucking shoes. Sorry man, see you later",23/01/2023,vptkm@gmail.com
spam,"Today's Offer! Claim ur £150 worth of discount vouchers! Text YES to 85023 now! SavaMob, member offers mobile! T Cs 08717898035. £3.00 Sub. 16 . Unsub reply X",03/07/2024,okhaa@gmail.com
ham,U reach orchard already? U wan 2 go buy tickets first?,17/01/2022,hdoym@gmail.com
ham,"I am real, baby! I want to bring out your inner tigress...",12/07/2022,gcqmz@gmail.com
ham,No da if you run that it activate the full version da.,31/08/2022,qixgn@gmail.com
ham,AH POOR BABY!HOPE URFEELING BETTERSN LUV! PROBTHAT OVERDOSE OF WORK HEY GO CAREFUL SPK 2 U SN LOTS OF LOVEJEN XXX.,12/02/2023,mfqnu@gmail.com
ham,Stop the story. I've told him i've returned it and he's saying i should not re order it.,20/08/2023,hlysq@gmail.com
spam,Talk sexy!! Make new friends or fall in love in the worlds most discreet text dating service. Just text VIP to 83110 and see who you could meet.,12/05/2022,mbrgm@gmail.com
ham,Going to take your babe out ?,10/02/2022,opkvx@gmail.com
ham,Hai ana tomarrow am coming on morning.  &lt;DECIMAL&gt;  ill be there in sathy then we ll go to RTO office. Reply me after came to home.,23/01/2024,xspfy@gmail.com
ham,Spoons it is then okay?,29/01/2023,qryyz@gmail.com
ham,Did he just say somebody is named tampa,13/11/2024,iqvbs@gmail.com
ham,In work now. Going have in few min.,17/02/2024,lrbvp@gmail.com
ham,Your brother is a genius,21/01/2023,isuae@gmail.com
ham,"Sorry, I guess whenever I can get a hold of my connections, maybe an hour or two? I'll text you",22/08/2023,tztdh@gmail.com
ham,Did u find out what time the bus is at coz i need to sort some stuff out.,07/11/2022,tptvt@gmail.com
ham,Dude ive been seeing a lotta corvettes lately,20/05/2024,vmloo@gmail.com
spam,Congratulations ur awarded either a yrs supply of CDs from Virgin Records or a Mystery Gift GUARANTEED Call 09061104283 Ts&Cs www.smsco.net £1.50pm approx 3mins,17/05/2023,xqwtv@gmail.com
ham,"Same here, but I consider walls and bunkers and shit important just because I never play on peaceful but I guess your place is high enough that it don't matter",19/12/2023,qzsas@gmail.com
spam,PRIVATE! Your 2003 Account Statement for 07808 XXXXXX shows 800 un-redeemed S. I. M. points. Call 08719899217 Identifier Code: 41685 Expires 07/11/04,01/02/2022,jakvn@gmail.com
spam,Hello. We need some posh birds and chaps to user trial prods for champneys. Can i put you down? I need your address and dob asap. Ta r,03/01/2024,xanck@gmail.com
spam,What do U want for Xmas? How about 100 free text messages & a new video phone with half price line rental? Call free now on 0800 0721072 to find out more!,27/04/2023,dnqgs@gmail.com
ham,"Well am officially in a philosophical hole, so if u wanna call am at home ready to be saved!",26/02/2022,gzlrn@gmail.com
ham,Its going good...no problem..but still need little experience to understand american customer voice...,11/10/2022,tejig@gmail.com
ham,I'll text you when I drop x off,01/11/2024,oehwb@gmail.com
ham,Ugh its been a long day. I'm exhausted. Just want to cuddle up and take a nap,25/09/2023,xvxoy@gmail.com
ham,Talk With Yourself Atleast Once In A Day...!!! Otherwise You Will Miss Your Best FRIEND In This WORLD...!!! -Shakespeare- SHESIL  &lt;#&gt;,08/05/2023,sjzpw@gmail.com
spam,"Shop till u Drop, IS IT YOU, either 10K, 5K, £500 Cash or £100 Travel voucher, Call now, 09064011000. NTT PO Box CR01327BT fixedline Cost 150ppm mobile vary",17/07/2024,vzsfc@gmail.com
ham,Are you in castor? You need to see something,16/02/2024,zywuv@gmail.com
spam,Sunshine Quiz Wkly Q! Win a top Sony DVD player if u know which country Liverpool played in mid week? Txt ansr to 82277. £1.50 SP:Tyrone,21/10/2023,anopw@gmail.com
spam,U have a secret admirer who is looking 2 make contact with U-find out who they R*reveal who thinks UR so special-call on 09058094565,26/04/2024,hyifa@gmail.com
spam,U have a Secret Admirer who is looking 2 make contact with U-find out who they R*reveal who thinks UR so special-call on 09065171142-stopsms-08,03/04/2022,hbwyl@gmail.com
spam,Reminder: You have not downloaded the content you have already paid for. Goto http://doit. mymoby. tv/ to collect your content.,14/02/2024,mxhkm@gmail.com
ham,"see, i knew giving you a break a few times woul lead to you always wanting to miss curfew. I was gonna gibe you 'til one, but a MIDNIGHT movie is not gonna get out til after 2. You need to come home. You need to getsleep and, if anything, you need to b studdying ear training.",08/12/2022,kjvdd@gmail.com
ham,I love to give massages. I use lots of baby oil... What is your fave position?,11/02/2023,syonh@gmail.com
ham,Dude we should go sup again,07/03/2024,rlgge@gmail.com
ham,Yoyyooo u know how to change permissions for a drive in mac. My usb flash drive,20/02/2024,gvewz@gmail.com
ham,Gibbs unsold.mike hussey,20/06/2023,gadfq@gmail.com
ham,I like to talk pa but am not able to. I dont know y.,03/05/2024,chgne@gmail.com
ham,Y dun cut too short leh. U dun like ah? She failed. She's quite sad.,31/10/2022,vfjlz@gmail.com
ham,You unbelievable faglord,02/09/2023,gjkso@gmail.com
ham,Wife.how she knew the time of murder exactly,16/09/2024,tzkyg@gmail.com
ham,Why do you ask princess?,30/03/2024,aotsz@gmail.com
ham,I am great princess! What are you thinking about me? :),01/06/2023,ytfeg@gmail.com
ham,Nutter. Cutter. Ctter. Cttergg. Cttargg. Ctargg. Ctagg. ie you,29/10/2024,ffnnd@gmail.com
ham,It's ok i noe u're busy but i'm really too bored so i msg u. I oso dunno wat colour she choose 4 me one.,05/05/2024,owuti@gmail.com
ham,Doesn't g have class early tomorrow and thus shouldn't be trying to smoke at  &lt;#&gt;,16/02/2023,bwpwz@gmail.com
ham,"Superb Thought- ""Be grateful that u dont have everything u want. That means u still have an opportunity to be happier tomorrow than u are today."":-)",13/08/2024,dgitj@gmail.com
ham,Hope you are having a good week. Just checking in,27/06/2024,njbyw@gmail.com
ham,"I'm used to it. I just hope my agents don't drop me since i've only booked a few things this year. This whole me in boston, them in nyc was an experiment.",10/02/2024,tdgxm@gmail.com
ham,"Thursday night? Yeah, sure thing, we'll work it out then",09/03/2024,pcloo@gmail.com
spam,"Your free ringtone is waiting to be collected. Simply text the password ""MIX"" to 85069 to verify. Get Usher and Britney. FML, PO Box 5249, MK17 92H. 450Ppw 16",22/09/2022,jrgnq@gmail.com
ham,Probably money worries. Things are coming due and i have several outstanding invoices for work i did two and three months ago.,11/10/2022,nsbbn@gmail.com
ham,How is it possible to teach you. And where.,12/10/2023,zgbxc@gmail.com
ham,"I wonder if your phone battery went dead ? I had to tell you, I love you babe",19/02/2022,idpbm@gmail.com
ham,Lovely smell on this bus and it ain't tobacco...,24/10/2022,fsimb@gmail.com
ham,"We're all getting worried over here, derek and taylor have already assumed the worst",09/06/2022,ekrgf@gmail.com
ham,Hey what's up charles sorry about the late reply.,10/08/2022,xnouq@gmail.com
spam,"all the lastest from Stereophonics, Marley, Dizzee Racal, Libertines and The Strokes! Win Nookii games with Flirt!! Click TheMob WAP Bookmark or text WAP to 82468",18/07/2022,fhqwa@gmail.com
ham,I.ll give her once i have it. Plus she said grinule greet you whenever we speak,27/09/2023,uwgyp@gmail.com
ham,WHITE FUDGE OREOS ARE IN STORES,27/08/2024,mkync@gmail.com
spam,"January Male Sale! Hot Gay chat now cheaper, call 08709222922. National rate from 1.5p/min cheap to 7.8p/min peak! To stop texts call 08712460324 (10p/min)",22/10/2023,psdce@gmail.com
ham,My love ! How come it took you so long to leave for Zaher's? I got your words on ym and was happy to see them but was sad you had left. I miss you,24/05/2023,vocjw@gmail.com
ham,I am sorry it hurt you.,24/12/2023,rnrdo@gmail.com
ham,Can't. I feel nauseous. I'm so pissed. I didn't eat any sweets all week cause today I was planning to pig out. I was dieting all week. And now I'm not hungry :/,12/03/2022,ujzpt@gmail.com
ham,Ok lor but not too early. Me still having project meeting now.,27/08/2024,exddh@gmail.com
ham,"Call me da, i am waiting for your call.",29/08/2022,phrof@gmail.com
ham,I could ask carlos if we could get more if anybody else can chip in,07/03/2024,swkhq@gmail.com
ham,Was actually about to send you a reminder today. Have a wonderful weekend,13/03/2022,orarr@gmail.com
ham,"When people see my msgs, They think Iam addicted to msging... They are wrong, Bcoz They don\'t know that Iam addicted to my sweet Friends..!! BSLVYL",12/10/2022,oalmy@gmail.com
ham,Hey you gave them your photo when you registered for driving ah? Tmr wanna meet at yck?,29/01/2024,bkjcm@gmail.com
ham,Dont talk to him ever ok its my word.,21/07/2024,rzztf@gmail.com
ham,When u wana see it then,21/09/2022,cabgd@gmail.com
ham,On ma way to school. Can you pls send me ashley's number,21/04/2024,opefc@gmail.com
ham,It shall be fine. I have avalarr now. Will hollalater,16/05/2023,melzz@gmail.com
ham,She went to attend another two rounds today..but still did't reach home..,25/11/2023,lrfxg@gmail.com
ham,Actually i deleted my old website..now i m blogging at magicalsongs.blogspot.com,05/07/2023,ezlig@gmail.com
ham,"K, wait chikku..il send aftr  &lt;#&gt; mins",14/05/2022,qosfv@gmail.com
ham,But I'm on a diet. And I ate 1 too many slices of pizza yesterday. Ugh I'm ALWAYS on a diet.,30/09/2024,hbjip@gmail.com
ham,K:)i will give my kvb acc details:),20/08/2023,nmslo@gmail.com
ham,Oh all have to come ah?,18/12/2023,hqifz@gmail.com
spam,money!!! you r a lucky winner ! 2 claim your prize text money 2 88600 over £1million to give away ! ppt150x3+normal text rate box403 w1t1jy,13/11/2024,ivxum@gmail.com
ham,I'm really sorry i won't b able 2 do this friday.hope u can find an alternative.hope yr term's going ok:-),08/02/2024,zggji@gmail.com
ham,Congratulations ore mo owo re wa. Enjoy it and i wish you many happy moments to and fro wherever you go,25/04/2022,xrdsc@gmail.com
ham,So do you have samus shoulders yet,30/11/2024,clnuh@gmail.com
ham,What time you think you'll have it? Need to know when I should be near campus,30/07/2024,luquz@gmail.com
spam,"Dear Matthew please call 09063440451 from a landline, your complimentary 4*Lux Tenerife holiday or £1000 CASH await collection. ppm150 SAE T&Cs Box334 SK38XH.",26/08/2024,vpmyn@gmail.com
ham,Then dun wear jeans lor...,25/09/2024,hvxvx@gmail.com
ham,"Since when, which side, any fever, any vomitin.",21/02/2023,mxuqq@gmail.com
ham,K:)k.are you in college?,02/01/2023,xivzw@gmail.com
spam,"Urgent! call 09061749602 from Landline. Your complimentary 4* Tenerife Holiday or £10,000 cash await collection SAE T&Cs BOX 528 HP20 1YF 150ppm 18+",01/10/2023,inuhi@gmail.com
ham,Better. Made up for Friday and stuffed myself like a pig yesterday. Now I feel bleh. But at least its not writhing pain kind of bleh.,24/04/2022,ilknt@gmail.com
ham,No we sell it all so we'll have tons if coins. Then sell our coins to someone thru paypal. Voila! Money back in life pockets:),11/05/2023,xrxyb@gmail.com
ham,Theyre doing it to lots of places. Only hospitals and medical places are safe.,07/12/2024,nadft@gmail.com
spam,How about getting in touch with folks waiting for company? Just txt back your NAME and AGE to opt in! Enjoy the community (150p/SMS),17/03/2022,xaofp@gmail.com
ham,And also I've sorta blown him off a couple times recently so id rather not text him out of the blue looking for weed,09/10/2024,gpxfw@gmail.com
ham,"I sent my scores to sophas and i had to do secondary application for a few schools. I think if you are thinking of applying, do a research on cost also. Contact joke ogunrinde, her school is one me the less expensive ones",12/05/2023,cfcar@gmail.com
ham,I cant wait to see you! How were the photos were useful? :),06/11/2024,thdvb@gmail.com
spam,Ur cash-balance is currently 500 pounds - to maximize ur cash-in now send GO to 86688 only 150p/msg. CC: 08718720201 PO BOX 114/14 TCR/W1,28/07/2023,eigel@gmail.com
ham,Hey i booked the kb on sat already... what other lessons are we going for ah? Keep your sat night free we need to meet and confirm our lodging,20/10/2023,hytfl@gmail.com
ham,Chk in ur belovd ms dict,15/09/2022,myazf@gmail.com
ham,Is that what time you want me to come?,02/01/2023,zeptw@gmail.com
ham,"Awesome, lemme know whenever you're around",18/11/2023,atllc@gmail.com
ham,Shb b ok lor... Thanx...,10/09/2022,onplw@gmail.com
ham,"Beautiful Truth against Gravity.. Read carefully: ""Our heart feels light when someone is in it.. But it feels very heavy when someone leaves it.."" GOOD NIGHT",08/03/2023,dlflo@gmail.com
ham,Also remember to get dobby's bowl from your car,28/04/2024,puixu@gmail.com
spam,Filthy stories and GIRLS waiting for your,23/03/2024,uoawn@gmail.com
ham,Sorry i now then c ur msg... Yar lor so poor thing... But only 4 one night... Tmr u'll have a brand new room 2 sleep in...,24/04/2024,pspqx@gmail.com
ham,"Love isn't a decision, it's a feeling. If we could decide who to love, then, life would be much simpler, but then less magical",04/01/2024,nsxdw@gmail.com
ham,Welp apparently he retired,08/09/2022,mmfwp@gmail.com
ham,My sort code is  and acc no is . The bank is natwest. Can you reply to confirm i've sent this to the right person!,04/03/2024,owkok@gmail.com
ham,Where @,12/02/2022,vqarx@gmail.com
ham,U sure u can't take any sick time?,29/07/2022,ygpbk@gmail.com
spam,URGENT! We are trying to contact U. Todays draw shows that you have won a £800 prize GUARANTEED. Call 09050001808 from land line. Claim M95. Valid12hrs only,13/02/2024,sebdv@gmail.com
ham,"Watching cartoon, listening music &amp; at eve had to go temple &amp; church.. What about u?",08/05/2022,jmwlb@gmail.com
ham,Yo chad which gymnastics class do you wanna take? The site says Christians class is full..,19/01/2022,kmcwv@gmail.com
ham,Are you this much buzy,02/03/2022,fkcrn@gmail.com
ham,Or better still can you catch her and let ask her if she can sell  &lt;#&gt;  for me.,08/12/2024,vximz@gmail.com
ham,I am not sure about night menu. . . I know only about noon menu,05/02/2024,roadc@gmail.com
ham,What do u want when i come back?.a beautiful necklace as a token of my heart for you.thats what i will give but ONLY to MY WIFE OF MY LIKING.BE THAT AND SEE..NO ONE can give you that.dont call me.i will wait till i come.,23/06/2022,gndye@gmail.com
ham,Are you willing to go for aptitude class.,08/04/2023,ubglf@gmail.com
ham,"It wont b until 2.15 as trying 2 sort house out, is that ok?",05/11/2022,josim@gmail.com
ham,"Yar lor he wan 2 go c horse racing today mah, so eat earlier lor. I ate chicken rice. U?",08/06/2022,ztrcc@gmail.com
ham,"Haha awesome, omw back now then",30/04/2022,hplhy@gmail.com
ham,Yup i thk so until e shop closes lor.,26/09/2023,tstvw@gmail.com
ham,what is your account number?,04/09/2022,ooswi@gmail.com
ham,Eh u send wrongly lar...,10/02/2022,ynkvx@gmail.com
ham,Hey no I ad a crap nite was borin without ya 2 boggy with me u boring biatch! Thanx but u wait til nxt time il ave ya,15/04/2022,dtsig@gmail.com
ham,Ok i shall talk to him,10/12/2022,vjhfz@gmail.com
ham,Dont hesitate. You know this is the second time she has had weakness like that. So keep i notebook of what she eat and did the day before or if anything changed the day before so that we can be sure its nothing,17/11/2023,hhidt@gmail.com
ham,Hey you can pay. With salary de. Only  &lt;#&gt; .,12/08/2024,rrzog@gmail.com
ham,Another month. I need chocolate weed and alcohol.,10/06/2024,wtwlk@gmail.com
ham,If he started searching he will get job in few days.he have great potential and talent.,29/10/2024,vjrkz@gmail.com
ham,Reckon need to be in town by eightish to walk from * carpark.,14/10/2022,hmvzn@gmail.com
spam,"Congrats! 2 mobile 3G Videophones R yours. call 09063458130 now! videochat wid your mates, play java games, Dload polyPH music, noline rentl.",18/07/2023,wdrka@gmail.com
ham,LOOK AT THE FUCKIN TIME. WHAT THE FUCK YOU THINK IS UP,17/06/2022,qcswd@gmail.com
ham,Yo guess what I just dropped,02/06/2024,rdllb@gmail.com
ham,Carlos says he'll be at mu in  &lt;#&gt;  minutes,26/11/2024,vlwxj@gmail.com
ham,I'm in office now . I will call you  &lt;#&gt;  min:),04/09/2022,ozzkk@gmail.com
ham,"Geeee ... I miss you already, you know ? Your all I can think about. Fuck, I can't wait till next year when we will be together ... *loving kiss*",02/01/2024,jbkwc@gmail.com
ham,"Yun ah.the ubi one say if ü wan call by tomorrow.call 67441233 look for irene.ere only got bus8,22,65,61,66,382. Ubi cres,ubi tech park.6ph for 1st 5wkg days.èn",06/10/2023,cowyq@gmail.com
ham,Ugh. Gotta drive back to sd from la. My butt is sore.,09/07/2023,zerhl@gmail.com
ham,26th OF JULY,22/03/2023,vwdaz@gmail.com
ham,Hi im having the most relaxing time ever! we have to get up at 7am every day! was the party good the other night? I get home tomorrow at 5ish.,30/05/2024,uanlo@gmail.com
ham,Up to ü... Ü wan come then come lor... But i din c any stripes skirt...,21/03/2022,hmuvo@gmail.com
ham,The Xmas story is peace.. The Xmas msg is love.. The Xmas miracle is jesus.. Hav a blessed month ahead &amp; wish U Merry Xmas...,02/06/2023,xbknv@gmail.com
ham,"I can't, I don't have her number!",02/03/2022,nevll@gmail.com
ham,Change again... It's e one next to escalator...,25/08/2023,byett@gmail.com
ham,Yetunde i'm in class can you not run water on it to make it ok. Pls now.,18/05/2022,jznae@gmail.com
ham,Not a lot has happened here. Feels very quiet. Beth is at her aunts and charlie is working lots. Just me and helen in at the mo. How have you been?,10/02/2023,bxdqk@gmail.com
ham,Then ü wait 4 me at bus stop aft ur lect lar. If i dun c ü then i go get my car then come back n pick ü.,14/09/2023,ifjga@gmail.com
ham,"Aight will do, thanks again for comin out",09/07/2024,ggwvo@gmail.com
ham,No..but heard abt tat..,27/12/2024,vtjmm@gmail.com
spam,Please call our customer service representative on FREEPHONE 0808 145 4742 between 9am-11pm as you have WON a guaranteed £1000 cash or £5000 prize!,09/01/2023,pimkx@gmail.com
ham,Yes..he is really great..bhaji told kallis best cricketer after sachin in world:).very tough to get out.,19/12/2023,qobuw@gmail.com
ham,&lt;#&gt;  am I think? Should say on syllabus,28/05/2024,zdmqg@gmail.com
ham,Umma. Did she say anything,14/11/2023,xxlpk@gmail.com
ham,Give me a sec to think think about it,24/04/2024,bzsvf@gmail.com
spam,Panasonic & BluetoothHdset FREE. Nokia FREE. Motorola FREE & DoubleMins & DoubleTxt on Orange contract. Call MobileUpd8 on 08000839402 or call 2optout,28/02/2023,lhgbo@gmail.com
ham,I don't quite know what to do. I still can't get hold of anyone. I cud pick you up bout 7.30pm and we can see if they're in the pub?,19/10/2024,ubhcb@gmail.com
ham,"Poyyarikatur,kolathupalayam,unjalur post,erode dis, &lt;#&gt; .",20/03/2024,xkahm@gmail.com
ham,"Dear Hero,i am leaving to qatar tonite for an apt opportunity.pls do keep in touch at  &lt;EMAIL&gt; ,kerala",23/03/2024,oknip@gmail.com
ham,Lol I would but my mom would have a fit and tell the whole family how crazy and terrible I am,28/10/2022,auvls@gmail.com
ham,"I just got home babe, are you still awake ?",30/11/2023,lhilo@gmail.com
ham,I dunno they close oredi not... Ü v ma fan...,29/09/2024,wmaqp@gmail.com
ham,Just buy a pizza. Meat lovers or supreme. U get to pick.,26/05/2022,inldo@gmail.com
ham,"Ya, told..she was asking wats matter?",22/07/2022,srqjo@gmail.com
ham,"Dear,regret i cudnt pick call.drove down frm ctla now at cochin home.left mobile in car..ente style ishtamayoo?happy bakrid!",26/01/2022,sddna@gmail.com
spam,FREE for 1st week! No1 Nokia tone 4 ur mob every week just txt NOKIA to 8007 Get txting and tell ur mates www.getzed.co.uk POBox 36504 W45WQ norm150p/tone 16+,30/07/2024,srhhe@gmail.com
ham,Shall i send that exe to your mail id.,10/06/2023,bndrs@gmail.com
ham,Nope watching tv at home... Not going out. V bored...,10/06/2023,ptfyd@gmail.com
ham,Don know..wait i will check it.,15/08/2022,sjpdo@gmail.com
ham,"Good afternoon on this glorious anniversary day, my sweet J !! I hope this finds you happy and content, my Prey. I think of you and send a teasing kiss from across the sea coaxing images of fond souveniers ... You Cougar-Pen",21/12/2022,jlhky@gmail.com
spam,Guess what! Somebody you know secretly fancies you! Wanna find out who it is? Give us a call on 09065394514 From Landline DATEBox1282EssexCM61XN 150p/min 18,12/06/2022,ixjja@gmail.com
ham,We still on for tonight?,24/07/2022,hzpyz@gmail.com
ham,May i call You later Pls,25/06/2023,lfayg@gmail.com
ham,Hasn't that been the pattern recently crap weekends?,09/02/2024,gdhrw@gmail.com
ham,I have a sore throat. It's scratches when I talk,22/03/2024,bxaom@gmail.com
ham,Yes da. Any plm at ur office,21/11/2022,sxanj@gmail.com
ham,Are you not around or just still asleep? :V,24/12/2022,kvnzq@gmail.com
ham,"Lol you forgot it eh ? Yes, I'll bring it in babe",16/06/2023,wxysw@gmail.com
ham,"Its good, we'll find a way",13/03/2024,pwbyt@gmail.com
ham,Can not use foreign stamps in this country. Good lecture .,09/07/2024,wvbwh@gmail.com
ham,Yup bathe liao...,15/04/2022,zchdf@gmail.com
ham,HAPPY NEW YEAR MY NO.1 MAN,02/10/2022,ymeqw@gmail.com
ham,"OH MR SHEFFIELD! You wanna play THAT game, okay. You're the boss and I'm the nanny. You give me a raise and I'll give YOU one!!",10/10/2022,zklpn@gmail.com
ham,ZOE IT JUST HIT ME 2 IM FUCKING SHITIN MYSELF IL DEFO TRY MY HARDEST 2 CUM 2MOROW LUV U MILLIONS LEKDOG,14/04/2022,asfcr@gmail.com
ham,"Hello baby, did you get back to your mom's ? Are you setting up the computer now ? Filling your belly ? How goes it loverboy ? I miss you already ... *sighs*",17/12/2024,ppuah@gmail.com
ham,"No my blankets are sufficient, thx",09/11/2023,bwwxn@gmail.com
ham,"naughty little thought: 'its better to flirt, flirt n flirt, rather than loving someone n gettin hurt, hurt n hurt...:-) Gud nyt",08/07/2022,tocgx@gmail.com
ham,"Edison has rightly said, ""A fool can ask more questions than a wise man can answer"" Now you know why all of us are speechless during ViVa.. GM,GN,GE,GNT:-)",11/07/2023,srxeo@gmail.com
ham,They just talking thats it de. They wont any other.,11/02/2024,nslmp@gmail.com
ham,Today am going to college so am not able to atten the class.,05/11/2023,olwgh@gmail.com
ham,I'm in class. Will holla later,08/05/2024,ybsls@gmail.com
ham,Easy ah?sen got selected means its good..,22/05/2024,pealg@gmail.com
ham,Mmm thats better now i got a roast down me! id b better if i had a few drinks down me 2! Good indian?,18/11/2023,bcahb@gmail.com
spam,"We know someone who you know that fancies you. Call 09058097218 to find out who. POBox 6, LS15HB 150p",01/07/2024,qznno@gmail.com
ham,"Come round, it's .",11/03/2024,qwvmj@gmail.com
ham,"Do 1 thing! Change that sentence into: ""Because i want 2 concentrate in my educational career im leaving here..""",05/11/2024,qqnvc@gmail.com
spam,"1000's flirting NOW! Txt GIRL or BLOKE & ur NAME & AGE, eg GIRL ZOE 18 to 8007 to join and get chatting!",26/01/2024,bsjsk@gmail.com
ham,I walked an hour 2 c u! doesnt that show I care y wont u believe im serious?,28/05/2024,hqwod@gmail.com
spam,18 days to Euro2004 kickoff! U will be kept informed of all the latest news and results daily. Unsubscribe send GET EURO STOP to 83222.,22/03/2024,wzbrx@gmail.com
ham,Are you available for soiree on June 3rd?,28/12/2022,ylmeu@gmail.com
ham,Do u noe wat time e place dat sells 4d closes?,14/10/2024,ezcox@gmail.com
ham,"I got another job! The one at the hospital doing data analysis or something, starts on monday! Not sure when my thesis will got finished",16/06/2024,vjwqx@gmail.com
ham,Jay's getting really impatient and belligerent,23/07/2022,gkowc@gmail.com
ham,HIYA COMIN 2 BRISTOL 1 ST WEEK IN APRIL. LES GOT OFF + RUDI ON NEW YRS EVE BUT I WAS SNORING.THEY WERE DRUNK! U BAK AT COLLEGE YET? MY WORK SENDS INK 2 BATH.,30/07/2023,evthv@gmail.com
ham,I'm at work. Please call,05/03/2023,ytglz@gmail.com
ham,Then u drive lor.,31/07/2023,lvwnq@gmail.com
ham,Ard 515 like dat. Y?,12/02/2024,jjoya@gmail.com
ham,Tell me they're female :V how're you throwing in? We're deciding what all to get now,01/02/2024,eocou@gmail.com
spam,EASTENDERS TV Quiz. What FLOWER does DOT compare herself to? D= VIOLET E= TULIP F= LILY txt D E or F to 84025 NOW 4 chance 2 WIN £100 Cash WKENT/150P16+,05/07/2023,hhcme@gmail.com
ham,I'm working technical support :)voice process.networking field.,21/10/2024,jiond@gmail.com
ham,I might come to kerala for 2 days.so you can be prepared to take a leave once i finalise .dont plan any travel during my visit.need to finish urgent works.,12/09/2024,vsyfo@gmail.com
ham,Ok. Not sure what time tho as not sure if can get to library before class. Will try. See you at some point! Have good eve.,09/02/2023,gctok@gmail.com
spam,We have new local dates in your area - Lots of new people registered in YOUR AREA. Reply DATE to start now! 18 only www.flirtparty.us REPLYS150,04/12/2022,xixjz@gmail.com
ham,"That's fine, I'll bitch at you about it later then",03/04/2024,ynovx@gmail.com
ham,No my mum went 2 dentist.,10/08/2024,zdial@gmail.com
ham,Once free call me sir. I am waiting for you.,12/10/2024,bgnra@gmail.com
ham,Meeting u is my work. . . Tel me when shall i do my work tomorrow,20/02/2022,mvqxt@gmail.com
spam,Someone U know has asked our dating service 2 contact you! Cant Guess who? CALL 09058091854 NOW all will be revealed. PO BOX385 M6 6WU,10/11/2023,qskel@gmail.com
ham,Jus finish bathing...,21/09/2022,krklv@gmail.com
ham,"alright, I'll make sure the car is back tonight",29/09/2022,lfbvv@gmail.com
spam,URGENT! We are trying to contact U. Todays draw shows that you have won a £800 prize GUARANTEED. Call 09050003091 from land line. Claim C52. Valid12hrs only,12/02/2022,vewmg@gmail.com
spam,Dear U've been invited to XCHAT. This is our final attempt to contact u! Txt CHAT to 86688,04/02/2024,wasaj@gmail.com
ham,Lul im gettin some juicy gossip at the hospital. Two nurses are talking about how fat they are gettin. And one thinks shes obese. Oyea.,07/05/2022,hjtyq@gmail.com
ham,Aight ill get on fb in a couple minutes,19/08/2022,wojqu@gmail.com
ham,Oi. Ami parchi na re. Kicchu kaaj korte iccha korche na. Phone ta tul na. Plz. Plz.,11/06/2024,jdtfq@gmail.com
ham,Where can download clear movies. Dvd copies.,10/11/2024,jmokt@gmail.com
ham,"Yep, by the pretty sculpture",24/12/2022,gioaf@gmail.com
ham,Convey my regards to him,05/09/2022,yplne@gmail.com
ham,Me too watching surya movie only. . .after 6 pm vijay movie POKKIRI,12/09/2022,dxemc@gmail.com
ham,You tell what happen dont behave like this to me. Ok no need to say,23/07/2022,shlcd@gmail.com
ham,Can u get pic msgs to your phone?,17/06/2023,tmfpb@gmail.com
ham,Send to someone else :-),11/07/2023,rhamy@gmail.com
ham,Wat makes some people dearer is not just de happiness dat u feel when u meet them but de pain u feel when u miss dem!!!,16/05/2023,bzhjg@gmail.com
ham,For me the love should start with attraction.i should feel that I need her every time around me.she should be the first thing which comes in my thoughts.I would start the day and end it with her.she should be there every time I dream.love will be then when my every breath has her name.my life should happen around her.my life will be named to her.I would cry for her.will give all my happiness and take all her sorrows.I will be ready to fight with anyone for her.I will be in love when I will be doing the craziest things for her.love will be when I don't have to proove anyone that my girl is the most beautiful lady on the whole planet.I will always be singing praises for her.love will be when I start up making chicken curry and end up makiing sambar.life will be the most beautiful then.will get every morning and thank god for the day because she is with me.I would like to say a lot..will tell later..,04/02/2023,rqoqd@gmail.com
ham,"FR'NDSHIP is like a needle of a clock. Though V r in d same clock, V r nt able 2 met. Evn if V meet,itz only 4few seconds. Bt V alwys stay conected. Gud 9t;-)",10/09/2023,nwicp@gmail.com
ham,I don't think he has spatula hands!,05/07/2023,zmgel@gmail.com
ham,You can never do NOTHING,11/01/2024,yzpeq@gmail.com
spam,You are awarded a SiPix Digital Camera! call 09061221061 from landline. Delivery within 28days. T Cs Box177. M221BP. 2yr warranty. 150ppm. 16 . p p£3.99,08/11/2022,addge@gmail.com
ham,Goodmorning today i am late for  &lt;DECIMAL&gt; min.,19/12/2022,bvglz@gmail.com
spam,WIN URGENT! Your mobile number has been awarded with a £2000 prize GUARANTEED call 09061790121 from land line. claim 3030 valid 12hrs only 150ppm,17/06/2022,nwkek@gmail.com
ham,Please da call me any mistake from my side sorry da. Pls da goto doctor.,19/06/2022,plnfl@gmail.com
ham,Where r we meeting?,13/10/2022,qaplk@gmail.com
ham,"Well the weather in cali's great. But its complexities are great. You need a car to move freely, its taxes are outrageous. But all in all its a great place. The sad part is i missing home.",01/02/2024,wsqaq@gmail.com
ham,Now only i reached home. . . I am very tired now. . I will come tomorro,19/10/2022,edrmy@gmail.com
ham,Ryder unsold.now gibbs.,10/02/2023,fwclj@gmail.com
spam,Dear Subscriber ur draw 4 £100 gift voucher will b entered on receipt of a correct ans. When was Elvis Presleys Birthday? TXT answer to 80062,10/08/2022,dbgic@gmail.com
ham,Don't fret. I'll buy the ovulation test strips and send them to you. You wont get them til like march. Can you send me your postal address.u'll be alright.Okay.,19/12/2023,vtbdl@gmail.com
ham,NO GIFTS!! You trying to get me to throw myself off a cliff or something?,19/12/2024,suzee@gmail.com
ham,Been up to ne thing interesting. Did you have a good birthday? When are u wrking nxt? I started uni today.,28/10/2024,fnvlu@gmail.com
ham,You busy or can I come by at some point and figure out what we're doing tomorrow,07/11/2024,rphqg@gmail.com
ham,"Yeah go on then, bored and depressed sittin waitin for phone to ring... Hope the wind drops though, scary",13/08/2024,mmdhu@gmail.com
ham,Black shirt n blue jeans... I thk i c ü...,21/05/2023,gekdp@gmail.com
ham,Aiyah sorry lor... I watch tv watch until i forgot 2 check my phone.,17/10/2024,fvlps@gmail.com
spam,Message Important information for O2 user. Today is your lucky day! 2 find out why log onto http://www.urawinner.com there is a fantastic surprise awaiting you,12/08/2022,odjtn@gmail.com
ham,on hen night. Going with a swing,15/04/2024,kfjps@gmail.com
ham,"Good afternoon, my love. How goes your day ? What are you up to ? I woke early and am online waiting for you ... Hmmm ... Italian boy is online I see . *grins*",18/01/2024,lmaya@gmail.com
ham,From someone not to smoke when every time I've smoked in the last two weeks is because of you calling or texting me that you wanted to smoke,24/03/2022,ajssg@gmail.com
ham,No you'll just get a headache trying to figure it out. U can trust me to do the math. I promise. O:-),16/09/2022,aqiir@gmail.com
ham,S s..first time..dhoni rocks...,03/04/2022,tzsow@gmail.com
ham,Ok ill tell the company,21/04/2023,pahpq@gmail.com
ham,"Awesome, think we can get an 8th at usf some time tonight?",28/09/2022,rvrgh@gmail.com
ham,So that means you still think of teju,01/01/2024,dhrkv@gmail.com
ham,"No I'm good for the movie, is it ok if I leave in an hourish?",03/02/2023,vqgoh@gmail.com
ham,No no:)this is kallis home ground.amla home town is durban:),18/04/2024,ehnkt@gmail.com
ham,So lets make it saturday or monday as per convenience.,14/12/2024,adczg@gmail.com
ham,Hey... What time is your driving on fri? We go for evaluation on fri?,29/05/2022,ehouq@gmail.com
spam,"449050000301 You have won a £2,000 price! To claim, call 09050000301.",16/05/2024,bxana@gmail.com
ham,I'm going 4 lunch now wif my family then aft dat i go str 2 orchard lor.,04/12/2022,rudpc@gmail.com
spam,"Bored of speed dating? Try SPEEDCHAT, txt SPEEDCHAT to 80155, if you don't like em txt SWAP and get a new chatter! Chat80155 POBox36504W45WQ 150p/msg rcd 16",29/05/2024,rwgcx@gmail.com
ham,Cancel cheyyamo?and get some money back?,21/04/2024,zvegh@gmail.com
spam,Do you want 750 anytime any network mins 150 text and a NEW video phone for only five pounds per week call 08000776320 now or reply for delivery Tomorrow,19/10/2024,yerdo@gmail.com
ham,Ok.ok ok..then..whats ur todays plan,12/06/2023,ecqos@gmail.com
ham,Good morning princess! How are you?,19/12/2023,ifpwb@gmail.com
ham,Aiyar sorry lor forgot 2 tell u...,15/03/2024,awxmh@gmail.com
spam,For taking part in our mobile survey yesterday! You can now have 500 texts 2 use however you wish. 2 get txts just send TXT to 80160 T&C www.txt43.com 1.50p,29/05/2024,apfnu@gmail.com
ham,Not tonight mate. Catching up on some sleep. This is my new number by the way.,17/03/2024,sobvg@gmail.com
ham,"Height of ""Oh shit....!!"" situation: A guy throws a luv letter on a gal but falls on her brothers head whos a gay,.;-):-D",20/08/2022,hbaju@gmail.com
spam,Ur HMV Quiz cash-balance is currently £500 - to maximize ur cash-in now send HMV1 to 86688 only 150p/msg,26/04/2024,zqvvm@gmail.com
ham,"So check your errors and if you had difficulties, do correction.",07/10/2023,azrsj@gmail.com
ham,Howz pain?hope u r fine..,03/09/2023,iiuki@gmail.com
ham,"Sorry, I'll call later",09/08/2023,fxhls@gmail.com
ham,Good morning princess! How are you?,25/03/2022,cvstk@gmail.com
ham,"As I entered my cabin my PA said, '' Happy B'day Boss !!''. I felt special. She askd me 4 lunch. After lunch she invited me to her apartment. We went there.",07/09/2024,psiqz@gmail.com
ham,U wake up already? Thanx 4 e tau sar piah it's quite nice.,09/11/2023,jvjnk@gmail.com
ham,K do I need a login or anything,07/02/2024,cfitv@gmail.com
spam,Dont forget you can place as many FREE Requests with 1stchoice.co.uk as you wish. For more Information call 08707808226.,02/10/2024,oogsm@gmail.com
ham,LOL ... No just was busy,09/01/2022,ebcou@gmail.com
ham,What * u wearing?,06/05/2023,qirnf@gmail.com
ham,Message:some text missing* Sender:Name Missing* *Number Missing *Sent:Date missing *Missing U a lot thats y everything is missing sent via fullonsms.com,23/04/2022,untpd@gmail.com
ham,Oh:)as usual vijay film or its different?,09/06/2024,fsjyz@gmail.com
spam,I don't know u and u don't know me. Send CHAT to 86688 now and let's find each other! Only 150p/Msg rcvd. HG/Suite342/2Lands/Row/W1J6HL LDN. 18 years or over.,27/12/2024,uzbuc@gmail.com
ham,Have you had a good day? Mine was really busy are you up to much tomorrow night?,22/05/2023,rivbe@gmail.com
ham,And is there a way you can send shade's stuff to her. And she has been wonderful too.,12/09/2023,fyber@gmail.com
ham,Really... I tot ur paper ended long ago... But wat u copied jus now got use? U happy lar... I still haf 2 study :-(,13/07/2022,cbgcy@gmail.com
spam,"Thank you, winner notified by sms. Good Luck! No future marketing reply STOP to 84122 customer services 08450542832",16/06/2022,xjjrd@gmail.com
ham,Babe ? I lost you ... :-(,18/04/2022,qjxma@gmail.com
ham,Ok... Help me ask if she's working tmr a not?,25/02/2023,lesej@gmail.com
ham,I'm not driving... Raining! Then i'll get caught at e mrt station lor.,25/06/2022,mdrvr@gmail.com
ham,Not a drop in the tank,07/09/2024,lvcgk@gmail.com
ham,(That said can you text him one more time?),08/01/2023,geezk@gmail.com
ham,"Sorry, I'll call later",22/10/2024,unjct@gmail.com
ham,Ok i go change also...,28/08/2022,bqkqx@gmail.com
spam,1000's of girls many local 2 u who r virgins 2 this & r ready 2 4fil ur every sexual need. Can u 4fil theirs? text CUTE to 69911(£1.50p. m),01/06/2022,kuqwz@gmail.com
ham,Did u find a sitter for kaitlyn? I was sick and slept all day yesterday.,26/07/2023,pfdoj@gmail.com
ham,"Sorry man, accidentally left my phone on silent last night and didn't check it til I got up",13/09/2022,vwnol@gmail.com
ham,Hey.. Something came up last min.. Think i wun be signing up tmr.. Hee,02/01/2023,podym@gmail.com
ham,He's an adult and would learn from the experience. There's no real danger. I just dont like peeps using drugs they dont need. But no comment,27/05/2022,qbpde@gmail.com
ham,Hey! There's veggie pizza... :/,31/08/2022,grefi@gmail.com
ham,Yun buying... But school got offer 2000 plus only...,08/03/2022,wcuqx@gmail.com
ham,You sure your neighbors didnt pick it up,31/05/2023,ygtdy@gmail.com
ham,K. I will sent it again,25/06/2023,jrcyo@gmail.com
spam,Free entry in 2 a wkly comp to win FA Cup final tkts 21st May 2005. Text FA to 87121 to receive entry question(std txt rate)T&C's apply 08452810075over18's,19/08/2022,fdbzv@gmail.com
ham,"New Theory: Argument wins d SITUATION, but loses the PERSON. So dont argue with ur friends just.. . . . kick them &amp; say, I'm always correct.!",24/10/2023,hyslq@gmail.com
ham,Well. Im computerless. Time to make some oreo truffles,04/12/2024,qwwza@gmail.com
ham,"Haha yeah I see that now, be there in a sec",07/11/2023,cuiia@gmail.com
ham,I am not having her number sir,03/12/2022,cxreu@gmail.com
ham,Lol now I'm after that hot air balloon!,27/01/2023,mqate@gmail.com
ham,Ok . . now i am in bus. . If i come soon i will come otherwise tomorrow,11/12/2023,nysep@gmail.com
ham,Msgs r not time pass.They silently say that I am thinking of U right now and also making U think of me at least 4 a moment. Gd nt.swt drms @Shesil,30/03/2024,hqgmi@gmail.com
ham,"Yeah, we can probably swing by once my roommate finishes up with his girl",16/05/2023,lxmll@gmail.com
spam,"Got what it takes 2 take part in the WRC Rally in Oz? U can with Lucozade Energy! Text RALLY LE to 61200 (25p), see packs or lucozade.co.uk/wrc & itcould be u!",30/05/2023,ftuwv@gmail.com
ham,Happy new years melody!,02/01/2022,wdrvz@gmail.com
ham,Ü dun need to pick ur gf?,29/05/2022,amgbc@gmail.com
ham,Yay! You better not have told that to 5 other girls either.,22/07/2023,clhwr@gmail.com
ham,Horrible u eat macs eat until u forgot abt me already rite... U take so long 2 reply. I thk it's more toot than b4 so b prepared. Now wat shall i eat?,07/11/2023,rpovl@gmail.com
ham,"Did he say how fantastic I am by any chance, or anything need a bigger life lift as losing the will 2 live, do you think I would be the first person 2 die from N V Q?",23/07/2023,lexbv@gmail.com
ham,Just nw i came to hme da..,03/01/2022,pavcm@gmail.com
ham,"I'm outside islands, head towards hard rock and you'll run into me",23/10/2022,ncepa@gmail.com
ham,To day class is there are no class.,14/04/2023,otrzu@gmail.com
ham,I'm in chennai velachery:),18/07/2024,dpnxm@gmail.com
ham,You flippin your shit yet?,04/02/2022,anvds@gmail.com
ham,"K give me a sec, breaking a  &lt;#&gt;  at cstore",13/02/2022,wiwfr@gmail.com
ham,Am i that much bad to avoid like this?,01/06/2023,qpkwo@gmail.com
ham,"Yo, you around? Just got my car back",04/12/2022,dtpfs@gmail.com
ham,Annoying isn't it.,16/01/2024,qjqxo@gmail.com
ham,"Goodmorning, Today i am late for  &lt;#&gt; min.",06/01/2022,epukc@gmail.com
ham,There's no point hangin on to mr not right if he's not makin u happy,30/08/2023,rluym@gmail.com
ham,All will come alive.better correct any good looking figure there itself..,05/02/2024,wzpxm@gmail.com
ham,In that case I guess I'll see you at campus lodge,09/05/2022,iumxw@gmail.com
ham,We're done...,16/10/2023,tcdjb@gmail.com
ham,Come to my home for one last time i wont do anything. Trust me.,02/08/2023,fnxsl@gmail.com
ham,I was up all night too worrying about this appt. It's a shame we missed a girls night out with quizzes popcorn and you doing my hair.,07/05/2022,zmpua@gmail.com
spam,Sex up ur mobile with a FREE sexy pic of Jordan! Just text BABE to 88600. Then every wk get a sexy celeb! PocketBabe.co.uk 4 more pics. 16 £3/wk 087016248,06/09/2022,somzw@gmail.com
ham,Ok... C ya...,24/10/2023,gkgxf@gmail.com
spam,You have 1 new voicemail. Please call 08719181503,22/02/2022,liskf@gmail.com
ham,What he said is not the matter. My mind saying some other matter is there.,20/06/2023,idyny@gmail.com
ham,He also knows about lunch menu only da. . I know,06/08/2022,ociyl@gmail.com
ham,"Al he does is moan at me if n e thin goes wrong its my fault&al de arguments r my fault&fed up of him of himso y bother? Hav 2go, thanx.xx",15/01/2022,jrshd@gmail.com
ham,NEFT Transaction with reference number  &lt;#&gt;  for Rs. &lt;DECIMAL&gt;  has been credited to the beneficiary account on  &lt;#&gt;  at  &lt;TIME&gt; : &lt;#&gt;,05/08/2023,tncly@gmail.com
ham,Otherwise had part time job na-tuition..,05/12/2022,owkcx@gmail.com
ham,I know she called me,01/07/2023,hmipi@gmail.com
ham,"Me also da, i feel yesterday night  wait til 2day night dear.",20/07/2023,oxbru@gmail.com
ham,Thanks for understanding. I've been trying to tell sura that.,14/04/2024,qbhqc@gmail.com
spam,WIN a year supply of CDs 4 a store of ur choice worth £500 & enter our £100 Weekly draw txt MUSIC to 87066 Ts&Cs www.Ldew.com.subs16+1win150ppmx3,13/11/2024,rodus@gmail.com
ham,The whole car appreciated the last two! Dad and are having a map reading semi argument but apart from that things are going ok. P.,02/04/2023,kxvhj@gmail.com
spam,"As a SIM subscriber, you are selected to receive a Bonus! Get it delivered to your door, Txt the word OK to No: 88600 to claim. 150p/msg, EXP. 30Apr",09/02/2023,qpqwv@gmail.com
ham,I need you to be in my strong arms...,15/11/2022,ubomc@gmail.com
ham,Also maaaan are you missing out,04/02/2023,fmxkv@gmail.com
ham,His bday real is in april .,06/09/2024,lgdyk@gmail.com
ham,Guessin you ain't gonna be here before 9?,06/10/2023,kajub@gmail.com
ham,Ok then i will come to ur home after half an hour,03/03/2023,rubxc@gmail.com
ham,"Yo, the game almost over? Want to go to walmart soon",13/04/2023,elzve@gmail.com
ham,"Yeah, probably but not sure. Ilol let u know, but personally I wuldnt bother, then again if ur goin to then I mite as well!!",02/10/2024,hleka@gmail.com
ham,I'll text now! All creepy like so he won't think that we forgot,11/11/2023,uctmw@gmail.com
ham,"that would be good … I'll phone you tomo lunchtime, shall I, to organise something?",17/12/2024,oveix@gmail.com
spam,You have 1 new voicemail. Please call 08719181513.,22/04/2023,atual@gmail.com
ham,"Damn, can you make it tonight or do you want to just wait til tomorrow",29/12/2023,grzkw@gmail.com
ham,K..k..i'm also fine:)when will you complete the course?,23/01/2023,hyofo@gmail.com
ham,"True. It is passable. And if you get a high score and apply for phd, you get 5years of salary. So it makes life easier.",27/12/2023,wbtel@gmail.com
spam,No. 1 Nokia Tone 4 ur mob every week! Just txt NOK to 87021. 1st Tone FREE ! so get txtin now and tell ur friends. 150p/tone. 16 reply HL 4info,24/08/2023,hugwr@gmail.com
ham,Prakesh is there know.,09/08/2023,ytnjt@gmail.com
ham,Teach me apps da. When you come to college.,14/08/2022,cmldd@gmail.com
ham,Rofl betta invest in some  anti aging products,24/05/2022,wxpvk@gmail.com
spam,You are a winner U have been specially selected 2 receive £1000 cash or a 4* holiday (flights inc) speak to a live operator 2 claim 0871277810810,30/05/2022,smziv@gmail.com
ham,"sir, you will receive the account no another 1hr time. Sorry for the delay.",28/06/2023,wxapy@gmail.com
spam,Reply with your name and address and YOU WILL RECEIVE BY POST a weeks completely free accommodation at various global locations www.phb1.com ph:08700435505150p,13/04/2023,mesma@gmail.com
ham,So ü'll be submitting da project tmr rite?,02/01/2022,ofldl@gmail.com
spam,FREE entry into our £250 weekly comp just send the word ENTER to 84128 NOW. 18 T&C www.textcomp.com cust care 08712405020.,04/02/2024,fmyzm@gmail.com
ham,Jus ans me lar. U'll noe later.,19/06/2023,lwopr@gmail.com
ham,I want to send something that can sell fast.  &lt;#&gt; k is not easy money.,22/06/2023,ztrse@gmail.com
ham,have got * few things to do. may be in * pub later.,13/08/2024,idqxv@gmail.com
ham,1's finish meeting call me.,12/07/2022,nmvak@gmail.com
ham,Lol ok. I'll snatch her purse too.,16/04/2024,kwcob@gmail.com
ham,Hello-/@drivby-:0quit edrunk sorry iff pthis makes no senrd-dnot no how ^ dancce 2 drum n basq!ihave fun 2nhite x ros xxxxxxx,03/04/2023,fxipj@gmail.com
ham,Your opinion about me? 1. Over 2. Jada 3. Kusruthi 4. Lovable 5. Silent 6. Spl character 7. Not matured 8. Stylish 9. Simple Pls reply..,27/04/2022,oxevo@gmail.com
ham,How much are we getting?,28/10/2024,enhmo@gmail.com
ham,Is ur paper in e morn or aft tmr?,19/05/2023,hmurs@gmail.com
ham,"Dear relieved of westonzoyland, all going to plan this end too!",03/11/2023,jwzpq@gmail.com
ham,Hope you are having a great new semester. Do wish you the very best. You are made for greatness.,10/05/2022,rxuuq@gmail.com
ham,Oh yes I can speak txt 2 u no! Hmm. Did u get  email?,17/11/2023,mdquf@gmail.com
ham,"I want to show you the world, princess :) how about europe?",24/07/2024,ltdbt@gmail.com
ham,Nobody can decide where to eat and dad wants Chinese,27/02/2024,myhvc@gmail.com
ham,No shoot me. I'm in the docs waiting room. :/,02/09/2023,ofejb@gmail.com
ham,Now? I'm going out 4 dinner soon..,30/05/2023,oyhjz@gmail.com
ham,Hello which the site to download songs its urgent pls,12/03/2022,kxqiu@gmail.com
ham,"I do know what u mean,  is the king of not havin credit! I'm goin2bed now. Night night sweet! Only1more sleep!",02/03/2023,vbwjo@gmail.com
ham,Horrible gal. Me in sch doing some stuff. How come u got mc?,10/01/2024,xaedk@gmail.com
ham,"HI HUN! IM NOT COMIN 2NITE-TELL EVERY1 IM SORRY 4 ME, HOPE U AVA GOODTIME!OLI RANG MELNITE IFINK IT MITE B SORTED,BUT IL EXPLAIN EVERYTHIN ON MON.L8RS.x",10/06/2024,nflqy@gmail.com
ham,"I call you later, don't have network. If urgnt, sms me.",13/02/2023,djfdx@gmail.com
ham,Ummmmmaah Many many happy returns of d day my dear sweet heart.. HAPPY BIRTHDAY dear,26/10/2024,raxyu@gmail.com
spam,Please CALL 08712402779 immediately as there is an urgent message waiting for you,03/07/2023,bknug@gmail.com
ham,Yeah like if it goes like it did with my friends imma flip my shit in like half an hour,11/07/2024,snlvm@gmail.com
ham,Mum say we wan to go then go... Then she can shun bian watch da glass exhibition...,09/04/2024,okplr@gmail.com
ham,What your plan for pongal?,28/03/2023,hxqzp@gmail.com
ham,Just wait till end of march when el nino gets himself. Oh.,23/07/2024,jlkpj@gmail.com
ham,"Not yet chikku..going to room nw, i'm in bus..",22/12/2023,sxhpd@gmail.com
ham,Am also doing in cbe only. But have to pay.,11/07/2022,vzdgy@gmail.com
ham,Honey boo I'm missing u.,19/07/2022,loezr@gmail.com
ham,"We have sent JD for Customer Service cum Accounts Executive to ur mail id, For details contact us",16/02/2022,uhubc@gmail.com
ham,"Yo, I'm at my parents' gettin cash. Good news: we picked up a downstem",11/12/2024,myqmz@gmail.com
ham,"Thank you so much. When we skyped wit kz and sura, we didnt get the pleasure of your company. Hope you are good. We've given you ultimatum oh! We are countin down to aburo. Enjoy!",27/02/2024,tzmpc@gmail.com
spam,"Hungry gay guys feeling hungry and up 4 it, now. Call 08718730555 just 10p/min. To stop texts call 08712460324 (10p/min)",12/01/2023,rygiv@gmail.com
ham,Ok. No wahala. Just remember that a friend in need ...,30/03/2023,jnmty@gmail.com
ham,I will see in half an hour,02/11/2024,zmwqq@gmail.com
ham,"Im in inperialmusic listening2the weirdest track ever byleafcutter john-sounds like insects being molested&someone plumbing,remixed by evil men on acid!",20/01/2022,ojtgc@gmail.com
ham,"Hey sorry I didntgive ya a a bellearlier hunny,just been in bedbut mite go 2 thepub l8tr if uwana mt up?loads a luv Jenxxx.",14/10/2024,uprzl@gmail.com
ham,SERIOUSLY. TELL HER THOSE EXACT WORDS RIGHT NOW.,26/06/2024,mjbbo@gmail.com
spam,Can U get 2 phone NOW? I wanna chat 2 set up meet Call me NOW on 09096102316 U can cum here 2moro Luv JANE xx Calls£1/minmoremobsEMSPOBox45PO139WA,20/03/2022,akkza@gmail.com
ham,"Tee hee. Off to lecture, cheery bye bye.",14/09/2023,pmxle@gmail.com
ham,"Sorry chikku, my cell got some problem thts y i was nt able to reply u or msg u..",06/05/2024,beifa@gmail.com
ham,If you still havent collected the dough pls let me know so i can go to the place i sent it to get the control number,05/01/2024,kedzz@gmail.com
ham,Ok...,22/02/2023,mfngc@gmail.com
spam,network operator. The service is free. For T & C's visit 80488.biz,20/10/2024,yjhak@gmail.com
ham,Let me know how to contact you. I've you settled in a room. Lets know you are ok.,28/08/2024,htmui@gmail.com
ham,Wot u up 2 u weirdo?,25/02/2023,mzxrm@gmail.com
ham,Can do lor...,27/10/2023,gyiaz@gmail.com
ham,Dont put your phone on silent mode ok,25/07/2024,hnagd@gmail.com
ham,Can i meet ü at 5.. As 4 where depends on where ü wan 2 in lor..,19/02/2023,mqpqz@gmail.com
ham,Waiting 4 my tv show 2 start lor... U leh still busy doing ur report?,17/03/2023,znnsw@gmail.com
ham,Oh ho. Is this the first time u use these type of words,16/09/2023,htxpo@gmail.com
ham,Am I the only one who doesn't stalk profiles?,16/05/2022,exahb@gmail.com
ham,"Ever green quote ever told by Jerry in cartoon ""A Person Who Irritates u Always Is the one Who Loves u Vry Much But Fails to Express It...!..!! :-) :-) gud nyt",21/10/2022,bmyyr@gmail.com
ham,Yes i thought so. Thanks.,18/11/2023,mfwgi@gmail.com
ham,But if she.s drinkin i'm ok.,15/02/2022,wpqtt@gmail.com
ham,"Just wondering, the others just took off",13/01/2023,qdlhf@gmail.com
ham,"Night has ended for another day, morning has come in a special way. May you smile like the sunny rays and leaves your worries at the blue blue bay. Gud mrng",13/02/2022,kaemc@gmail.com
ham,"What do you do, my dog ? Must I always wait till the end of your day to have word from you ? Did you run out of time on your cell already?",26/08/2022,gsddp@gmail.com
ham,Happy new year to u too!,23/01/2022,oefrn@gmail.com
ham,"Hey...Great deal...Farm tour 9am to 5pm $95/pax, $50 deposit by 16 May",09/03/2023,jksvk@gmail.com
ham,Eat jap done oso aft ur lect wat... Ü got lect at 12 rite...,25/02/2022,uznsw@gmail.com
ham,"Hey babe! I saw you came online for a second and then you disappeared, what happened ?",19/12/2023,twtmh@gmail.com
ham,Da my birthdate in certificate is in april but real date is today. But dont publish it. I shall give you a special treat if you keep the secret. Any way thanks for the wishes,30/10/2022,eapgp@gmail.com
ham,Happy birthday... May all ur dreams come true...,23/09/2022,ksips@gmail.com
ham,Aiyah u did ok already lar. E nydc at wheellock?,20/04/2022,tpzyg@gmail.com
ham,TELL HER I SAID EAT SHIT.,20/08/2024,griiy@gmail.com
ham,Sure! I am driving but will reach my destination soon.,14/04/2022,gqobl@gmail.com
ham,"K so am I, how much for an 8th? Fifty?",25/10/2024,hycsg@gmail.com
ham,Your daily text from me – a favour this time,08/01/2024,idfjy@gmail.com
ham,Great to hear you are settling well. So what's happenin wit ola?,24/07/2024,clddh@gmail.com
ham,Those cocksuckers. If it makes you feel better ipads are worthless garbage novelty items and you should feel bad for even wanting one,02/10/2022,cbdmb@gmail.com
ham,I tot u reach liao. He said t-shirt.,06/03/2024,qocda@gmail.com
ham,"FRAN I DECIDED 2 GO N E WAY IM COMPLETELY BROKE AN KNACKERED I GOT UP BOUT 3 C U 2MRW LOVE JANX P.S THIS IS MY DADS FONE, -NO CREDIT",02/01/2023,cuypg@gmail.com
ham,I cant pick the phone right now. Pls send a message,06/07/2022,qppyv@gmail.com
ham,Your right! I'll make the appointment right now.,11/09/2024,prlgf@gmail.com
ham,Designation is software developer and may be she get chennai:),14/06/2023,jtfis@gmail.com
spam,Enjoy the jamster videosound gold club with your credits for 2 new videosounds+2 logos+musicnews! get more fun from jamster.co.uk! 16+only Help? call: 09701213186,28/05/2024,tyzlx@gmail.com
spam,"Get 3 Lions England tone, reply lionm 4 mono or lionp 4 poly. 4 more go 2 www.ringtones.co.uk, the original n best. Tones 3GBP network operator rates apply",01/01/2023,locya@gmail.com
ham,I jokin oni lar.. Ü busy then i wun disturb ü.,14/08/2022,bhcjz@gmail.com
ham,"Ok, be careful ! Don't text and drive !",08/03/2023,xzlxo@gmail.com
ham,"I.ll always be there, even if its just in spirit. I.ll get a bb soon. Just trying to be sure i need it.",29/07/2023,pecnq@gmail.com
ham,U r too much close to my heart. If u go away i will be shattered. Plz stay with me.,07/05/2022,zpftb@gmail.com
ham,I love u 2 babe! R u sure everything is alrite. Is he being an idiot? Txt bak girlie,09/10/2024,ukeps@gmail.com
ham,How abt making some of the pics bigger?,05/06/2024,ajpad@gmail.com
ham,Got but got 2 colours lor. One colour is quite light n e other is darker lor. Actually i'm done she's styling my hair now.,16/03/2024,eqxax@gmail.com
ham,"Whenevr ur sad, Whenevr ur gray, Remembr im here 2 listn 2 watevr u wanna say, Jus walk wid me a little while,&amp; I promise I'll bring back ur smile.:-)",25/03/2024,jsxxg@gmail.com
ham,Why nothing. Ok anyway give me treat,22/05/2024,ycrmi@gmail.com
spam,"Win the newest “Harry Potter and the Order of the Phoenix (Book 5) reply HARRY, answer 5 questions - chance to be the first among readers!",04/04/2022,kokdk@gmail.com
ham,Ok...,02/05/2024,wmxys@gmail.com
ham,Correct. So how was work today,18/05/2024,cnnpe@gmail.com
ham,"Just sent again. Do you scream and moan in bed, princess?",30/05/2023,jhmig@gmail.com
ham,"I wake up long ago already... Dunno, what other thing?",19/04/2023,gffmj@gmail.com
ham,Oh just getting even with u.... u?,08/06/2024,ljamn@gmail.com
ham,I thk 50 shd be ok he said plus minus 10.. Did ü leave a line in between paragraphs?,06/08/2022,czghc@gmail.com
ham,Can you call me plz. Your number shows out of coveragd area. I have urgnt call in vasai &amp; have to reach before 4'o clock so call me plz,05/03/2024,puxwr@gmail.com
ham,Yeah jay's sort of a fucking retard,30/10/2023,dvake@gmail.com
ham,"Sorry, was in the bathroom, sup",14/01/2023,higjm@gmail.com
spam,Ur balance is now £500. Ur next question is: Who sang 'Uptown Girl' in the 80's ? 2 answer txt ur ANSWER to 83600. Good luck!,07/07/2022,xrnba@gmail.com
ham,My exam is for february 4. Wish you a great day.,06/05/2023,mmqok@gmail.com
ham,I dont know what to do to come out of this so only am ask questions like this dont mistake me.,27/07/2022,vzxcc@gmail.com
ham,"Aight no rush, I'll ask jay",03/05/2024,pofjm@gmail.com
ham,Good Morning plz call me sir,13/06/2024,lsvtr@gmail.com
ham,It's ok lar. U sleep early too... Nite...,14/04/2023,qxlat@gmail.com
ham,"Oh... Icic... K lor, den meet other day...",17/03/2024,qoiyp@gmail.com
ham,"Oh ! A half hour is much longer in Syria than Canada, eh ? Wow you must get SO much more work done in a day than us with all that extra time ! *grins*",13/09/2023,llzsp@gmail.com
ham,"Sometimes we put walls around our hearts,not just to be safe from getting hurt.. But to find out who cares enough to break the walls &amp; get closer.. GOODNOON:)",16/03/2023,eddzs@gmail.com
ham,"Sweet, we may or may not go to 4U to meet carlos so gauge patty's interest in that",08/05/2024,jeypu@gmail.com
ham,Then she buying today? Ü no need to c meh...,11/01/2022,kqwmf@gmail.com
ham,Aight sorry I take ten years to shower. What's the plan?,11/04/2023,jqqlm@gmail.com
ham,Every monday..nxt week vl be completing..,05/06/2023,ieigo@gmail.com
ham,Might ax well im there.,08/05/2023,xwahm@gmail.com
ham,Just chill for another 6hrs. If you could sleep the pain is not a surgical emergency so see how it unfolds. Okay,12/01/2024,yjudf@gmail.com
ham,Yeah I'll try to scrounge something up,22/03/2024,ewgna@gmail.com
ham,Crazy ar he's married. Ü like gd looking guys not me. My frens like say he's korean leona's fave but i dun thk he is. Aft some thinking mayb most prob i'll go.,29/03/2024,vwpzb@gmail.com
ham,Were somewhere on Fredericksburg,24/06/2022,ckiwy@gmail.com
ham,Que pases un buen tiempo or something like that,10/10/2022,ryepa@gmail.com
ham,Is it ok if I stay the night here? Xavier has a sleeping bag and I'm getting tired,15/08/2023,jelpa@gmail.com
ham,She doesnt need any test.,02/06/2022,plsyl@gmail.com
ham,"Nothing much, chillin at home. Any super bowl plan?",30/08/2023,kpier@gmail.com
spam,"FREE2DAY sexy St George's Day pic of Jordan!Txt PIC to 89080 dont miss out, then every wk a saucy celeb!4 more pics c PocketBabe.co.uk 0870241182716 £3/wk",04/02/2023,hewck@gmail.com
ham,Bugis oso near wat...,16/06/2023,ckxez@gmail.com
ham,Yo theres no class tmrw right?,29/08/2024,mikzv@gmail.com
ham,Let Ur Heart Be Ur Compass Ur Mind Ur Map Ur Soul Ur Guide And U Will Never loose in world....gnun - Sent via WAY2SMS.COM,13/04/2024,xexzy@gmail.com
ham,"Goodnight, sleep well da please take care pa. Please.",11/02/2022,cwsjl@gmail.com
ham,Baaaaabe! I misss youuuuu ! Where are you ? I have to go and teach my class at 5 ...,21/10/2024,rwikk@gmail.com
ham,Convey my regards to him,11/12/2023,lrwox@gmail.com
ham,U ned to convince him tht its not possible witot hurting his feeling its the main,22/09/2023,qtcpz@gmail.com
ham,"Good afternoon loverboy ! How goes you day ? Any luck come your way? I think of you, sweetie and send my love across the sea to make you smile and happy",30/07/2023,grgzj@gmail.com
ham,If i start sending blackberry torch to nigeria will you find buyer for me?like 4a month. And tell dad not to buy bb from anyone oh.,15/10/2023,dluwp@gmail.com
ham,"&lt;#&gt; %of pple marry with their lovers... becz they hav gud undrstndng dat avoids problems. i sent dis 2 u, u wil get gud news on friday by d person you like. And tomorrow will be the best day of your life. Dont break this chain. If you break you will suffer. send this to  &lt;#&gt;  frnds in &lt;#&gt;  mins whn u read...",09/12/2024,ugbjf@gmail.com
ham,Yo dude guess who just got arrested the other day,20/01/2023,cxhbm@gmail.com
ham,Shuhui say change 2 suntec steamboat? U noe where? Where r u now?,20/04/2023,niwij@gmail.com
ham,What does the dance river do?,18/10/2023,kuscg@gmail.com
ham,"Yetunde, i'm sorry but moji and i seem too busy to be able to go shopping. Can you just please find some other way to get what you wanted us to get. Please forgive me. You can reply free via yahoo messenger.",25/05/2024,dkuhr@gmail.com
ham,Hey i will be really pretty late... You want to go for the lesson first? I will join you. I'm only reaching tp mrt,14/03/2024,gupbq@gmail.com
spam,"HOT LIVE FANTASIES call now 08707509020 Just 20p per min NTT Ltd, PO Box 1327 Croydon CR9 5WB 0870..k",28/04/2022,tpngt@gmail.com
ham,Bbq this sat at mine from 6ish. Ur welcome 2 come,14/05/2024,loilf@gmail.com
ham,"I don't know, same thing that's wrong everyso often, he panicks starts goin on bout not bein good enough …",12/12/2022,oboao@gmail.com
ham,Alright. I'm out--have a good night!,18/06/2023,iuuif@gmail.com
ham,Did you try making another butt.,23/07/2022,kffni@gmail.com
ham,Hope you are feeling great. Pls fill me in. Abiola,23/03/2024,ascev@gmail.com
ham,I though we shd go out n have some fun so bar in town or something – sound ok?,28/12/2023,fdkrx@gmail.com
ham,"1) Go to write msg 2) Put on Dictionary mode 3)Cover the screen with hand, 4)Press  &lt;#&gt; . 5)Gently remove Ur hand.. Its interesting..:)",24/02/2023,jllbc@gmail.com
spam,"Bears Pic Nick, and Tom, Pete and ... Dick. In fact, all types try gay chat with photo upload call 08718730666 (10p/min). 2 stop texts call 08712460324",23/11/2024,adnfs@gmail.com
spam,"500 New Mobiles from 2004, MUST GO! Txt: NOKIA to No: 89545 & collect yours today!From ONLY £1 www.4-tc.biz 2optout 087187262701.50gbp/mtmsg18 TXTAUCTION",30/06/2022,oojqn@gmail.com
ham,We're finally ready fyi,11/11/2024,aggtf@gmail.com
ham,Auntie huai juan never pick up her phone,10/12/2023,amuaq@gmail.com
spam,Double Mins & Double Txt & 1/2 price Linerental on Latest Orange Bluetooth mobiles. Call MobileUpd8 for the very latest offers. 08000839402 or call2optout/LF56,21/07/2022,ghxza@gmail.com
ham,"Ya tel, wats ur problem..",23/02/2022,ivdfo@gmail.com
spam,No. 1 Nokia Tone 4 ur mob every week! Just txt NOK to 87021. 1st Tone FREE ! so get txtin now and tell ur friends. 150p/tone. 16 reply HL 4info,14/02/2022,vyzob@gmail.com
ham,i dnt wnt to tlk wid u,07/10/2022,qiafg@gmail.com
ham,"We spend our days waiting for the ideal path to appear in front of us.. But what we forget is.. ""paths are made by walking.. not by waiting.."" Goodnight!",05/01/2023,pnhtu@gmail.com
ham,Its ok my arm is feeling weak cuz i got a shot so we can go another time,15/02/2024,uptyr@gmail.com
ham,Please reserve ticket on saturday eve from chennai to thirunelvali and again from tirunelvali to chennai on sunday eve...i already see in net..no ticket available..i want to book ticket through tackle ..,25/11/2022,jutvd@gmail.com
ham,"Storming msg: Wen u lift d phne, u say ""HELLO"" Do u knw wt is d real meaning of HELLO?? . . . It's d name of a girl..! . . . Yes.. And u knw who is dat girl?? ""Margaret Hello"" She is d girlfrnd f Grahmbell who invnted telphone... . . . . Moral:One can 4get d name of a person, bt not his girlfrnd... G o o d n i g h t . . .@",23/01/2022,bouyd@gmail.com
ham,That's ok. I popped in to ask bout something and she said you'd been in. Are you around tonght wen this girl comes?,18/07/2024,aopqp@gmail.com
ham,All e best 4 ur exam later.,07/02/2024,qmnqt@gmail.com
ham,Hope ur head doesn't hurt 2 much ! Am ploughing my way through a pile of ironing ! Staying in with a chinky tonight come round if you like.,06/11/2024,kzamq@gmail.com
ham,Oh k.i think most of wi and nz players unsold.,08/06/2024,kcuij@gmail.com
ham,"Haha... Where got so fast lose weight, thk muz go 4 a month den got effect... Gee,later we go aust put bk e weight.",28/04/2022,bfxmw@gmail.com
ham,"I wonder how you got online, my love ? Had you gone to the net cafe ? Did you get your phone recharged ? Were you on a friends net ? I think of you, boytoy",19/05/2024,wzujh@gmail.com
ham,"Haha just kidding, papa needs drugs",09/07/2023,nkkgb@gmail.com
ham,"Thk shld b can... Ya, i wana go 4 lessons... Haha, can go for one whole stretch...",05/06/2024,gigbi@gmail.com
ham,Oh ok..,12/05/2022,ppabo@gmail.com
ham,R we still meeting 4 dinner tonight?,02/09/2024,hflcc@gmail.com
ham,Thats cool! I am a gentleman and will treat you with dignity and respect.,18/09/2023,iynjo@gmail.com
ham,Shall i start from hear.,12/12/2023,uzagv@gmail.com
ham,Then we wait 4 u lor... No need 2 feel bad lar...,04/10/2022,qstej@gmail.com
ham,No did you check? I got his detailed message now,02/12/2023,vqjzb@gmail.com
ham,You have registered Sinco as Payee. Log in at icicibank.com and enter URN  &lt;#&gt;  to confirm. Beware of frauds. Do NOT share or disclose URN to anyone.,23/06/2023,zatqz@gmail.com
ham,"No, I decided that only people who care about stuff vote and caring about stuff is for losers",08/03/2023,cynkd@gmail.com
ham,Kaiez... Enjoy ur tuition... Gee... Thk e second option sounds beta... I'll go yan jiu den msg u...,04/10/2023,uvlmi@gmail.com
ham,You have registered Sinco as Payee. Log in at icicibank.com and enter URN  &lt;#&gt;  to confirm. Beware of frauds. Do NOT share or disclose URN to anyone.,03/01/2024,zabni@gmail.com
ham,cool. We will have fun practicing making babies!,19/08/2024,idohc@gmail.com
ham,Actually getting ready to leave the house.,15/04/2022,agkaa@gmail.com
ham,K..k..any special today?,09/04/2024,cncto@gmail.com
spam,"URGENT, IMPORTANT INFORMATION FOR O2 USER. TODAY IS YOUR LUCKY DAY! 2 FIND OUT WHY LOG ONTO HTTP://WWW.URAWINNER.COM THERE IS A FANTASTIC SURPRISE AWAITING FOR YOU",01/02/2022,wpkcz@gmail.com
ham,Then we gotta do it after that,20/10/2024,yfhqj@gmail.com
ham,"I've got ten bucks, jay is being noncomittal",26/06/2022,jdzhs@gmail.com
ham,Where at were hungry too,18/09/2024,tpmtb@gmail.com
ham,Pls speak to that customer machan.,06/03/2022,bkall@gmail.com
ham,somewhere out there beneath the pale moon light someone think in of u some where out there where dreams come true... goodnite &amp; sweet dreams,25/07/2023,mgkop@gmail.com
ham,"Wen ur lovable bcums angry wid u, dnt take it seriously.. Coz being angry is d most childish n true way of showing deep affection, care n luv!.. kettoda manda... Have nice day da.",05/02/2022,dqsjq@gmail.com
spam,Dear U've been invited to XCHAT. This is our final attempt to contact u! Txt CHAT to 86688 150p/MsgrcvdHG/Suite342/2Lands/Row/W1J6HL LDN 18 yrs,03/05/2022,idsao@gmail.com
ham,So wats ur opinion abt him and how abt is character?,17/01/2024,yyfld@gmail.com
ham,Jay is snickering and tells me that x is totally fucking up the chords as we speak,27/12/2023,hbxpb@gmail.com
ham,No..few hours before.went to hair cut .,21/07/2022,tmeji@gmail.com
ham,No wonder... Cos i dun rem seeing a silver car... But i thk i saw a black one...,08/03/2024,jvjya@gmail.com
ham,Lmao. Take a pic and send it to me.,09/01/2023,jzpyd@gmail.com
ham,Speak only when you feel your words are better than the silence... Gud mrng:-),17/06/2024,aoqhq@gmail.com
ham,No. She's currently in scotland for that.,28/11/2024,xukjh@gmail.com
ham,Do you work all this week ?,31/07/2023,yunel@gmail.com
spam,Congratulations ur awarded either £500 of CD gift vouchers & Free entry 2 our £100 weekly draw txt MUSIC to 87066 TnCs www.Ldew.com 1 win150ppmx3age16,09/03/2024,wnivg@gmail.com
ham,Lol great now im getting hungry.,30/07/2022,ytlpu@gmail.com
ham,Yes.. now only saw your message..,10/06/2023,noybl@gmail.com
ham,I'll be at mu in like  &lt;#&gt;  seconds,13/12/2024,snpnt@gmail.com
ham,Ok...,23/11/2022,jtsyn@gmail.com
ham,THING R GOOD THANX GOT EXAMS IN MARCH IVE DONE NO REVISION? IS FRAN STILL WITH BOYF? IVE GOTTA INTERVIW 4 EXETER BIT WORRIED!x,24/04/2023,lattq@gmail.com
ham,"Tell you what, if you make a little spreadsheet and track whose idea it was to smoke to determine who ""smokes too much"" for the entire month of february, I'll come up",08/01/2024,xhhbb@gmail.com
spam,For sale - arsenal dartboard. Good condition but no doubles or trebles!,12/11/2023,dpknn@gmail.com
ham,Don't look back at the building because you have no coat and i don't want you to get more sick. Just hurry home and wear a coat to the gym!!!,12/04/2023,lgewo@gmail.com
ham,"My painful personal thought- ""I always try to keep everybody happy all the time. But nobody recognises me when i am alone""",28/04/2024,chpdl@gmail.com
ham,Thanks for ve lovely wisheds. You rock,13/10/2024,nztlg@gmail.com
ham,You intrepid duo you! Have a great time and see you both soon.,15/09/2024,vmbuj@gmail.com
ham,I asked sen to come chennai and search for job.,12/09/2023,lumdi@gmail.com
ham,Dad went out oredi...,11/02/2022,ysihy@gmail.com
ham,"I jus hope its true that  missin me cos i'm really missin him! You haven't done anything to feel guilty about, yet.",08/08/2022,eywmu@gmail.com
ham,Wat so late still early mah. Or we juz go 4 dinner lor. Aiya i dunno...,05/12/2023,gcoca@gmail.com
ham,"Arms fine, how's Cardiff and uni?",16/11/2022,locyg@gmail.com
ham,In fact when do you leave? I think addie goes back to school tues or wed,23/10/2024,echmx@gmail.com
ham,"Cool breeze... Bright sun... Fresh flower... Twittering birds... All these waiting to wish u: ""GOODMORNING &amp; HAVE A NICE DAY"" :)",16/01/2024,wxgnv@gmail.com
ham,Ya:)going for restaurant..,30/01/2022,uaeqm@gmail.com
ham,"Its ok., i just askd did u knw tht no?",25/02/2023,vjjjx@gmail.com
spam,Free 1st week entry 2 TEXTPOD 4 a chance 2 win 40GB iPod or £250 cash every wk. Txt POD to 84128 Ts&Cs www.textpod.net custcare 08712405020.,05/10/2023,ayakl@gmail.com
ham,Those ducking chinchillas,11/12/2022,ocwci@gmail.com
ham,I am in a marriage function,04/11/2023,kanqn@gmail.com
ham,Looks like u wil b getting a headstart im leaving here bout 2.30ish but if u r desperate for my company I could head in earlier-we were goin to meet in rummer.,11/01/2022,gvcbt@gmail.com
ham,Don‘t give a flying monkeys wot they think and I certainly don‘t mind. Any friend of mine and all that!,27/01/2024,ttwen@gmail.com
spam,As a registered optin subscriber ur draw 4 £100 gift voucher will be entered on receipt of a correct ans to 80062 Whats No1 in the BBC charts,23/04/2022,vxfgs@gmail.com
ham,say thanks2.,19/01/2024,qgknr@gmail.com
ham,Msg me when rajini comes.,07/02/2022,yaljl@gmail.com
ham,Ya! when are ü taking ure practical lessons? I start in june..,19/09/2024,xqzdu@gmail.com
ham,"That's good, because I need drugs",08/03/2022,aogqc@gmail.com
ham,Stupid.its not possible,30/03/2022,drmuj@gmail.com
ham,Can ü all decide faster cos my sis going home liao..,15/11/2024,ywjce@gmail.com
spam,Summers finally here! Fancy a chat or flirt with sexy singles in yr area? To get MATCHED up just reply SUMMER now. Free 2 Join. OptOut txt STOP Help08714742804,05/01/2022,qwalv@gmail.com
ham,U sleeping now.. Or you going to take? Haha.. I got spys wat.. Me online checking n replying mails lor..,13/03/2023,hpttx@gmail.com
spam,CLAIRE here am havin borin time & am now alone U wanna cum over 2nite? Chat now 09099725823 hope 2 C U Luv CLAIRE xx Calls£1/minmoremobsEMSPOBox45PO139WA,06/01/2022,ncibh@gmail.com
ham,"Fighting with the world is easy, u either win or lose bt fightng with some1 who is close to u is dificult if u lose - u lose if u win - u still lose.",17/07/2022,ondks@gmail.com
spam,Bought one ringtone and now getting texts costing 3 pound offering more tones etc,07/03/2024,cbqbk@gmail.com
ham,"Yalru lyfu astne chikku.. Bt innu mundhe lyf ali halla ke bilo (marriage)program edhae, so lyf is nt yet ovr chikku..ali vargu lyfu meow meow:-D",11/11/2024,qolus@gmail.com
ham,Kinda. First one gets in at twelve! Aah. Speak tomo,27/06/2022,uqpsd@gmail.com
spam,"09066362231 URGENT! Your mobile No 07xxxxxxxxx won a £2,000 bonus caller prize on 02/06/03! this is the 2nd attempt to reach YOU! call 09066362231 ASAP!",07/06/2022,placa@gmail.com
ham,Ok good then i later come find ü... C lucky i told ü to go earlier... Later pple take finish ü no more again...,22/12/2023,yxfqq@gmail.com
ham,Wat makes u thk i'll fall down. But actually i thk i'm quite prone 2 falls. Lucky my dad at home i ask him come n fetch me already.,09/06/2024,dbcle@gmail.com
spam,"YOU 07801543489 are guaranteed the latests Nokia Phone, a 40GB iPod MP3 player or a £500 prize! Txt word:COLLECT to No:83355! TC-LLC NY-USA 150p/Mt msgrcvd18+",22/02/2022,fjkrw@gmail.com
ham,Your account has been refilled successfully by INR  &lt;DECIMAL&gt; . Your KeralaCircle prepaid account balance is Rs  &lt;DECIMAL&gt; . Your Transaction ID is KR &lt;#&gt; .,13/04/2022,kjytk@gmail.com
ham,I wont touch you with out your permission.,21/01/2022,ekrqx@gmail.com
spam,Hi its LUCY Hubby at meetins all day Fri & I will B alone at hotel U fancy cumin over? Pls leave msg 2day 09099726395 Lucy x Calls£1/minMobsmoreLKPOBOX177HP51FL,03/02/2022,ybzmk@gmail.com
ham,"7 wonders in My WORLD 7th You 6th Ur style 5th Ur smile 4th Ur Personality 3rd Ur Nature 2nd Ur SMS and 1st ""Ur Lovely Friendship""... good morning dear",16/05/2024,evnhd@gmail.com
ham,Take some small dose tablet for fever,03/02/2023,oppgo@gmail.com
ham,Oh. U must have taken your REAL Valentine out shopping first.,25/12/2023,xemuj@gmail.com
ham,"Just sent you an email – to an address with incomm in it, is that right?",06/09/2022,xbjro@gmail.com
ham,"Will do, you gonna be at blake's all night? I might be able to get out of here a little early",14/07/2023,zwxtm@gmail.com
ham,"Friendship is not a game to play, It is not a word to say, It doesn\'t start on March and ends on May, It is tomorrow, yesterday, today and e",26/11/2024,dotfn@gmail.com
ham,"Nice. Wait...should you be texting right now? I'm not gonna pay your ticket, ya know!",29/11/2023,cwmqa@gmail.com
ham,I'm watching lotr w my sis dis aft. So u wan 2 meet me 4 dinner at nite a not?,22/05/2023,xlvdt@gmail.com
ham,Why you keeping me away like this,18/04/2023,nupxk@gmail.com
ham,I think its far more than that but find out. Check google maps for a place from your dorm.,07/02/2023,vrzzr@gmail.com
ham,My trip was ok but quite tiring lor. Uni starts today but it's ok 4 me cos i'm not taking any modules but jus concentrating on my final yr project.,04/11/2024,cejbn@gmail.com
ham,Have you always been saying welp?,10/01/2024,eegno@gmail.com
ham,"I'm a guy, browsin is compulsory",07/05/2024,xauhz@gmail.com
ham,Ok...,02/12/2024,fojrk@gmail.com
ham,Purity of friendship between two is not about smiling after reading the forwarded message..Its about smiling just by seeing the name. Gud evng musthu,23/05/2023,qxjlu@gmail.com
ham,"Sorry, I'll call later",18/11/2023,lonpe@gmail.com
ham,"(I should add that I don't really care and if you can't I can at least get this dude to fuck off but hey, your money if you want it)",19/01/2022,ajpaj@gmail.com
ham,"Hello lover! How goes that new job? Are you there now? Are you happy? Do you think of me? I wake, my slave and send you a teasing kiss from across the sea",15/09/2024,xnjsc@gmail.com
ham,I told your number to gautham..,31/01/2022,qrdgc@gmail.com
ham,Tell them no need to investigate about me anywhere.,09/03/2024,lemqx@gmail.com
ham,Ok i juz receive..,09/09/2022,xskbr@gmail.com
ham,"Cant believe i said so many things to you this morning when all i really wanted to say was good morning, i love you! Have a beautiful morning. See you in the library later.",26/06/2023,akqte@gmail.com
spam,"Your account has been credited with 500 FREE Text Messages. To activate, just txt the word: CREDIT to No: 80488 T&Cs www.80488.biz",17/11/2024,jftrh@gmail.com
ham,In the end she might still vomit but its okay. Not everything will come out.,04/12/2022,ptnyw@gmail.com
ham,How are you with moneY...as in to you...money aint a thing....how are you sha!,01/12/2023,smjkx@gmail.com
ham,It has everything to do with the weather. Keep extra warm. Its a cold but nothing serious. Pls lots of vitamin c,17/10/2024,celfp@gmail.com
ham,Hey gals.. Anyone of u going down to e driving centre tmr?,06/02/2022,wuujf@gmail.com
ham,I'm always on yahoo messenger now. Just send the message to me and i.ll get it you may have to send it in the mobile mode sha but i.ll get it. And will reply.,09/01/2022,zrqcg@gmail.com
ham,I'm putting it on now. It should be ready for  &lt;TIME&gt;,31/07/2023,vjvsz@gmail.com
ham,"Time n Smile r the two crucial things in our life. Sometimes time makes us to forget smile, and sometimes someone's smile makes us to forget time gud noon",03/05/2023,mftsm@gmail.com
spam,"SMS. ac JSco: Energy is high, but u may not know where 2channel it. 2day ur leadership skills r strong. Psychic? Reply ANS w/question. End? Reply END JSCO",05/10/2022,opqmv@gmail.com
ham,Host-based IDPS for linux systems.,26/08/2023,jdwon@gmail.com
spam,"HOT LIVE FANTASIES call now 08707509020 Just 20p per min NTT Ltd, PO Box 1327 Croydon CR9 5WB 0870 is a national rate call",28/09/2024,vejef@gmail.com
ham,Don no da:)whats you plan?,28/12/2022,mjukf@gmail.com
ham,Ill be there on  &lt;#&gt;  ok.,05/02/2022,gfebx@gmail.com
ham,Oh my God. I'm almost home,20/10/2022,cnzpb@gmail.com
ham,Total video converter free download type this in google search:),18/05/2024,lzglw@gmail.com
spam,Thanks for the Vote. Now sing along with the stars with Karaoke on your mobile. For a FREE link just reply with SING now.,20/03/2022,yedfe@gmail.com
ham,"Wen ur lovable bcums angry wid u, dnt take it seriously.. Coz being angry is d most childish n true way of showing deep affection, care n luv!.. kettoda manda... Have nice day da.",21/11/2024,kcflx@gmail.com
ham,Sounds like something that someone testing me would sayy,28/05/2024,vlmwl@gmail.com
ham,When u love someone Dont make them to love u as much as u do. But Love them so much that they dont want to be loved by anyone except you... Gud nit.,12/08/2022,dlccl@gmail.com
ham,"Pete,is this your phone still? Its Jenny from college and Leanne.what are you up to now?:)",10/12/2024,cxoon@gmail.com
ham,Oops sorry. Just to check that you don't mind picking me up tomo at half eight from station. Would that be ok?,20/01/2023,ibjzs@gmail.com
ham,"Hey sweet, I was wondering when you had a moment if you might come to me ? I want to send a file to someone but it won't go over yahoo for them because their connection sucks, remember when you set up that page for me to go to and download the format disc ? Could you tell me how to do that ? Or do you know some other way to download big files ? Because they can download stuff directly from the internet. Any help would be great, my prey ... *teasing kiss*",10/03/2023,aqibc@gmail.com
ham,Hows the champ just leaving glasgow!,10/08/2023,fhddd@gmail.com
ham,K:)all the best:)congrats...,23/06/2022,punbv@gmail.com
ham,I wonder if you'll get this text?,22/09/2022,orkft@gmail.com
ham,I need to come home and give you some good lovin...,12/07/2022,hnmey@gmail.com
spam,Our brand new mobile music service is now live. The free music player will arrive shortly. Just install on your phone to browse content from the top artists.,02/11/2022,hpxyn@gmail.com
ham,Shall i ask one thing if you dont mistake me.,26/06/2022,iqjdf@gmail.com
ham,Check wid corect speling i.e. Sarcasm,13/01/2023,dsprc@gmail.com
spam,"URGENT! Your Mobile No was awarded a £2,000 Bonus Caller Prize on 1/08/03! This is our 2nd attempt to contact YOU! Call 0871-4719-523 BOX95QU BT National Rate",07/11/2022,fbcka@gmail.com
ham,Are you angry with me. What happen dear,08/07/2024,nezlw@gmail.com
ham,I thk u dun haf 2 hint in e forum already lor... Cos i told ron n darren is going 2 tell shuhui.,12/08/2024,bnesr@gmail.com
ham,Yup ok thanx...,14/10/2022,jzxrl@gmail.com
ham,Hi:)cts employee how are you?,06/03/2023,fxjvg@gmail.com
ham,Pls pls find out from aunt nike.,29/10/2022,gtqty@gmail.com
ham,"Wow ... I love you sooo much, you know ? I can barely stand it ! I wonder how your day goes and if you are well, my love ... I think of you and miss you",27/02/2023,quwpx@gmail.com
ham,No screaming means shouting..,12/08/2023,goedi@gmail.com
ham,Hey what happen de. Are you alright.,07/08/2024,sarmr@gmail.com
ham,Should I have picked up a receipt or something earlier,03/09/2024,rdylr@gmail.com
ham,I think chennai well settled?,01/07/2022,epmvp@gmail.com
ham,Oh dang! I didn't mean o send that to you! Lol!,24/04/2023,yoyew@gmail.com
ham,Unfortunately i've just found out that we have to pick my sister up from the airport that evening so don't think i'll be going out at all. We should try to go out one of th,23/02/2024,yawox@gmail.com
ham,Horrible bf... I now v hungry...,11/03/2022,thrye@gmail.com
ham,Remember on that day..,22/10/2022,nmhhs@gmail.com
spam,You have won a Nokia 7250i. This is what you get when you win our FREE auction. To take part send Nokia to 86021 now. HG/Suite342/2Lands Row/W1JHL 16+,08/12/2024,hhugz@gmail.com
ham,How's it feel? Mr. Your not my real Valentine just my yo Valentine even tho u hardly play!!,03/06/2023,htejc@gmail.com
ham,All sounds good. Fingers . Makes it difficult to type,27/06/2024,ugggu@gmail.com
ham,Midnight at the earliest,31/08/2024,ppoqc@gmail.com
ham,You're not sure that I'm not trying to make xavier smoke because I don't want to smoke after being told I smoke too much?,04/11/2024,alxwd@gmail.com
ham,K come to nordstrom when you're done,15/06/2022,wwyjc@gmail.com
ham,Do u konw waht is rael FRIENDSHIP Im gving yuo an exmpel: Jsut ese tihs msg.. Evrey splleing of tihs msg is wrnog.. Bt sitll yuo can raed it wihtuot ayn mitsake.. GOODNIGHT &amp; HAVE A NICE SLEEP..SWEET DREAMS..,31/10/2022,qbatm@gmail.com
ham,Now press conference da:),21/06/2023,dolqf@gmail.com
spam,"Hello from Orange. For 1 month's free access to games, news and sport, plus 10 free texts and 20 photo messages, reply YES. Terms apply: www.orange.co.uk/ow",10/06/2023,swljb@gmail.com
ham,After completed degree. There is no use in joining finance.,10/12/2024,uiosj@gmail.com
ham,"Good afternoon, my love ! Any job prospects ? Are you missing me ? What do you do ? Are you being lazy and bleak, hmmm ? Or happy and filled with my love ?",28/08/2022,xqcuu@gmail.com
ham,Shant disturb u anymore... Jia you...,06/04/2022,gzgbu@gmail.com
ham,Bishan lar nearer... No need buy so early cos if buy now i gotta park my car...,19/02/2023,hsqqf@gmail.com
ham,"Me, i dont know again oh",01/06/2022,ydqro@gmail.com
ham,Dude sux for snake. He got old and raiden got buff,31/03/2023,evbtt@gmail.com
ham,He says hi and to get your ass back to south tampa (preferably at a kegger),29/06/2023,xmmas@gmail.com
ham,In e msg jus now. U said thanks for gift.,06/04/2024,elhxj@gmail.com
ham,U too...,26/03/2022,csflr@gmail.com
ham,Ok how you dear. Did you call chechi,16/09/2023,gngbv@gmail.com
ham,Yeah we do totes. When u wanna?,20/04/2024,irgsd@gmail.com
ham,Ok i found dis pierre cardin one which looks normal costs 20 its on sale.,03/01/2022,bhzzv@gmail.com
ham,Good sleep is about rhythm. The person has to establish a rhythm that the body will learn and use. If you want to know more :-),10/04/2024,gxtth@gmail.com
ham,Wat r u doing?,06/12/2024,bzzyw@gmail.com
ham,Message from . I am at Truro Hospital on ext. You can phone me here. as I have a phone by my side,22/08/2024,kyoyi@gmail.com
ham,"Single line with a big meaning::::: ""Miss anything 4 ur ""Best Life"" but, don't miss ur best life for anything... Gud nyt...",17/04/2024,ndozw@gmail.com
ham,"Just got some gas money, any chance you and the gang want to go on a grand nature adventure?",17/07/2024,trpzi@gmail.com
ham,Dnt worry...use ice pieces in a cloth pack.also take 2 tablets.,26/09/2023,dmyut@gmail.com
ham,Dude just saw a parked car with its sunroof popped up. Sux,19/03/2022,bbrnd@gmail.com
ham,Get ready to put on your excellent sub face :),04/07/2024,mnrgy@gmail.com
ham,Tmrw. Im finishing 9 doors,30/01/2024,stref@gmail.com
ham,"The  &lt;#&gt; g that i saw a few days ago, the guy wants sell wifi only for  &lt;#&gt;  and with 3g for  &lt;#&gt; . That's why i blanked him.",28/09/2024,wlujl@gmail.com
ham,I am late. I will be there at,22/03/2024,npohd@gmail.com
ham,"whatever, im pretty pissed off.",16/11/2024,aceqs@gmail.com
ham,Today is ACCEPT DAY..U Accept me as? Brother Sister Lover Dear1 Best1 Clos1 Lvblefrnd Jstfrnd Cutefrnd Lifpartnr Belovd Swtheart Bstfrnd No rply means enemy,08/06/2024,erocy@gmail.com
ham,I dont have that much image in class.,10/06/2023,kexnn@gmail.com
ham,No:-)i got rumour that you going to buy apartment in chennai:-),04/06/2023,lwwvz@gmail.com
ham,Near kalainar tv office.thenampet,02/10/2023,rqaeo@gmail.com
spam,Ur cash-balance is currently 500 pounds - to maximize ur cash-in now send GO to 86688 only 150p/msg. CC 08718720201 HG/Suite342/2Lands Row/W1J6HL,16/05/2023,cnpun@gmail.com
spam,SMS AUCTION - A BRAND NEW Nokia 7250 is up 4 auction today! Auction is FREE 2 join & take part! Txt NOKIA to 86021 now! HG/Suite342/2Lands Row/W1J6HL,04/01/2023,hrned@gmail.com
ham,My sis is catching e show in e afternoon so i'm not watching w her. So c u wan 2 watch today or tmr lor.,05/07/2024,xbhqr@gmail.com
ham,"Sounds gd... Haha... Can... Wah, u yan jiu so fast liao...",14/01/2024,pypfk@gmail.com
ham,No. To be nosy I guess. Idk am I over reacting if I'm freaked?,17/10/2022,ivyvh@gmail.com
ham,"Remember all those whom i hurt during days of satanic imposter in me.need to pay a price,so be it.may destiny keep me going and as u said pray that i get the mind to get over the same.",15/07/2024,wscvx@gmail.com
ham,How to Make a girl Happy? It's not at all difficult to make girls happy. U only need to be... 1. A friend 2. Companion 3. Lover 4. Chef . . .  &lt;#&gt; . Good listener  &lt;#&gt; . Organizer  &lt;#&gt; . Good boyfriend  &lt;#&gt; . Very clean  &lt;#&gt; . Sympathetic  &lt;#&gt; . Athletic  &lt;#&gt; . Warm . . .  &lt;#&gt; . Courageous  &lt;#&gt; . Determined  &lt;#&gt; . True  &lt;#&gt; . Dependable  &lt;#&gt; . Intelligent . . .  &lt;#&gt; . Psychologist  &lt;#&gt; . Pest exterminator  &lt;#&gt; . Psychiatrist  &lt;#&gt; . Healer . .  &lt;#&gt; . Stylist  &lt;#&gt; . Driver . . Aaniye pudunga venaam..,08/03/2023,hczca@gmail.com
ham,"Why is that, princess? I bet the brothas are all chasing you!",28/12/2024,vrsdu@gmail.com
ham,"I shall book chez jules for half eight, if that's ok with you?",04/06/2023,pihoe@gmail.com
ham,Hhahhaahahah rofl wtf nig was leonardo in your room or something,23/08/2022,qranl@gmail.com
ham,"Yep, at derek's house now, see you Sunday &lt;3",25/05/2024,qvnku@gmail.com
ham,"It's cool, let me know before it kicks off around  &lt;#&gt; , I'll be out and about all day",29/03/2024,zvrbh@gmail.com
ham,"Sorry, I'll call later",04/04/2023,zqxtj@gmail.com
ham,I was wondering if it would be okay for you to call uncle john and let him know that things are not the same in nigeria as they r here. That  &lt;#&gt;  dollars is 2years sent and that you know its a strain but i plan to pay back every dime he gives. Every dime so for me to expect anything from you is not practical. Something like that.,19/01/2023,kwntn@gmail.com
ham,There are no other charges after transfer charges and you can withdraw anyhow you like,15/02/2023,vjwaa@gmail.com
ham,"Dont search love, let love find U. Thats why its called falling in love, bcoz U dont force yourself, U just fall and U know there is smeone to hold U... BSLVYL",05/11/2023,wsgki@gmail.com
ham,At 4. Let's go to bill millers,17/08/2024,odads@gmail.com
ham,I love you. You set my soul on fire. It is not just a spark. But it is a flame. A big rawring flame. XoXo,21/07/2023,mvtxa@gmail.com
ham,"Somewhr someone is surely made 4 u. And God has decided a perfect time to make u meet dat person. . . . till den, . . . . . Enjoy ur crushes..!!!;-)",13/01/2022,unohl@gmail.com
ham,That's my honeymoon outfit. :),16/06/2022,ijhvy@gmail.com
ham,Will it help if we propose going back again tomorrow,18/02/2024,exenv@gmail.com
spam,PRIVATE! Your 2003 Account Statement for shows 800 un-redeemed S. I. M. points. Call 08719899230 Identifier Code: 41685 Expires 07/11/04,02/11/2023,uqmxa@gmail.com
ham,Never blame a day in ur life. Good days give u happiness. Bad days give u experience. Both are essential in life! All are Gods blessings! good morning.:,02/01/2023,jffjm@gmail.com
ham,Pls confirm the time to collect the cheque.,11/12/2022,lpopy@gmail.com
spam,As a Registered Subscriber yr draw 4 a £100 gift voucher will b entered on receipt of a correct ans. When are the next olympics. Txt ans to 80062,19/09/2022,msbim@gmail.com
spam,URGENT! Your Mobile number has been awarded with a £2000 prize GUARANTEED. Call 09061790121 from land line. Claim 3030. Valid 12hrs only 150ppm,16/01/2022,cxfsg@gmail.com
ham,Daddy will take good care of you :),11/04/2023,gcopl@gmail.com
ham,"Yeah probably, I still gotta check out with leo",26/12/2024,tbdwi@gmail.com
ham,K.then any other special?,10/11/2024,vyoqj@gmail.com
ham,Carlos is taking his sweet time as usual so let me know when you and patty are done/want to smoke and I'll tell him to haul ass,16/05/2022,jfrwj@gmail.com
ham,Ok pa. Nothing problem:-),08/07/2024,teolp@gmail.com
ham,Have you heard about that job? I'm going to that wildlife talk again tonight if u want2come. Its that2worzels and a wizzle or whatever it is?!,29/03/2024,cxene@gmail.com
ham,"God picked up a flower and dippeditinaDEW, lovingly touched itwhichturnedinto u, and the he gifted tomeandsaid,THIS FRIEND IS 4U",04/09/2024,iigoc@gmail.com
ham,When you came to hostel.,26/05/2024,qrumm@gmail.com
ham,Ok no prob... I'll come after lunch then...,31/01/2024,vgqsf@gmail.com
ham,Jus telling u dat i'll b leaving 4 shanghai on 21st instead so we'll haf more time 2 meet up cya...,24/05/2024,lnxmi@gmail.com
ham,Are your freezing ? Are you home yet ? Will you remember to kiss your mom in the morning? Do you love me ? Do you think of me ? Are you missing me yet ?,09/04/2022,urzex@gmail.com
ham,You all ready for * big day tomorrow?,06/09/2023,xnvvh@gmail.com
ham,I'll probably be around mu a lot,24/09/2023,bczkw@gmail.com
ham,645,27/02/2024,ayieg@gmail.com
spam,RT-KIng Pro Video Club>> Need help? info@ringtoneking.co.uk or call 08701237397 You must be 16+ Club credits redeemable at www.ringtoneking.co.uk! Enjoy!,26/04/2023,lncod@gmail.com
ham,Thnx dude. u guys out 2nite?,21/04/2022,rpwcq@gmail.com
ham,Me sef dey laugh you. Meanwhile how's my darling anjie!,05/05/2023,liymn@gmail.com
ham,Mm i had my food da from out,30/12/2024,qfifc@gmail.com
ham,"K, makes sense, btw carlos is being difficult so you guys are gonna smoke while I go pick up the second batch and get gas",13/10/2022,bpwpe@gmail.com
ham,Did u download the fring app?,18/09/2023,kwhyo@gmail.com
ham,The 2 oz guy is being kinda flaky but one friend is interested in picking up $ &lt;#&gt;  worth tonight if possible,23/12/2024,ptiqh@gmail.com
ham,Friends that u can stay on fb chat with,23/07/2024,ylqmn@gmail.com
ham,"Fuck babe, I miss you sooooo much !! I wish you were here to sleep with me ... My bed is so lonely ... I go now, to sleep ... To dream of you, my love ...",08/09/2024,jcfyi@gmail.com
ham,"Living is very simple.. Loving is also simple.. Laughing is too simple.. Winning is tooo simple.. But, being 'SIMPLE' is very difficult.. Gud nte.:-",15/06/2024,nuekq@gmail.com
spam,U have a secret admirer who is looking 2 make contact with U-find out who they R*reveal who thinks UR so special-call on 09058094599,24/06/2023,cpkrp@gmail.com
ham,"Ah, well that confuses things, doesn‘t it?",28/09/2023,hsstd@gmail.com
spam,500 free text msgs. Just text ok to 80488 and we'll credit your account,23/06/2023,mqvgu@gmail.com
ham,Hi Dear Call me its urgnt. I don't know whats your problem. You don't want to work or if you have any other problem at least tell me. Wating for your reply.,11/07/2023,gwvvb@gmail.com
ham,Dear how you. Are you ok?,17/01/2022,lkvgk@gmail.com
spam,"You have been selected to stay in 1 of 250 top British hotels - FOR NOTHING! Holiday Worth £350! To Claim, Call London 02072069400. Bx 526, SW73SS",29/02/2024,hbryt@gmail.com
ham,Yes princess! I want to make you happy...,01/08/2023,tdvba@gmail.com
ham,Sounds like you have many talents! would you like to go on a dinner date next week?,23/12/2024,zhsnr@gmail.com
ham,I am going to film 2day da. At 6pm. Sorry da.,25/06/2024,ijnjo@gmail.com
ham,We not watching movie already. Xy wants 2 shop so i'm shopping w her now.,07/12/2024,yimsk@gmail.com
ham,Hello my little party animal! I just thought I'd buzz you as you were with your friends ...*grins*... Reminding you were loved and send a naughty adoring kiss,13/08/2022,jggca@gmail.com
ham,Yesterday its with me only . Now am going home.,11/11/2024,wppoj@gmail.com
spam,"Eerie Nokia tones 4u, rply TONE TITLE to 8007 eg TONE DRACULA to 8007 Titles: GHOST, ADDAMSFA, MUNSTERS, EXORCIST, TWILIGHT www.getzed.co.uk POBox36504W45WQ 150p",26/10/2023,rykjv@gmail.com
ham,"You have come into my life and brought the sun ..Shiny down on me, warming my heart. Putting a constant smile on my face ... Making me feel loved and cared for",16/05/2023,sngnl@gmail.com
ham,"No shit, but I wasn't that surprised, so I went and spent the evening with that french guy I met in town here and we fooled around a bit but I didn't let him fuck me",14/05/2024,eqlud@gmail.com
spam,"0A$NETWORKS allow companies to bill for SMS, so they are responsible for their ""suppliers"", just as a shop has to give a guarantee on what they sell. B. G.",12/04/2022,zadbb@gmail.com
ham,Great comedy..cant stop laughing da:),06/06/2022,qyaqf@gmail.com
spam,FreeMsg:Feelin kinda lnly hope u like 2 keep me company! Jst got a cam moby wanna c my pic?Txt or reply DATE to 82242 Msg150p 2rcv Hlp 08712317606 stop to 82242,11/08/2024,bxbie@gmail.com
ham,"Alright, we're all set here, text the man",09/07/2023,shodr@gmail.com
ham,"Hi , where are you? We're at  and they're not keen to go out i kind of am but feel i shouldn't so can we go out tomo, don't mind do you?",20/07/2024,cswre@gmail.com
ham,Sleeping nt feeling well,22/04/2023,qaqbb@gmail.com
ham,U WILL SWITCH YOUR FONE ON DAMMIT!!,31/01/2024,kljpn@gmail.com
ham,India have to take lead:),09/09/2022,sipdq@gmail.com
ham,I.ll post her out l8r. In class,10/09/2022,snhth@gmail.com
ham,Thts wat Wright Brother did to fly..,09/07/2023,jicjl@gmail.com
ham,"Evening * v good if somewhat event laden. Will fill you in, don't you worry … Head * ok but throat * wrecked. See you at six then!",11/11/2022,zgocq@gmail.com
ham,If u laugh really loud.. If u talk spontaneously.. If u dont care what others feel.. U are probably with your dear &amp; best friends.. GOODEVENING Dear..:),06/01/2022,hjvqf@gmail.com
ham,ITS A LAPTOP TAKE IT WITH YOU.,20/01/2024,yoplm@gmail.com
ham,I dont have any of your file in my bag..i was in work when you called me.i 'll tell you if i find anything in my room.,25/02/2023,euldl@gmail.com
ham,I wan but too early lei... Me outside now wun b home so early... Neva mind then...,15/07/2023,owdbh@gmail.com
spam,"For ur chance to win a £250 cash every wk TXT: ACTION to 80608. T's&C's www.movietrivia.tv custcare 08712405022, 1x150p/wk",12/09/2023,ocjnu@gmail.com
ham,I was at bugis juz now wat... But now i'm walking home oredi... Ü so late then reply... I oso saw a top dat i like but din buy... Where r ü now?,14/04/2022,dwknl@gmail.com
ham,"Wishing you and your family Merry ""X"" mas and HAPPY NEW Year in advance..",18/03/2023,szkea@gmail.com
ham,At 7 we will go ok na.,10/05/2023,bdltq@gmail.com
ham,Yes I posted a couple of pics on fb. There's still snow outside too. I'm just waking up :),20/01/2023,gdzan@gmail.com
ham,S:-)if we have one good partnership going we will take lead:),03/01/2023,wrepz@gmail.com
spam,RGENT! This is the 2nd attempt to contact U!U have WON £1250 CALL 09071512433 b4 050703 T&CsBCM4235WC1N3XX. callcost 150ppm mobilesvary. max£7. 50,29/05/2023,dqwbw@gmail.com
ham,"Yeah, where's your class at?",02/04/2023,ufnbg@gmail.com
ham,No just send to you. Bec you in temple na.,09/03/2023,hwrrb@gmail.com
ham,"You aren't coming home between class, right? I need to work out and shower!",09/07/2022,pcayu@gmail.com
spam,Hi if ur lookin 4 saucy daytime fun wiv busty married woman Am free all next week Chat now 2 sort time 09099726429 JANINExx Calls£1/minMobsmoreLKPOBOX177HP51FL,28/09/2024,hsnqo@gmail.com
ham,S but mostly not like that.,06/08/2023,qtmfy@gmail.com
ham,Ü v ma fan...,26/06/2024,grnjh@gmail.com
ham,Dunno cos i was v late n when i reach they inside already... But we ate spageddies lor... It's e gals who r laughing at me lor...,01/01/2023,yores@gmail.com
ham,Guess who spent all last night phasing in and out of the fourth dimension,29/09/2023,qhzzo@gmail.com
ham,So now my dad is gonna call after he gets out of work and ask all these crazy questions.,13/04/2024,zaavv@gmail.com
ham,"Yes..but they said its IT.,",06/04/2024,bfubz@gmail.com
ham,"Very hurting n meaningful lines ever: ""I compromised everything for my love, But at d end my love compromised me for everything:-("".. Gud mornin:-)",03/05/2022,jhned@gmail.com
ham,Lmao!nice 1,24/09/2022,mtmtu@gmail.com
ham,Glad to see your reply.,29/06/2024,uwpjy@gmail.com
spam,URGENT! We are trying to contact U. Todays draw shows that you have won a £800 prize GUARANTEED. Call 09050001295 from land line. Claim A21. Valid 12hrs only,25/02/2023,ytbpa@gmail.com
spam,Monthly password for wap. mobsi.com is 391784. Use your wap phone not PC.,07/09/2022,yrvys@gmail.com
ham,Nah dub but je still buff,01/03/2023,udrgu@gmail.com
ham,"Painful words- ""I thought being Happy was the most toughest thing on Earth... But, the toughest is acting Happy with all unspoken pain inside..""",31/01/2022,bhner@gmail.com
ham,"Yeah, that's fine! It's £6 to get in, is that ok?",07/01/2022,kqqfc@gmail.com
ham,Lol where do u come up with these ideas?,08/06/2024,ebbzg@gmail.com
ham,"So many people seems to be special at first sight, But only very few will remain special to you till your last sight.. Maintain them till life ends.. Sh!jas",22/02/2023,zdvub@gmail.com
ham,"Today is ""song dedicated day.."" Which song will u dedicate for me? Send this to all ur valuable frnds but first rply me...",11/09/2023,blxii@gmail.com
ham,Okay... We wait ah,04/11/2024,smuyp@gmail.com
ham,Y lei?,24/02/2023,qurss@gmail.com
ham,HI BABE U R MOST LIKELY TO BE IN BED BUT IM SO SORRY ABOUT TONIGHT! I REALLY WANNA SEE U TOMORROW SO CALL ME AT 9. LOVE ME XXX,17/11/2024,bpuwo@gmail.com
ham,Already am squatting is the new way of walking,20/02/2023,wuotj@gmail.com
ham,Do you want bold 2 or bb torch,30/07/2022,dnusz@gmail.com
ham,Cramps stopped. Going back to sleep,02/01/2024,ihehw@gmail.com
spam,todays vodafone numbers ending with 0089(my last four digits) are selected to received a £350 award. If your number matches please call 09063442151 to claim your £350 award,06/07/2022,aeaeo@gmail.com
spam,Free Top ringtone -sub to weekly ringtone-get 1st week free-send SUBPOLY to 81618-?3 per week-stop sms-08718727870,28/09/2024,zkkfa@gmail.com
ham,Nan sonathaya soladha. Why boss?,01/06/2022,qkiuh@gmail.com
ham,Bring tat cd don forget,26/05/2022,rywov@gmail.com
spam,Sunshine Quiz Wkly Q! Win a top Sony DVD player if u know which country the Algarve is in? Txt ansr to 82277. £1.50 SP:Tyrone,25/06/2023,atpev@gmail.com
ham,I don't know but I'm raping dudes at poker,18/01/2023,wanim@gmail.com
ham,Weightloss! No more girl friends. Make loads of money on ebay or something. And give thanks to God.,14/12/2022,turwf@gmail.com
ham,Was gr8 to see that message. So when r u leaving? Congrats dear. What school and wat r ur plans.,09/05/2023,qqwsd@gmail.com
ham,Ü eatin later but i'm eatin wif my frens now lei... Ü going home first?,09/09/2024,mlndp@gmail.com
ham,Finish already... Yar they keep saying i mushy... I so embarrassed ok...,19/11/2023,mtkxc@gmail.com
ham,"Sorry man, my stash ran dry last night and I can't pick up more until sunday",16/12/2024,hckrl@gmail.com
ham,Hai priya are you right. What doctor said pa. Where are you.,22/11/2022,vkflb@gmail.com
spam,"Free msg. Sorry, a service you ordered from 81303 could not be delivered as you do not have sufficient credit. Please top up to receive the service.",15/05/2023,jwpcu@gmail.com
ham,Ok...,19/11/2022,dofod@gmail.com
ham,Please ask mummy to call father,07/06/2022,ggdlt@gmail.com
ham,Can come my room but cannot come my house cos my house still messy... Haha...,14/04/2023,gnezm@gmail.com
ham,I have lost 10 kilos as of today!,24/02/2024,rkywc@gmail.com
ham,Just taste fish curry :-P,05/05/2022,qvfpw@gmail.com
ham,What can i do? Might accidant tookplace between somewhere ghodbandar rd. Traffic moves slovely. So plz slip &amp; don't worry.,07/08/2023,tmzaj@gmail.com
ham,Yun ah.now ü wkg where?btw if ü go nus sc. Ü wana specialise in wad?,19/04/2024,txnki@gmail.com
ham,Yes! I am a one woman man! Please tell me your likes and dislikes in bed...,25/05/2024,qtmat@gmail.com
ham,Was doing my test earlier. I appreciate you. Will call you tomorrow.,18/12/2022,fjmxj@gmail.com
ham,"How's my loverboy doing ? What does he do that keeps him from coming to his Queen, hmmm ? Doesn't he ache to speak to me ? Miss me desparately ?",14/06/2024,tvols@gmail.com
ham,U meet other fren dun wan meet me ah... Muz b a guy rite...,11/10/2023,kuzlg@gmail.com
ham,"(No promises on when though, haven't even gotten dinner yet)",24/03/2024,eohgm@gmail.com
ham,I got your back! Do you have any dislikes in bed?,16/09/2024,gcafr@gmail.com
ham,o turns out i had stereo love on mi phone under the unknown album.,26/01/2022,syfqf@gmail.com
spam,Hard LIVE 121 chat just 60p/min. Choose your girl and connect LIVE. Call 09094646899 now! Cheap Chat UK's biggest live service. VU BCM1896WC1N3XX,22/03/2023,dljkc@gmail.com
ham,Yeah I don't see why not,04/04/2024,ghqjt@gmail.com
ham,Asking do u knw them or nt? May be ur frnds or classmates?,04/08/2024,mouzo@gmail.com
ham,"Sorry about earlier. Putting out fires.Are you around to talk after 9? Or do you actually have a life, lol!",12/09/2024,vnoyg@gmail.com
spam,WOW! The Boys R Back. TAKE THAT 2007 UK Tour. Win VIP Tickets & pre-book with VIP Club. Txt CLUB to 81303. Trackmarque Ltd info@vipclub4u.,27/08/2023,eninv@gmail.com
ham,"As in missionary hook up, doggy hook up, standing...|",20/12/2024,jcdqh@gmail.com
ham,Then u better go sleep.. Dun disturb u liao.. U wake up then msg me lor..,10/08/2024,tfwmh@gmail.com
ham,"Fighting with the world is easy, u either win or lose bt fightng with some1 who is close to u is dificult if u lose - u lose if u win - u still lose.",14/04/2022,iqzui@gmail.com
ham,Am watching house – very entertaining – am getting the whole hugh laurie thing – even with the stick – indeed especially with the stick.,03/11/2023,yiwic@gmail.com
ham,Thought praps you meant another one. Goodo! I'll look tomorrow,07/06/2023,wcuvy@gmail.com
ham,"Hi Jon, Pete here, Ive bin 2 Spain recently & hav sum dinero left, Bill said u or ur rents mayb interested in it, I hav 12,000pes, so around £48, tb, James.",06/02/2022,toxdf@gmail.com
ham,There bold 2  &lt;#&gt; . Is that yours,16/10/2022,aryeb@gmail.com
ham,You know there is. I shall speak to you in  &lt;#&gt;  minutes then,07/05/2024,xdjkq@gmail.com
ham,ALRITE HUNNY!WOT U UP 2 2NITE? DIDNT END UP GOIN DOWN TOWN JUS DA PUB INSTEAD! JUS CHILLIN AT DA MO IN ME BEDROOM!LOVE JEN XXX.,17/10/2023,gepyh@gmail.com
ham,I went to project centre,10/06/2022,gwpzj@gmail.com
ham,As per your request 'Maangalyam (Alaipayuthe)' has been set as your callertune for all Callers. Press *9 to copy your friends Callertune,20/03/2023,xaeqh@gmail.com
ham,Lol yeah at this point I guess not,17/01/2023,pohix@gmail.com
ham,Doing project w frens lor.,19/08/2022,zjubk@gmail.com
ham,Lol. Well quality aint bad at all so i aint complaining,06/05/2023,ezfho@gmail.com
ham,"K, can that happen tonight?",31/01/2024,lgmvs@gmail.com
spam,"Hi, this is Mandy Sullivan calling from HOTMIX FM...you are chosen to receive £5000.00 in our Easter Prize draw.....Please telephone 09041940223 to claim before 29/03/05 or your prize will be transferred to someone else....",27/09/2022,itolc@gmail.com
ham,"I think we're going to finn's now, come",02/10/2024,qpgvi@gmail.com
ham,Why tired what special there you had,08/08/2022,lquaz@gmail.com
ham,I will come tomorrow di,17/12/2022,nupln@gmail.com
ham,I cant pick the phone right now. Pls send a message,12/11/2024,mivxz@gmail.com
ham,K go and sleep well. Take rest:-).,05/09/2022,pcncz@gmail.com
ham,U guys never invite me anywhere :(,30/03/2022,zthnh@gmail.com
spam,UR GOING 2 BAHAMAS! CallFREEFONE 08081560665 and speak to a live operator to claim either Bahamas cruise of£2000 CASH 18+only. To opt out txt X to 07786200117,13/02/2022,ytdtg@gmail.com
ham,I can do that! I want to please you both inside and outside the bedroom...,01/05/2024,jghyu@gmail.com
ham,EY! CALM DOWNON THEACUSATIONS.. ITXT U COS IWANA KNOW WOTU R DOIN AT THEW/END... HAVENTCN U IN AGES..RING ME IF UR UP4 NETHING SAT.LOVE J XXX.,01/04/2023,suhgg@gmail.com
ham,I love to wine and dine my lady!,14/04/2022,fziss@gmail.com
spam,Someone has conacted our dating service and entered your phone because they fancy you!To find out who it is call from landline 09111030116. PoBox12n146tf15,04/10/2024,kvsec@gmail.com
ham,"Im cool ta luv but v.tired 2 cause i have been doin loads of planning all wk, we have got our social services inspection at the nursery! Take care & spk sn x.",13/10/2024,yrxdn@gmail.com
ham,I don know account details..i will ask my mom and send you.my mom is out of reach now.,15/02/2022,nnujn@gmail.com
ham,I think u have the wrong number.,04/01/2023,ifpay@gmail.com
ham,Feel Yourself That You Are Always Happy.. Slowly It Becomes Your Habit &amp; Finally It Becomes Part Of Your Life.. Follow It.. Happy Morning &amp; Have A Happy Day:),07/06/2022,hvcjn@gmail.com
ham,DO NOT B LATE LOVE MUM,28/08/2022,qneon@gmail.com
ham,Got it..mail panren paru..,30/12/2023,oggry@gmail.com
ham,* Was thinking about chuckin ur red green n black trainners 2 save carryin them bac on train,12/07/2022,lknuf@gmail.com
ham,Give one miss from that number please,05/01/2023,precf@gmail.com
ham,Jus came back fr lunch wif my sis only. U leh?,12/06/2022,nesjs@gmail.com
ham,How is your schedule next week? I am out of town this weekend.,29/11/2023,fatkf@gmail.com
ham,Really good:)dhanush rocks once again:),13/01/2024,lvqat@gmail.com
ham,Lmao ok I wont be needing u to do my hair anymore.,22/09/2023,xsiiy@gmail.com
ham,"Miss ya, need ya, want ya, love ya.",17/05/2024,dfwuo@gmail.com
ham,Sorry i'm not free...,21/09/2024,axvmh@gmail.com
ham,Do u ever get a song stuck in your head for no reason and it won't go away til u listen to it like 5 times?,13/06/2023,aiprr@gmail.com
ham,Nt yet chikku..simple habba..hw abt u?,09/05/2023,fdyph@gmail.com
ham,"Got ur mail Dileep.thank you so muchand look forward to lots of support...very less contacts here,remember one venugopal you mentioned.tomorrow if not late,i shall try to come up till there.goodnight dear.",09/11/2023,mnyqs@gmail.com
ham,Sometimes Heart Remembrs someone Very much... Forgets someone soon... Bcoz Heart will not like everyone. But liked ones will be Remembered Everytime... BSLVYL,27/08/2023,jtion@gmail.com
ham,Joy's father is John. Then John is the NAME of Joy's father. Mandan,17/10/2024,odgzq@gmail.com
spam,Hi 07734396839 IBH Customer Loyalty Offer: The NEW NOKIA6600 Mobile from ONLY £10 at TXTAUCTION!Txt word:START to No:81151 & get Yours Now!4T&,07/07/2023,ljsap@gmail.com
ham,Hi this is yijue... It's regarding the 3230 textbook it's intro to algorithms second edition... I'm selling it for $50...,01/06/2022,epfxx@gmail.com
spam,SMS AUCTION You have won a Nokia 7250i. This is what you get when you win our FREE auction. To take part send Nokia to 86021 now. HG/Suite342/2Lands Row/W1JHL 16+,27/05/2024,tolxl@gmail.com
ham,"K, want us to come by now?",02/07/2024,dwqhm@gmail.com
ham,How. Its a little difficult but its a simple way to enter this place,22/07/2023,nuvxy@gmail.com
ham,Ha... Both of us doing e same thing. But i got tv 2 watch. U can thk of where 2 go tonight or u already haf smth in mind...,15/07/2022,bdtcr@gmail.com
ham,Dont show yourself. How far. Put new pictures up on facebook.,02/04/2024,vtqcx@gmail.com
ham,Watching tv now. I got new job :),11/09/2024,crhox@gmail.com
ham,"Good afternoon sexy buns! How goes the job search ? I wake and you are my first thought as always, my love. I wish your fine and happy and know I adore you!",27/03/2022,odtga@gmail.com
ham,"I'm not coming over, do whatever you want",09/09/2023,bqqzl@gmail.com
ham,"Its ok chikku, and its my 1 of favourite song..:-)",06/10/2022,xbjae@gmail.com
ham,Did u see what I posted on your Facebook?,09/07/2023,lpmfd@gmail.com
spam,Call FREEPHONE 0800 542 0578 now!,01/05/2024,ziabu@gmail.com
spam,Buy Space Invaders 4 a chance 2 win orig Arcade Game console. Press 0 for Games Arcade (std WAP charge) See o2.co.uk/games 4 Terms + settings. No purchase,08/02/2022,pnkki@gmail.com
ham,"7 wonders in My WORLD 7th You 6th Ur style 5th Ur smile 4th Ur Personality 3rd Ur Nature 2nd Ur SMS and 1st ""Ur Lovely Friendship""... good morning dear",18/12/2024,lfzhk@gmail.com
spam,"Loan for any purpose £500 - £75,000. Homeowners + Tenants welcome. Have you been previously refused? We can still help. Call Free 0800 1956669 or text back 'help'",13/01/2023,qwkyb@gmail.com
spam,BIG BROTHER ALERT! The computer has selected u for 10k cash or #150 voucher. Call 09064018838. NTT PO Box CRO1327 18+ BT Landline Cost 150ppm mobiles vary,24/12/2023,fycpu@gmail.com
ham,";-( oh well, c u later",02/12/2023,uzbno@gmail.com
ham,My uncles in Atlanta. Wish you guys a great semester.,30/04/2022,bwogz@gmail.com
ham,No dear i do have free messages without any recharge. Hi hi hi,31/12/2023,vstpo@gmail.com
ham,"Dont search love, let love find U. Thats why its called falling in love, bcoz U dont force yourself, U just fall and U know there is smeone to hold U... BSLVYL",14/07/2022,cuxlr@gmail.com
ham,I dun believe u. I thk u told him.,30/11/2022,ljgre@gmail.com
ham,"Do you know why god created gap between your fingers..? So that, One who is made for you comes &amp; fills those gaps by holding your hand with LOVE..!",19/03/2022,htubv@gmail.com
ham,Yes:)sura in sun tv.:)lol.,13/09/2024,vuumv@gmail.com
ham,Arun can u transfr me d amt,28/09/2023,fewvm@gmail.com
ham,Takin a shower now but yeah I'll leave when I'm done,08/07/2023,pbpor@gmail.com
ham,Am not working but am up to eyes in philosophy so will text u later when a bit more free for chat...,14/12/2023,gzuqf@gmail.com
ham,U havent lost me ill always b here 4u.i didnt intend 2 hurt u but I never knew how u felt about me when Iwas+marine&thats what itried2tell urmom.i careabout u,04/02/2022,vedtq@gmail.com
spam,"WIN: We have a winner! Mr. T. Foley won an iPod! More exciting prizes soon, so keep an eye on ur mobile or visit www.win-82050.co.uk",13/10/2022,mbhfo@gmail.com
ham,You bad girl. I can still remember them,21/05/2024,ksuxs@gmail.com
ham,How much i gave to you. Morning.,20/12/2023,gowws@gmail.com
ham,"I hope your alright babe? I worry that you might have felt a bit desparate when you learned the job was a fake ? I am here waiting when you come back, my love",28/01/2022,tivui@gmail.com
ham,"Hey, can you tell me blake's address? Carlos wanted me to meet him there but I got lost and he's not answering his phone",30/09/2024,rsetf@gmail.com
ham,Can i get your opinion on something first?,27/01/2023,darcp@gmail.com
ham,That one week leave i put know that time. Why.,25/04/2024,zociw@gmail.com
ham,"If we hit it off, you can move in with me :)",22/11/2022,gynlm@gmail.com
ham,excellent. I spent  &lt;#&gt;  years in the Air Force. Iraq and afghanistan. I am stable and honest. do you like traveling?,06/01/2024,qhhvi@gmail.com
ham,I wanna watch that movie,08/10/2024,oznag@gmail.com
ham,Ok lor thanx... Ü in school?,26/07/2024,dohmj@gmail.com
ham,I'm in class. Did you get my text.,12/04/2024,muxrz@gmail.com
ham,The bus leaves at  &lt;#&gt;,31/07/2023,zlixn@gmail.com
ham,God bless.get good sleep my dear...i will pray!,14/11/2022,neldf@gmail.com
spam,Todays Voda numbers ending 1225 are selected to receive a £50award. If you have a match please call 08712300220 quoting claim code 3100 standard rates app,04/11/2024,pvvka@gmail.com
ham,Do have a nice day today. I love you so dearly.,23/12/2022,sddda@gmail.com
ham,Aiyo a bit pai seh ü noe... Scared he dun rem who i am then die... Hee... But he become better lookin oredi leh...,08/02/2022,wislz@gmail.com
ham,"Aight, I'll ask a few of my roommates",01/06/2022,xnxwk@gmail.com
ham,"Now, whats your house # again ? And do you have any beer there ?",26/03/2022,gtwic@gmail.com
ham,Do ü all wan 2 meet up n combine all the parts? How's da rest of da project going?,31/03/2022,pdgxa@gmail.com
ham,Getting tickets 4 walsall tue 6 th march. My mate is getting me them on sat. ill pay my treat. Want 2 go. Txt bak .Terry,01/12/2022,hmedr@gmail.com
ham,Yes we are chatting too.,08/09/2022,aunng@gmail.com
ham,HI ITS JESS I DONT KNOW IF YOU ARE AT WORK BUT CALL ME WHEN U CAN IM AT HOME ALL EVE. XXX,28/07/2024,yizyl@gmail.com
ham,Sian... Aft meeting supervisor got work 2 do liao... U working now?,09/12/2024,avsjq@gmail.com
ham,Are you going to write ccna exam this week??,10/08/2024,oedkg@gmail.com
ham,Well i will watch shrek in 3D!!B),10/01/2023,ruhwl@gmail.com
ham,Am i that much dirty fellow?,02/09/2023,owtxo@gmail.com
ham,Dunno dat's wat he told me. Ok lor...,26/12/2024,crple@gmail.com
ham,I'll probably be by tomorrow (or even later tonight if something's going on),16/02/2023,gcwrf@gmail.com
ham,I couldn't say no as he is a dying man and I feel sad for him so I will go and I just wanted you to know I would probably be gone late into your night,18/07/2024,frlee@gmail.com
ham,If you're thinking of lifting me one then no.,07/05/2022,stlsm@gmail.com
ham,Same as u... Dun wan... Y u dun like me already ah... Wat u doing now? Still eating?,24/11/2024,qatlj@gmail.com
ham,Sent me ur email id soon,07/05/2024,ptuer@gmail.com
ham,Wat makes some people dearer is not just de happiness dat u feel when u meet them but de pain u feel when u miss dem!!!,19/09/2023,pooun@gmail.com
ham,"Dude. What's up. How Teresa. Hope you have been okay. When i didnt hear from these people, i called them and they had received the package since dec  &lt;#&gt; . Just thot you'ld like to know. Do have a fantastic year and all the best with your reading. Plus if you can really really Bam first aid for Usmle, then your work is done.",22/05/2022,qnhpe@gmail.com
ham,Hey gorgeous man. My work mobile number is. Have a good one babe. Squishy Mwahs.,26/08/2023,hhklw@gmail.com
ham,May i call You later Pls,13/06/2022,altfs@gmail.com
spam,"Hottest pics straight to your phone!! See me getting Wet and Wanting, just for you xx Text PICS to 89555 now! txt costs 150p textoperator g696ga 18 XxX",05/06/2023,dxthv@gmail.com
ham,That's the way you should stay oh.,18/04/2023,szexk@gmail.com
ham,Hello- thanx for taking that call. I got a job! Starts on monday!,10/12/2023,jatxo@gmail.com
ham,What time is ur flight tmr?,10/08/2023,cwfix@gmail.com
ham,When should I come over?,25/04/2022,gpxsn@gmail.com
ham,I have a rather prominent bite mark on my right cheek,17/03/2022,xjdpv@gmail.com
ham,* Will be september by then!,01/04/2024,pvwkp@gmail.com
ham,Are you wet right now?,16/10/2024,gflsi@gmail.com
ham,And how's your husband.,06/04/2023,axkeq@gmail.com
spam,"Hack Chat. Get backdoor entry into 121 chat rooms at a fraction of the cost. Reply NEO69 or call 09050280520, to subscribe 25p pm. DPS, Bcm box 8027 Ldn, wc1n3xx",26/07/2024,ssale@gmail.com
ham,Are we doing the norm tomorrow? I finish just a 4.15 cos of st tests. Need to sort library stuff out at some point tomo - got letter from today - access til end march so i better get move on!,23/04/2023,zubpk@gmail.com
ham,Yeah. I got a list with only u and Joanna if I'm feeling really anti social,29/12/2023,wyxtj@gmail.com
ham,I am in your office na.,10/08/2024,aqfdg@gmail.com
ham,Are you comingdown later?,03/12/2022,rznbr@gmail.com
ham,Super da:)good replacement for murali,12/02/2022,gyklh@gmail.com
ham,Da is good good player.why he is unsold.,25/11/2022,kortk@gmail.com
ham,Hi. || Do u want | to join me with sts later? || Meeting them at five. || Call u after class.,01/08/2022,itcla@gmail.com
ham,Its on in engalnd! But telly has decided it won't let me watch it and mia and elliot were kissing! Damn it!,02/10/2022,trgng@gmail.com
spam,"FREE NOKIA Or Motorola with upto 12mths 1/2price linerental, 500 FREE x-net mins&100txt/mth FREE B'tooth*. Call Mobileupd8 on 08001950382 or call 2optout/D3WV",16/01/2023,getoz@gmail.com
ham,I dont want to hear philosophy. Just say what happen,28/09/2022,pbndn@gmail.com
ham,You got job in wipro:)you will get every thing in life in 2 or 3 years.,20/02/2024,zxfpt@gmail.com
ham,Then cant get da laptop? My matric card wif ü lei...,07/02/2022,grymf@gmail.com
ham,Dunno da next show aft 6 is 850. Toa payoh got 650.,27/02/2024,oztff@gmail.com
spam,"This is the 2nd time we have tried 2 contact u. U have won the 750 Pound prize. 2 claim is easy, call 08718726970 NOW! Only 10p per min. BT-national-rate",21/11/2024,mwwbi@gmail.com
ham,I just made some payments so dont have that much. Sorry. Would you want it fedex or the other way.,09/02/2022,rmjuy@gmail.com
ham,They did't play one day last year know even though they have very good team.. Like india.,10/09/2024,wzzyb@gmail.com
ham,K.:)you are the only girl waiting in reception ah?,07/07/2022,jlowz@gmail.com
ham,"Say this slowly.? GOD,I LOVE YOU &amp; I NEED YOU,CLEAN MY HEART WITH YOUR BLOOD.Send this to Ten special people &amp; u c miracle tomorrow, do it,pls,pls do it...",25/06/2022,gldpv@gmail.com
ham,I hate when she does this. She turns what should be a fun shopping trip into an annoying day of how everything would look in her house.,31/12/2024,uazjr@gmail.com
ham,"Sir, i am waiting for your call.",27/05/2023,ntviq@gmail.com
ham,What's up. Do you want me to come online?,04/06/2023,foken@gmail.com
ham,"It could work, we'll reach a consensus at the next meeting",30/06/2023,ijykt@gmail.com
ham,Aiyah then i wait lor. Then u entertain me. Hee...,14/07/2022,xwdll@gmail.com
ham,"The last thing i ever wanted to do was hurt you. And i didn't think it would have. You'd laugh, be embarassed, delete the tag and keep going. But as far as i knew, it wasn't even up. The fact that you even felt like i would do it to hurt you shows you really don't know me at all. It was messy wednesday, but it wasn't bad. The problem i have with it is you HAVE the time to clean it, but you choose not to. You skype, you take pictures, you sleep, you want to go out. I don't mind a few things here and there, but when you don't make the bed, when you throw laundry on top of it, when i can't have a friend in the house because i'm embarassed that there's underwear and bras strewn on the bed, pillows on the floor, that's something else. You used to be good about at least making the bed.",08/10/2022,crsne@gmail.com
ham,I'll let you know when it kicks in,03/07/2024,ixicg@gmail.com
ham,You call him now ok i said call him,07/06/2023,deodb@gmail.com
ham,Call to the number which is available in appointment. And ask to connect the call to waheed fathima.,03/04/2024,dvcqy@gmail.com
ham,Or ü go buy wif him then i meet ü later can?,09/02/2022,gjydc@gmail.com
ham,Mmmm ... Fuck ... Not fair ! You know my weaknesses ! *grins* *pushes you to your knee's* *exposes my belly and pulls your head to it* Don't forget ... I know yours too *wicked smile*,05/01/2022,moypv@gmail.com
ham,Today my system sh get ready.all is well and i am also in the deep well,06/07/2023,nbhmb@gmail.com
ham,Mom wants to know where you at,10/09/2024,wnhbq@gmail.com
ham,"Aight, I'll text you when I'm back",08/07/2024,jezdi@gmail.com
ham,Dont know supports ass and srt i thnk. I think ps3 can play through usb too,12/03/2024,dlhcq@gmail.com
ham,Oh ok i didnt know what you meant. Yep i am baby jontin,27/11/2024,aiuhe@gmail.com
spam,You have WON a guaranteed £1000 cash or a £2000 prize.To claim yr prize call our customer service representative on,04/06/2024,vhwbi@gmail.com
spam,Would you like to see my XXX pics they are so hot they were nearly banned in the uk!,12/06/2023,kyccj@gmail.com
spam,HMV BONUS SPECIAL 500 pounds of genuine HMV vouchers to be won. Just answer 4 easy questions. Play Now! Send HMV to 86688 More info:www.100percent-real.com,31/01/2023,corle@gmail.com
ham,Watching tv now. I got new job :),02/03/2023,vzdya@gmail.com
ham,This pen thing is beyond a joke. Wont a Biro do? Don't do a masters as can't do this ever again!,26/03/2023,butqg@gmail.com
ham,I AM AT A PARTY WITH ALEX NICHOLS,11/11/2023,tegzk@gmail.com
spam,U have a secret admirer who is looking 2 make contact with U-find out who they R*reveal who thinks UR so special-call on 09058094594,01/05/2022,nswpn@gmail.com
ham,Just seeing your missed call my dear brother. Do have a gr8 day.,09/09/2024,uappg@gmail.com
ham,Ok.. Ü finishing soon?,02/08/2024,nsurj@gmail.com
ham,"Sorry, I can't help you on this.",12/05/2024,wqnwi@gmail.com
ham,"Come to me, slave. Your doing it again ... Going into your shell and unconsciously avoiding me ... You are making me unhappy :-(",26/11/2022,ijtxw@gmail.com
ham,I love your ass! Do you enjoy doggy style? :),16/10/2022,zwpvv@gmail.com
ham,I think asking for a gym is the excuse for lazy people. I jog.,06/06/2023,jprap@gmail.com
spam,Dear 0776xxxxxxx U've been invited to XCHAT. This is our final attempt to contact u! Txt CHAT to 86688 150p/MsgrcvdHG/Suite342/2Lands/Row/W1J6HL LDN 18yrs,07/12/2023,dgxex@gmail.com
spam,Urgent! Please call 09061743811 from landline. Your ABTA complimentary 4* Tenerife Holiday or £5000 cash await collection SAE T&Cs Box 326 CW25WX 150ppm,15/10/2022,mrjyt@gmail.com
ham,No. On the way home. So if not for the long dry spell the season would have been over,23/12/2023,zyuyp@gmail.com
ham,I gotta collect da car at 6 lei.,07/07/2023,hfrii@gmail.com
ham,Ok but knackered. Just came home and went to sleep! Not good at this full time work lark.,15/08/2023,zqcar@gmail.com
ham,Probably earlier than that if the station's where I think it is,05/04/2024,clyjp@gmail.com
spam,CALL 09090900040 & LISTEN TO EXTREME DIRTY LIVE CHAT GOING ON IN THE OFFICE RIGHT NOW TOTAL PRIVACY NO ONE KNOWS YOUR [sic] LISTENING 60P MIN 24/7MP 0870753331018+,19/02/2022,jtnfx@gmail.com
ham,Good Morning plz call me sir,12/02/2023,ifnwm@gmail.com
spam,"FreeMsg Hey U, i just got 1 of these video/pic fones, reply WILD to this txt & ill send U my pics, hurry up Im so bored at work xxx (18 150p/rcvd STOP2stop)",05/09/2024,cukio@gmail.com
ham,"Uh, heads up we don't have THAT much left",15/08/2024,msuwr@gmail.com
ham,I tot u outside cos darren say u come shopping. Of course we nice wat. We jus went sim lim look at mp3 player.,12/02/2023,smzjo@gmail.com
ham,"Aight, sounds good. When do you want me to come down?",11/04/2022,sxcbf@gmail.com
ham,Wat would u like 4 ur birthday?,28/02/2022,cflzk@gmail.com
ham,I love working from home :),12/02/2022,mftlg@gmail.com
ham,And miss vday the parachute and double coins??? U must not know me very well...,12/12/2024,kkrnu@gmail.com
ham,"Sorry, I'll call later",05/06/2024,jtxhx@gmail.com
ham,My sister got placed in birla soft da:-),06/11/2022,addju@gmail.com
spam,Free entry in 2 a weekly comp for a chance to win an ipod. Txt POD to 80182 to get entry (std txt rate) T&C's apply 08452810073 for details 18+,18/06/2024,nkrkg@gmail.com
ham,Wah... Okie okie... Muz make use of e unlimited... Haha...,21/10/2023,qzznn@gmail.com
ham,"There're some people by mu, I'm at the table by lambda",27/04/2022,hyfvu@gmail.com
ham,And stop being an old man. You get to build snowman snow angels and snowball fights.,19/04/2023,ppryb@gmail.com
ham,ELLO BABE U OK?,26/01/2023,zzktr@gmail.com
ham,Hello beautiful r u ok? I've kinda ad a row wiv and he walked out the pub?? I wanted a night wiv u Miss u,04/12/2022,jjimd@gmail.com
ham,Then u going ikea str aft dat?,14/11/2023,qfrrx@gmail.com
ham,Becoz its  &lt;#&gt;  jan whn al the post ofice is in holiday so she cn go fr the post ofice...got it duffer,28/08/2024,xzttp@gmail.com
ham,Lol grr my mom is taking forever with my prescription. Pharmacy is like 2 minutes away. Ugh.,26/01/2022,xtcsy@gmail.com
ham,For real tho this sucks. I can't even cook my whole electricity is out. And I'm hungry.,12/07/2023,lyiut@gmail.com
ham,You want to go?,15/04/2023,wkfaq@gmail.com
spam,New TEXTBUDDY Chat 2 horny guys in ur area 4 just 25p Free 2 receive Search postcode or at gaytextbuddy.com. TXT ONE name to 89693. 08715500022 rpl Stop 2 cnl,02/09/2023,laeij@gmail.com
ham,Its not that time of the month nor mid of the time?,17/09/2022,uaqzw@gmail.com
ham,Fffff. Can you text kadeem or are you too far gone,11/07/2023,jqpcq@gmail.com
ham,We not leaving yet. Ok lor then we go elsewhere n eat. U thk...,22/02/2024,cljhq@gmail.com
ham,Is fujitsu s series lifebook good?,22/08/2024,gbrqx@gmail.com
ham,Yar i wanted 2 scold u yest but late already... I where got zhong se qing you? If u ask me b4 he ask me then i'll go out w u all lor. N u still can act so real.,28/01/2022,tkbjm@gmail.com
ham,Dont know you bring some food,11/09/2024,xdqjm@gmail.com
ham,No current and food here. I am alone also,06/12/2022,gwcts@gmail.com
ham,I'll be in sch fr 4-6... I dun haf da book in sch... It's at home...,27/01/2023,lcmcx@gmail.com
ham,Hello. They are going to the village pub at 8 so either come here or there accordingly. Ok?,19/07/2024,vdyfi@gmail.com
ham,Ok,19/10/2022,rxqnl@gmail.com
ham,We don call like  &lt;#&gt;  times oh. No give us hypertension oh.,06/11/2022,cstfd@gmail.com
ham,"Dont give a monkeys wot they think and i certainly don't mind. Any friend of mine&all that! Just don't sleep wiv , that wud be annoyin!",27/06/2024,kobil@gmail.com
ham,Omg it could snow here tonite!,23/10/2023,nryad@gmail.com
spam,Call from 08702490080 - tells u 2 call 09066358152 to claim £5000 prize. U have 2 enter all ur mobile & personal details @ the prompts. Careful!,03/02/2022,wmtpl@gmail.com
spam,Free 1st week entry 2 TEXTPOD 4 a chance 2 win 40GB iPod or £250 cash every wk. Txt VPOD to 81303 Ts&Cs www.textpod.net custcare 08712405020.,29/11/2023,lfslt@gmail.com
ham,Carry on not disturbing both of you,24/07/2024,hcuav@gmail.com
ham,What pa tell me.. I went to bath:-),20/01/2024,kokrl@gmail.com
ham,Jus finished avatar nigro,28/02/2023,hufpi@gmail.com
ham,R u over scratching it?,05/06/2023,ttyqf@gmail.com
ham,Hope you are having a great day.,03/05/2024,ejqjo@gmail.com
ham,Did either of you have any idea's? Do you know of anyplaces doing something?,25/03/2023,bjvol@gmail.com
ham,"My planning usually stops at ""find hella weed, smoke hella weed""",12/05/2024,nzfck@gmail.com
ham,"The fact that you're cleaning shows you know why i'm upset. Your priority is constantly ""what i want to do,"" not ""what i need to do.""",16/05/2024,ufxtm@gmail.com
ham,Excellent! Are you ready to moan and scream in ecstasy?,21/05/2022,ttbum@gmail.com
spam,More people are dogging in your area now. Call 09090204448 and join like minded guys. Why not arrange 1 yourself. There's 1 this evening. A£1.50 minAPN LS278BB,07/02/2023,yzueh@gmail.com
ham,Dude avatar 3d was imp. At one point i thought there were actually flies in the room and almost tried hittng one as a reflex,24/08/2024,mdbgu@gmail.com
spam,"WELL DONE! Your 4* Costa Del Sol Holiday or £5000 await collection. Call 09050090044 Now toClaim. SAE, TCs, POBox334, Stockport, SK38xh, Cost£1.50/pm, Max10mins",21/08/2024,owrgl@gmail.com
ham,K...k:)why cant you come here and search job:),03/11/2022,dsqqo@gmail.com
ham,I got lousy sleep. I kept waking up every 2 hours to see if my cat wanted to come in. I worry about him when its cold :(,10/09/2023,fbuyi@gmail.com
ham,"Yeah, I'll leave in a couple minutes &amp; let you know when I get to mu",29/05/2024,kncwj@gmail.com
ham,Can ü call me at 10:10 to make sure dat i've woken up...,08/09/2022,mwged@gmail.com
ham,Hey we can go jazz power yoga hip hop kb and yogasana,14/01/2023,nlxep@gmail.com
ham,The battery is for mr adewale my uncle. Aka Egbon,22/09/2024,vjoml@gmail.com
ham,I cant pick the phone right now. Pls send a message,28/10/2024,tzzfr@gmail.com
ham,Wait 2 min..stand at bus stop,13/05/2022,ceiyu@gmail.com
ham,Oh ic. I thought you meant mary jane.,17/09/2022,lwknv@gmail.com
ham,Haha... Really oh no... How? Then will they deduct your lesson tmr?,20/10/2022,lqbuh@gmail.com
ham,Nah im goin 2 the wrks with j wot bout u?,09/12/2023,undxa@gmail.com
ham,Then just eat a shit and wait for ur monkey face bitch.......... U asshole..................,21/12/2022,riwxa@gmail.com
ham,Good night. Am going to sleep.,20/12/2023,ugori@gmail.com
ham,"Aight I'll grab something to eat too, text me when you're back at mu",03/06/2022,cvvic@gmail.com
ham,K...k:)why cant you come here and search job:),19/04/2022,qqohs@gmail.com
ham,Take something for pain. If it moves however to any side in the next 6hrs see a doctor.,11/09/2023,liuvo@gmail.com
ham,"Lol ... Oh no babe, I wont be sliding into your place after midnight, but thanks for the invite",11/12/2023,ebriy@gmail.com
ham,Howz that persons story,18/01/2023,pkuzh@gmail.com
spam,Guess what! Somebody you know secretly fancies you! Wanna find out who it is? Give us a call on 09065394973 from Landline DATEBox1282EssexCM61XN 150p/min 18,28/06/2024,firnu@gmail.com
ham,LOL that would be awesome payback.,26/12/2023,kzudy@gmail.com
spam,it to 80488. Your 500 free text messages are valid until 31 December 2005.,05/06/2022,egpzq@gmail.com
ham,Yes :)it completely in out of form:)clark also utter waste.,14/08/2022,zlztn@gmail.com
ham,"Honeybee Said: *I'm d Sweetest in d World* God Laughed &amp; Said: *Wait,U Havnt Met d Person Reading This Msg* MORAL: Even GOD Can Crack Jokes! GM+GN+GE+GN:)",18/07/2023,cyqht@gmail.com
ham,Thanks. It was only from tescos but quite nice. All gone now. Speak soon,25/12/2022,dadqb@gmail.com
ham,What's a feathery bowa? Is that something guys have that I don't know about?,06/05/2023,rzqzu@gmail.com
ham,Even i cant close my eyes you are in me our vava playing umma :-D,15/08/2023,pbcon@gmail.com
ham,2 laptop... I noe infra but too slow lar... I wan fast one,24/03/2024,sdvew@gmail.com
spam,You have won a guaranteed £200 award or even £1000 cashto claim UR award call free on 08000407165 (18+) 2 stop getstop on 88222 PHP,31/12/2022,hwtvu@gmail.com
ham,Nvm it's ok...,03/03/2023,qotmc@gmail.com
ham,Enjoy ur life. . Good night,29/06/2024,yoazr@gmail.com
ham,Yes but can we meet in town cos will go to gep and then home. You could text at bus stop. And don't worry we'll have finished by march … ish!,25/07/2024,ecdbk@gmail.com
ham,I had askd u a question some hours before. Its answer,28/10/2022,jxatb@gmail.com
ham,Thats cool. Where should i cum? On you or in you? :),23/04/2022,tavza@gmail.com
ham,Delhi and chennai still silent.,17/06/2023,yuabg@gmail.com
ham,Lol alright i was thinkin that too haha,01/07/2022,ydirj@gmail.com
spam,Reply to win £100 weekly! Where will the 2006 FIFA World Cup be held? Send STOP to 87239 to end service,17/06/2022,cibvr@gmail.com
ham,No I'm in the same boat. Still here at my moms. Check me out on yo. I'm half naked.,07/07/2022,bqbgd@gmail.com
ham,Shhhhh nobody is supposed to know!,10/03/2023,dmhkb@gmail.com
ham,"Sorry, I'll call later",07/07/2024,gpuqt@gmail.com
ham,"Sorry, I'll call later in meeting any thing related to trade please call Arul. &lt;#&gt;",14/09/2024,gcccg@gmail.com
ham,Hey i will be late... i'm at amk. Need to drink tea or coffee,24/12/2024,kpqof@gmail.com
ham,I wnt to buy a BMW car urgently..its vry urgent.but hv a shortage of  &lt;#&gt; Lacs.there is no source to arng dis amt. &lt;#&gt; lacs..thats my prob,14/10/2022,fazdf@gmail.com
spam,Urgent! Please call 09061743810 from landline. Your ABTA complimentary 4* Tenerife Holiday or #5000 cash await collection SAE T&Cs Box 326 CW25WX 150 ppm,25/04/2024,jyhlg@gmail.com
ham,The length is e same but e top shorter n i got a fringe now. I thk i'm not going liao. Too lazy. Dun wan 2 distract u also.,20/05/2024,zgfdj@gmail.com
ham,S..antha num corrct dane,28/01/2022,etccy@gmail.com
ham,No calls..messages..missed calls,05/02/2022,enldz@gmail.com
ham,"Sorry, I'll call later",10/11/2024,upkse@gmail.com
ham,The basket's gettin full so I might be by tonight,27/01/2023,xcvsf@gmail.com
ham,HI DARLIN IVE JUST GOT BACK AND I HAD A REALLY NICE NIGHT AND THANKS SO MUCH FOR THE LIFT SEE U TOMORROW XXX,24/08/2024,uanjr@gmail.com
ham,No other Valentines huh? The proof is on your fb page. Ugh I'm so glad I really DIDN'T watch your rupaul show you TOOL!,04/07/2024,ybcdb@gmail.com
spam,Free tones Hope you enjoyed your new content. text stop to 61610 to unsubscribe. help:08712400602450p Provided by tones2you.co.uk,28/11/2024,swefb@gmail.com
ham,Eh den sat u book e kb liao huh...,02/08/2022,sfzzp@gmail.com
ham,Have you been practising your curtsey?,17/07/2023,wypfv@gmail.com
ham,Shall i come to get pickle,08/04/2023,jhdff@gmail.com
ham,Lol boo I was hoping for a laugh,19/07/2023,eimvr@gmail.com
ham,"YEH I AM DEF UP4 SOMETHING SAT,JUST GOT PAYED2DAY & I HAVBEEN GIVEN A£50 PAY RISE 4MY WORK & HAVEBEEN MADE PRESCHOOLCO-ORDINATOR 2I AM FEELINGOOD LUV",03/03/2023,cxohd@gmail.com
ham,"Well, I have to leave for my class babe ... You never came back to me ... :-( ... Hope you have a nice sleep, my love",24/08/2023,hdbig@gmail.com
ham,LMAO where's your fish memory when I need it?,16/08/2024,wacnr@gmail.com
ham,But i'll b going 2 sch on mon. My sis need 2 take smth.,10/05/2024,kravz@gmail.com
ham,Idea will soon get converted to live:),05/11/2024,ioais@gmail.com
spam,TheMob>Yo yo yo-Here comes a new selection of hot downloads for our members to get for FREE! Just click & open the next link sent to ur fone...,10/06/2022,dbknp@gmail.com
ham,S....s...india going to draw the series after many years in south african soil..,10/10/2022,yzurv@gmail.com
ham,"Goodmorning, today i am late for  &lt;DECIMAL&gt; min.",10/03/2024,nnrsc@gmail.com
ham,Can't take any major roles in community outreach. You rock mel,08/10/2022,wwqvi@gmail.com
ham,Shopping lor. Them raining mah hard 2 leave orchard.,28/07/2022,yyeoo@gmail.com
ham,Hi here. have birth at on the  to  at 8lb 7oz. Mother and baby doing brilliantly.,29/01/2022,nujqs@gmail.com
ham,See the forwarding message for proof,13/10/2024,ufazi@gmail.com
ham,"I can't keep going through this. It was never my intention to run you out, but if you choose to do that rather than keep the room clean so *I* don't have to say no to visitors, then maybe that's the best choice. Yes, I wanted you to be embarassed, so maybe you'd feel for once how I feel when i have a friend who wants to drop buy and i have to say no, as happened this morning. I've tried everything. I don't know what else to do.",06/04/2024,znmnm@gmail.com
ham,Dunno lei... I thk mum lazy to go out... I neva ask her yet...,27/08/2023,kvtgg@gmail.com
ham,"Do whatever you want. You know what the rules are. We had a talk earlier this week about what had to start happening, you showing responsibility. Yet, every week it's can i bend the rule this way? What about that way? Do whatever. I'm tired of having thia same argument with you every week. And a  &lt;#&gt;  movie DOESNT inlude the previews. You're still getting in after 1.",18/03/2022,ihveq@gmail.com
ham,"Beautiful Truth against Gravity.. Read carefully: ""Our heart feels light when someone is in it.. But it feels very heavy when someone leaves it.."" GOODMORNING",16/12/2022,sxfdn@gmail.com
spam,Great News! Call FREEFONE 08006344447 to claim your guaranteed £1000 CASH or £2000 gift. Speak to a live operator NOW!,07/07/2023,ifitc@gmail.com
ham,Ambrith..madurai..met u in arun dha marrge..remembr?,06/06/2023,gllmf@gmail.com
ham,Just re read it and I have no shame but tell me how he takes it and if he runs I will blame u 4 ever!! Not really 4 ever just a long time,10/12/2023,xssym@gmail.com
ham,"Princess, is your kitty shaved or natural?",31/05/2023,fzxxq@gmail.com
ham,"Better than bb. If he wont use it, his wife will or them doctor",22/07/2023,ghgur@gmail.com
ham,Ya it came a while ago,12/02/2022,rkjth@gmail.com
ham,From tomorrow onwards eve 6 to 3 work.,16/05/2022,zjfot@gmail.com
ham,Anything lor but toa payoh got place 2 walk meh...,20/07/2022,udknc@gmail.com
ham,"I don't have anybody's number, I still haven't thought up a tactful way to ask alex",19/12/2022,wjsrm@gmail.com
spam,"U can WIN £100 of Music Gift Vouchers every week starting NOW Txt the word DRAW to 87066 TsCs www.ldew.com SkillGame,1Winaweek, age16.150ppermessSubscription",13/08/2023,ietzp@gmail.com
ham,Is there any movie theatre i can go to and watch unlimited movies and just pay once?,22/09/2024,jefqw@gmail.com
ham,U having lunch alone? I now so bored...,17/03/2024,fqpqn@gmail.com
ham,"Yes obviously, but you are the eggs-pert and the potato head… Speak soon!",14/10/2023,ewcbo@gmail.com
ham,"Nah man, my car is meant to be crammed full of people",25/11/2022,gntek@gmail.com
ham,No got new job at bar in airport on satsgettin 4.47per hour but means no lie in! keep in touch,19/03/2024,njcug@gmail.com
ham,Kallis is ready for bat in 2nd innings,25/04/2024,akazi@gmail.com
ham,Thanx but my birthday is over already.,31/03/2024,hmszu@gmail.com
ham,"Ugh y can't u just apologize, admit u were wrong and ask me to take u back?",03/09/2022,ekdwi@gmail.com
ham,"I noe la... U wana pei bf oso rite... K lor, other days den...",10/11/2024,bpriy@gmail.com
ham,"Yes, i'm small kid.. And boost is the secret of my energy..",31/10/2024,hfsdi@gmail.com
ham,IM GONNA MISS U SO MUCH,02/02/2023,xtllm@gmail.com
ham,Is avatar supposed to have subtoitles,05/01/2024,llfdw@gmail.com
ham,Simply sitting and watching match in office..,17/04/2024,kcjvp@gmail.com
ham,You can jot down things you want to remember later.,25/09/2023,xjxtf@gmail.com
ham,Oh sorry please its over,04/10/2023,monij@gmail.com
ham,Hey are we going for the lo lesson or gym?,12/04/2022,sxgar@gmail.com
ham,"Dont pack what you can buy at any store.like cereals. If you must pack food, pack gari or something 9ja that you will miss.",27/04/2023,stmjf@gmail.com
ham,You always make things bigger than they are,20/11/2022,uhyzo@gmail.com
ham,Ü dun wan to watch infernal affair?,12/01/2023,fvxkx@gmail.com
ham,"Me not waking up until 4 in the afternoon, sup",26/11/2022,dgxsm@gmail.com
spam,4mths half price Orange line rental & latest camera phones 4 FREE. Had your phone 11mths ? Call MobilesDirect free on 08000938767 to update now! or2stoptxt,05/12/2022,kkqgi@gmail.com
ham,I can send you a pic if you like :),12/12/2022,aqero@gmail.com
ham,Okay... I booked all already... Including the one at bugis.,07/05/2024,lqnao@gmail.com
ham,"Aight fuck it, I'll get it later",26/09/2024,jwjfh@gmail.com
ham,No de. But call me after some time. Ill tell you k,18/03/2024,dytnl@gmail.com
ham,So dont use hook up any how,11/03/2024,mzxch@gmail.com
ham,How much is blackberry bold2 in nigeria.,01/08/2024,odrgy@gmail.com
ham,Hi where you. You in home or calicut?,03/08/2022,lvrdf@gmail.com
ham,Hey darlin.. i can pick u up at college if u tell me wen & where 2 mt.. love Pete xx,20/11/2023,gnway@gmail.com
spam,"Call 09094100151 to use ur mins! Calls cast 10p/min (mob vary). Service provided by AOM, just GBP5/month. AOM Box61,M60 1ER until u stop. Ages 18+ only!",13/05/2023,nnkwr@gmail.com
ham,"Oh... I was thkin of goin yogasana at 10 den no nd to go at 3 den can rush to parco 4 nb... Okie lor, u call me when ready...",09/01/2023,psnyv@gmail.com
ham,Y so late but i need to go n get da laptop...,15/12/2024,stlva@gmail.com
ham,"Sir, I am waiting for your mail.",31/07/2023,amexx@gmail.com
ham,.Please charge my mobile when you get up in morning.,25/07/2022,nhedu@gmail.com
ham,"Nothing, i got msg frm tht unknown no..",26/10/2022,yqnes@gmail.com
ham,Ugh fuck it I'm resubbing to eve,01/02/2024,kcvrg@gmail.com
ham,He didn't see his shadow. We get an early spring yay,29/02/2024,dietp@gmail.com
ham,I did. One slice and one breadstick. Lol,26/10/2024,xmhnr@gmail.com
ham,"Hey ! I want you ! I crave you ! I miss you ! I need you ! I love you, Ahmad Saeed al Hallaq ...",15/03/2023,iacoc@gmail.com
ham,Is there any training tomorrow?,12/05/2024,jvepf@gmail.com
spam,"URGENT! Your mobile No *********** WON a £2,000 Bonus Caller Prize on 02/06/03! This is the 2nd attempt to reach YOU! Call 09066362220 ASAP! BOX97N7QP, 150ppm",29/04/2023,fxyya@gmail.com
ham,Pass dis to all ur contacts n see wat u get! Red;i'm in luv wid u. Blue;u put a smile on my face. Purple;u r realy hot. Pink;u r so swt. Orange;i thnk i lyk u. Green;i realy wana go out wid u. Yelow;i wnt u bck. Black;i'm jealous of u. Brown;i miss you Nw plz giv me one color,01/05/2023,bexdx@gmail.com
ham,Cos daddy arranging time c wat time fetch ü mah...,05/09/2022,szljo@gmail.com
ham,Then. You are eldest know.,04/01/2024,tiysj@gmail.com
ham,Who's there say hi to our drugdealer,16/02/2024,nxrmu@gmail.com
ham,Its hard to believe things like this. All can say lie but think twice before saying anything to me.,21/04/2024,gdzwz@gmail.com
spam,"Eerie Nokia tones 4u, rply TONE TITLE to 8007 eg TONE DRACULA to 8007 Titles: GHOST, ADDAMSFA, MUNSTERS, EXORCIST, TWILIGHT www.getzed.co.uk POBox36504W45WQ 150p",27/09/2023,rspaa@gmail.com
spam,Sexy Singles are waiting for you! Text your AGE followed by your GENDER as wither M or F E.G.23F. For gay men text your AGE followed by a G. e.g.23G.,16/06/2022,uingr@gmail.com
ham,Good night my dear.. Sleepwell&amp;Take care,20/01/2022,dctfq@gmail.com
ham,That is wondarfull song,17/12/2023,sdwgk@gmail.com
spam,"FreeMsg: Claim ur 250 SMS messages-Text OK to 84025 now!Use web2mobile 2 ur mates etc. Join Txt250.com for 1.50p/wk. T&C BOX139, LA32WU. 16 . Remove txtX or stop",07/11/2023,ebyrs@gmail.com
ham,Yar lor actually we quite fast... Cos da ge slow wat... Haha...,24/07/2024,njyie@gmail.com
ham,Must come later.. I normally bathe him in da afternoon mah..,23/11/2022,uoohv@gmail.com
ham,"Trust me. Even if isn't there, its there.",05/11/2022,phdpe@gmail.com
ham,Hey hun-onbus goin 2 meet him. He wants 2go out 4a meal but I donyt feel like it cuz have 2 get last bus home!But hes sweet latelyxxx,01/07/2022,kodqo@gmail.com
spam,85233 FREE>Ringtone!Reply REAL,27/08/2023,hlkaq@gmail.com
ham,I can take you at like noon,22/05/2024,cacxf@gmail.com
ham,Where is it. Is there any opening for mca.,12/07/2022,qtumv@gmail.com
ham,I'm aight. Wat's happening on your side.,29/10/2023,sewfu@gmail.com
ham,I'm done oredi...,26/12/2023,ohtfm@gmail.com
ham,"you are sweet as well, princess. Please tell me your likes and dislikes in bed...",29/10/2023,yorif@gmail.com
ham,How are you. Wish you a great semester,19/01/2022,beizt@gmail.com
ham,Moji i love you more than words. Have a rich day,10/12/2022,rkwdd@gmail.com
ham,Dude how do you like the buff wind.,06/11/2023,gbqvs@gmail.com
ham,"alright babe, justthought id sayhey! how u doin?nearly the endof me wk offdam nevamind!We will have 2Hook up sn if uwant m8? loveJen x.",06/08/2022,kgyiz@gmail.com
spam,Well done ENGLAND! Get the official poly ringtone or colour flag on yer mobile! text TONE or FLAG to 84199 NOW! Opt-out txt ENG STOP. Box39822 W111WX £1.50,03/08/2024,jbpbr@gmail.com
ham,"No i'm not. I can't give you everything you want and need. You actually could do better for yourself on yor own--you've got more money than i do. I can't get work, i can't get a man, i can't pay the rent, i can't even fill my fucking gas tank. yes, i'm stressed and depressed. I didn't even call home for thanksgiving cuz i'll have to tell them i,m up to nothing.",08/02/2022,enoqm@gmail.com
ham,S:-)kallis wont play in first two odi:-),28/05/2022,vdeyg@gmail.com
ham,Then get some cash together and I'll text jason,28/09/2023,unncx@gmail.com
ham,"Oh, my love, it's soooo good to hear from you. Omg I missed you so much today. I'm sorry your having problems with the provider but thank you for tming me",20/09/2023,rdqms@gmail.com
spam,"Final Chance! Claim ur £150 worth of discount vouchers today! Text YES to 85023 now! SavaMob, member offers mobile! T Cs SavaMob POBOX84, M263UZ. £3.00 Subs 16",14/06/2023,vaqud@gmail.com
spam,PRIVATE! Your 2004 Account Statement for 07742676969 shows 786 unredeemed Bonus Points. To claim call 08719180248 Identifier Code: 45239 Expires,25/02/2022,euggc@gmail.com
ham,"Probably, want to pick up more?",17/07/2023,eukts@gmail.com
ham,I'm done...,10/02/2022,lvpzw@gmail.com
ham,Are you the cutest girl in the world or what,21/06/2023,ztkjs@gmail.com
ham,"No dice, art class 6 thru 9 :( thanks though. Any idea what time I should come tomorrow?",22/08/2023,lrplr@gmail.com
spam,"SMS SERVICES. for your inclusive text credits, pls goto www.comuk.net login= ***** unsubscribe with STOP. no extra charge. help:08700469649. PO BOX420. IP4 5WE",21/11/2023,ygmgi@gmail.com
ham,Oh Howda gud gud.. Mathe en samachara chikku:-),09/07/2024,rrnyd@gmail.com
ham,I thk 530 lor. But dunno can get tickets a not. Wat u doing now?,18/03/2023,bljdz@gmail.com
ham,Audrie lousy autocorrect,18/11/2022,kjcjx@gmail.com
ham,Its a site to simulate the test. It just gives you very tough questions to test your readiness.,27/01/2024,zbwmp@gmail.com
ham,Anyway seriously hit me up when you're back because otherwise I have to light up with armand and he always has shit and/or is vomiting,12/01/2022,honhz@gmail.com
ham,I fetch yun or u fetch?,27/02/2022,utcti@gmail.com
ham,Thank you. I like you as well...,13/09/2023,jurwq@gmail.com
ham,"Hmmm ... And imagine after you've come home from that having to rub my feet, make me dinner and help me get ready for my date ! Are you sure your ready for that kind of life ?",25/11/2024,rzuww@gmail.com
spam,"FREE2DAY sexy St George's Day pic of Jordan!Txt PIC to 89080 dont miss out, then every wk a saucy celeb!4 more pics c PocketBabe.co.uk 0870241182716 £3/wk",07/07/2023,fxocs@gmail.com
ham,Lara said she can loan me  &lt;#&gt; .,20/01/2023,okcrm@gmail.com
ham,Do we have any spare power supplies,16/02/2024,erxjb@gmail.com
ham,Yar he quite clever but aft many guesses lor. He got ask me 2 bring but i thk darren not so willing 2 go. Aiya they thk leona still not attach wat.,18/08/2024,oobqs@gmail.com
spam,You are a winner you have been specially selected to receive £1000 cash or a £2000 award. Speak to a live operator to claim call 087123002209am-7pm. Cost 10p,19/05/2022,adyih@gmail.com
ham,"Yeah, don't go to bed, I'll be back before midnight",02/01/2023,lbsfa@gmail.com
spam,"Sunshine Hols. To claim ur med holiday send a stamped self address envelope to Drinks on Us UK, PO Box 113, Bray, Wicklow, Eire. Quiz Starts Saturday! Unsub Stop",14/04/2024,dvbxn@gmail.com
ham,Well I wasn't available as I washob nobbing with last night so they had to ask Nickey Platt instead of me!;,11/01/2024,ugjuv@gmail.com
ham,"It's that time of the week again, ryan",30/04/2024,lwqne@gmail.com
ham,Wish u many many returns of the day.. Happy birthday vikky..,03/01/2023,kboex@gmail.com
spam,"U can WIN £100 of Music Gift Vouchers every week starting NOW Txt the word DRAW to 87066 TsCs www.Idew.com SkillGame, 1Winaweek, age16. 150ppermessSubscription",27/04/2024,btuli@gmail.com
ham,I hope you know I'm still mad at you.,24/01/2022,qsbni@gmail.com
ham,"Argh my 3g is spotty, anyway the only thing I remember from the research we did was that province and sterling were the only problem-free places we looked at",07/11/2022,yxcvn@gmail.com
ham,In xam hall boy asked girl Tell me the starting term for dis answer I can den manage on my own After lot of hesitation n lookin around silently she said THE! intha ponnungale ipaditan;),23/11/2023,dxotz@gmail.com
ham,Do you know when the result.,16/04/2022,homma@gmail.com
spam,#ERROR!,15/05/2024,ddlkf@gmail.com
ham,"Beautiful Truth against Gravity.. Read carefully: ""Our heart feels light when someone is in it.. But it feels very heavy when someone leaves it.."" GOOD NIGHT",09/11/2023,sheur@gmail.com
ham,"Sorry im getting up now, feel really bad- totally rejected that kinda me thing.",11/10/2023,wbube@gmail.com
ham,You do got a shitload of diamonds though,18/09/2023,lyhzv@gmail.com
ham,Tessy..pls do me a favor. Pls convey my birthday wishes to Nimya..pls dnt forget it. Today is her birthday Shijas,23/07/2024,nplsf@gmail.com
ham,Well I'm going to be an aunty!,09/05/2024,pvvjh@gmail.com
ham,Mine here like all fr china then so noisy.,18/08/2022,swekm@gmail.com
ham,Later i guess. I needa do mcat study too.,14/01/2023,dwrqb@gmail.com
ham,S...from the training manual it show there is no tech process:)its all about password reset and troubleshooting:),04/06/2022,prdqa@gmail.com
spam,Your B4U voucher w/c 27/03 is MARSMS. Log onto www.B4Utele.com for discount credit. To opt out reply stop. Customer care call 08717168528,15/12/2024,zctsz@gmail.com
ham,"Spoke with uncle john today. He strongly feels that you need to sacrifice to keep me here. He's going to call you. When he does, i beg you to just listen. Dont make any promises or make it clear things are not easy. And i need you to please let us work things out. As long as i keep expecting help, my creativity will be stifled so pls just keep him happy, no promises on your part.",09/07/2024,ezlxn@gmail.com
ham,If he started searching he will get job in few days.he have great potential and talent.,14/02/2023,zrsxf@gmail.com
ham,"Carlos took a while (again), we leave in a minute",15/09/2023,motln@gmail.com
ham,Well done and ! luv ya all,04/01/2024,uwltn@gmail.com
ham,Then why you came to hostel.,28/11/2022,wfwmn@gmail.com
ham,K still are you loving me.,18/09/2024,vkdha@gmail.com
ham,But i juz remembered i gotta bathe my dog today..,06/05/2024,ysyxn@gmail.com
ham,After the drug she will be able to eat.,23/02/2022,pbyqr@gmail.com
ham,Alright took the morphine. Back in yo.,10/09/2022,vahpr@gmail.com
ham,You see the requirements please,11/03/2024,zrgik@gmail.com
ham,You stayin out of trouble stranger!!saw Dave the other day hes sorted now!still with me bloke when u gona get a girl MR!ur mum still Thinks we will get 2GETHA!,17/01/2024,vavcm@gmail.com
spam,FreeMsg: Hey - I'm Buffy. 25 and love to satisfy men. Home alone feeling randy. Reply 2 C my PIX! QlynnBV Help08700621170150p a msg Send stop to stop txts,29/07/2023,oaazo@gmail.com
spam,"Sunshine Hols. To claim ur med holiday send a stamped self address envelope to Drinks on Us UK, PO Box 113, Bray, Wicklow, Eire. Quiz Starts Saturday! Unsub Stop",02/06/2023,fdnqv@gmail.com
ham,So can collect ur laptop?,12/12/2022,zycqe@gmail.com
ham,"Ok. Can be later showing around 8-8:30 if you want + cld have drink before. Wld prefer not to spend money on nosh if you don't mind, as doing that nxt wk.",04/11/2022,gebqp@gmail.com
ham,I will once i get home,11/08/2024,qqauj@gmail.com
ham,Waaaat?? Lololo ok next time then!,04/07/2024,jlfnu@gmail.com
ham,"The table's occupied, I'm waiting by the tree",19/02/2022,jpfpl@gmail.com
ham,I surely dont forgot to come:)i will always be in touch in with you:-),27/08/2022,ukrly@gmail.com
ham,Hi kindly give us back our documents which we submitted for loan from STAPATI,02/04/2022,tsyvy@gmail.com
ham,I dont have i shall buy one dear,12/03/2024,wcjjc@gmail.com
ham,Oh god i am happy to see your message after 3 days,29/06/2022,hnjql@gmail.com
ham,What year. And how many miles.,21/05/2022,cloqb@gmail.com
ham,Hey cutie. How goes it? Here in WALES its kinda ok. There is like hills and shit but i still avent killed myself.,09/02/2023,tbssg@gmail.com
ham,"Sad story of a Man - Last week was my b'day. My Wife did'nt wish me. My Parents forgot n so did my Kids . I went to work. Even my Colleagues did not wish. As I entered my cabin my PA said, '' Happy B'day Boss !!''. I felt special. She askd me 4 lunch. After lunch she invited me to her apartment. We went there. She said,'' do u mind if I go into the bedroom for a minute ? '' ''OK'', I sed in a sexy mood. She came out 5 minuts latr wid a cake...n My Wife, My Parents, My Kidz, My Friends n My Colleagues. All screaming.. SURPRISE !! and I was waiting on the sofa.. ... ..... ' NAKED...!",24/02/2024,xzsxm@gmail.com
ham,I think you should go the honesty road. Call the bank tomorrow. Its the tough decisions that make us great people.,16/12/2023,nrvbw@gmail.com
spam,FREE for 1st week! No1 Nokia tone 4 ur mob every week just txt NOKIA to 87077 Get txting and tell ur mates. zed POBox 36504 W45WQ norm150p/tone 16+,12/07/2024,norjm@gmail.com
ham,No. Its not specialisation. Can work but its slave labor. Will look for it this month sha cos no shakara 4 beggar.,13/01/2023,vbpiy@gmail.com
ham,Is she replying. Has boye changed his phone number,13/08/2024,odxjm@gmail.com
ham,"1) Go to write msg 2) Put on Dictionary mode 3)Cover the screen with hand, 4)Press  &lt;#&gt; . 5)Gently remove Ur hand.. Its interesting..:)",10/10/2024,onqrq@gmail.com
ham,hi my darlin im on my way to London and we have just been smashed into by another driver! and have a big dent! im really missing u what have u been up to? xxx,27/10/2023,vwacf@gmail.com
ham,"Nothing really, just making sure everybody's up to speed",17/08/2023,aknhg@gmail.com
ham,I'm not coming home 4 dinner.,25/10/2023,hkwtg@gmail.com
ham,"Thank you. And by the way, I just lost.",13/11/2023,icsbv@gmail.com
ham,Yes.he have good crickiting mind,21/05/2022,ddkpp@gmail.com
ham,Thx. All will be well in a few months,04/07/2023,snavs@gmail.com
spam,"Shop till u Drop, IS IT YOU, either 10K, 5K, £500 Cash or £100 Travel voucher, Call now, 09064011000. NTT PO Box CR01327BT fixedline Cost 150ppm mobile vary",07/03/2022,yijif@gmail.com
ham,"CAN I PLEASE COME UP NOW IMIN TOWN.DONTMATTER IF URGOIN OUTL8R,JUST REALLYNEED 2DOCD.PLEASE DONTPLEASE DONTIGNORE MYCALLS,U NO THECD ISV.IMPORTANT TOME 4 2MORO",19/06/2023,jfvbg@gmail.com
ham,I wont. So wat's wit the guys,23/11/2024,qskcu@gmail.com
ham,Yavnt tried yet and never played original either,18/07/2022,tivnq@gmail.com
ham,"Hiya, had a good day? Have you spoken to since the weekend?",20/08/2024,rnkso@gmail.com
ham,See? I thought it all through,20/09/2022,lzweh@gmail.com
ham,I'm at work. Please call,15/06/2024,segrm@gmail.com
ham,get ready to moan and scream :),01/02/2024,owhtk@gmail.com
ham,Oh k :)why you got job then whats up?,03/11/2022,irxug@gmail.com
ham,"I don,t think so. You don't need to be going out that late on a school night. ESPECIALLY when the one class you have is the one you missed last wednesday and probably failed a test in on friday",28/07/2024,sbtyb@gmail.com
ham,And popping &lt;#&gt; ibuprofens was no help.,08/02/2023,bgiar@gmail.com
ham,"Babe ! How goes that day ? What are you doing ? Where are you ? I sip my cappuccino and think of you, my love ... I send a kiss to you from across the sea",21/01/2022,bkkpm@gmail.com
ham,Ok.,31/07/2022,knynr@gmail.com
ham,PS U no ur a grown up now right?,30/05/2023,ejbmg@gmail.com
ham,"Chinatown got porridge, claypot rice, yam cake, fishhead beehoon... Either we eat cheap den go cafe n tok or go nydc or somethin...",22/12/2023,eqqba@gmail.com
ham,I know a few people I can hit up and fuck to the yes,01/05/2023,lzwaw@gmail.com
ham,Purity of friendship between two is not about smiling after reading the forwarded message..Its about smiling just by seeing the name. Gud evng,21/03/2023,stzxx@gmail.com
ham,So is there anything specific I should be doing with regards to jaklin or what because idk what the fuck,12/10/2024,huubk@gmail.com
ham,Oh god. I'm gonna Google nearby cliffs now.,10/03/2024,kcngi@gmail.com
spam,FREE camera phones with linerental from 4.49/month with 750 cross ntwk mins. 1/2 price txt bundle deals also avble. Call 08001950382 or call2optout/J MF,04/07/2024,wcfqn@gmail.com
ham,Yup i shd haf ard 10 pages if i add figures... Ü all got how many pages?,21/08/2022,vjgji@gmail.com
ham,"Ooh, 4got, i'm gonna start belly dancing in moseley weds 6.30 if u want 2 join me, they have a cafe too.",06/12/2023,bugzu@gmail.com
ham,Thankyou so much for the call. I appreciate your care.,18/08/2024,iejwe@gmail.com
ham,Congrats ! Treat pending.i am not on mail for 2 days.will mail once thru.Respect mother at home.check mails.,05/08/2022,fkgzb@gmail.com
ham,I called but no one pick up e phone. I ask both of them already they said ok.,22/09/2024,hunva@gmail.com
ham,Hi my email address has changed now it is,27/04/2024,nqfgi@gmail.com
ham,"V-aluable. A-ffectionate. L-oveable. E-ternal. N-oble. T-ruthful. I-ntimate. N-atural. E-namous. Happy ""VALENTINES DAY"" in advance",14/11/2023,qbkat@gmail.com
ham,"Not much, just some textin'. How bout you?",23/02/2024,syizb@gmail.com
ham,Bring it if you got it,27/07/2024,ggwwo@gmail.com
ham,I'm in a movie. Call me 4 wat?,22/11/2023,cozng@gmail.com
ham,Not sure I have the stomach for it ...,10/12/2022,oktxz@gmail.com
ham,Haha... can... But i'm having dinner with my cousin...,21/11/2023,wvdmp@gmail.com
ham,"A boy was late 2 home. His father: ""POWER OF FRNDSHIP""",02/03/2024,hdvob@gmail.com
ham,"(And my man carlos is definitely coming by mu tonight, no excuses)",30/12/2023,wkypw@gmail.com
ham,soon you will have the real thing princess! Do i make you wet? :),12/02/2023,fugth@gmail.com
ham,Raji..pls do me a favour. Pls convey my Birthday wishes to Nimya. Pls. Today is her birthday.,21/12/2022,edzmp@gmail.com
ham,"Haha, my legs and neck are killing me and my amigos are hoping to end the night with a burn, think I could swing by in like an hour?",11/11/2024,ikvxk@gmail.com
spam,"URGENT! Your mobile No 07xxxxxxxxx won a £2,000 bonus caller prize on 02/06/03! this is the 2nd attempt to reach YOU! call 09066362231 ASAP! BOX97N7QP, 150PPM",04/12/2023,hqhdc@gmail.com
ham,Usually the body takes care of it buy making sure it doesnt progress. Can we pls continue this talk on saturday.,31/12/2024,iopos@gmail.com
spam,"URGENT!! Your 4* Costa Del Sol Holiday or £5000 await collection. Call 09050090044 Now toClaim. SAE, TC s, POBox334, Stockport, SK38xh, Cost£1.50/pm, Max10mins",02/11/2024,qahmd@gmail.com
ham,"Hmm well, night night",22/08/2022,uciqy@gmail.com
ham,Just wanted to say holy shit you guys weren't kidding about this bud,19/05/2022,ajitb@gmail.com
ham,"Just gettin a bit arty with my collages at the mo, well tryin 2 ne way! Got a roast in a min lovely i shall enjoy that!",21/11/2024,irxfi@gmail.com
ham,"This is one of the days you have a billion classes, right?",06/07/2022,sjfsy@gmail.com
ham,"Goodmorning, today i am late for 2hrs. Because of back pain.",05/05/2023,vihoj@gmail.com
ham,Ok then i'll let him noe later n ask him call u tmr...,29/03/2024,osqrn@gmail.com
ham,Prabha..i'm soryda..realy..frm heart i'm sory,01/10/2022,sxdaz@gmail.com
ham,OK i'm waliking ard now... Do u wan me 2 buy anything go ur house?,16/01/2024,exmby@gmail.com
ham,* Will have two more cartons off u and is very pleased with shelves,09/06/2022,ipyrf@gmail.com
ham,Nice talking to you! please dont forget my pix :) i want to see all of you...,03/09/2024,jftdu@gmail.com
spam,You have WON a guaranteed £1000 cash or a £2000 prize. To claim yr prize call our customer service representative on 08714712379 between 10am-7pm Cost 10p,24/06/2023,fymkf@gmail.com
ham,But really quite funny lor wat... Then u shd haf run shorter distance wat...,01/06/2023,kpibw@gmail.com
ham,I notice you like looking in the shit mirror youre turning into a right freak,15/06/2022,okbei@gmail.com
ham,Great. I was getting worried about you. Just know that a wonderful and caring person like you will have only the best in life. Know that u r wonderful and God's love is yours.,07/08/2023,vvfkm@gmail.com
spam,"Thanks for your ringtone order, ref number K718. Your mobile will be charged £4.50. Should your tone not arrive please call customer services on 09065069120",16/12/2022,rlmpf@gmail.com
ham,"I prefer my free days... Tues, wed, fri oso can... Ü ask those workin lor...",29/01/2024,kaikz@gmail.com
ham,Alrite jod hows the revision goin? Keris bin doin a smidgin. N e way u wanna cum over after college?xx,19/06/2022,ifenq@gmail.com
ham,If you have belive me. Come to my home.,22/03/2022,nfbcl@gmail.com
ham,Oh k.k..where did you take test?,30/12/2023,cqnkl@gmail.com
ham,Those were my exact intentions,29/12/2022,hzoqm@gmail.com
ham,haha but no money leh... Later got to go for tuition... Haha and looking for empty slots for driving lessons,11/12/2024,utoed@gmail.com
ham,"Hey... Thk we juz go accordin to wat we discussed yest lor, except no kb on sun... Cos there's nt much lesson to go if we attend kb on sat...",21/08/2024,nntsx@gmail.com
ham,"K, wen ur free come to my home and also tel vikky i hav sent mail to him also.. Better come evening il be free today aftr 6pm..:-)",16/08/2023,izpes@gmail.com
ham,Nothing just getting msgs by dis name wit different no's..,28/11/2022,mnqzm@gmail.com
ham,Good Morning plz call me sir,08/02/2024,rtbxo@gmail.com
ham,What's your room number again? Wanna make sure I'm knocking on the right door,23/06/2022,cggex@gmail.com
ham,"Si.como no?!listened2the plaid album-quite gd&the new air1 which is hilarious-also boughtbraindancea comp.ofstuff on aphexs ;abel,u hav2hear it!c u sn xxxx",10/10/2023,bukex@gmail.com
ham,Pls tell nelson that the bb's are no longer comin. The money i was expecting aint coming,22/04/2022,twneb@gmail.com
ham,"Give her something to drink, if she takes it and doesn't vomit then you her temp might drop. If she unmits however let me know.",30/04/2024,gjraz@gmail.com
ham,Think you sent the text to the home phone. That cant display texts. If you still want to send it his number is,20/06/2024,jrbwr@gmail.com
ham,Every day i use to sleep after  &lt;#&gt;  so only.,22/08/2023,kvbow@gmail.com
ham,K I'll call you when I'm close,01/11/2022,upcvu@gmail.com
ham,U buy newspapers already?,03/06/2022,horjf@gmail.com
ham,Nope wif my sis lor... Aft bathing my dog then i can bathe... Looks like it's going 2 rain soon.,02/11/2023,awvnv@gmail.com
ham,Boo I'm on my way to my moms. She's making tortilla soup. Yummmm,14/04/2022,jagpk@gmail.com
ham,No management puzzeles.,28/03/2022,nqmur@gmail.com
ham,How did you find out in a way that didn't include all of these details,03/01/2024,luxco@gmail.com
spam,"Hi ya babe x u 4goten bout me?' scammers getting smart..Though this is a regular vodafone no, if you respond you get further prem rate msg/subscription. Other nos used also. Beware!",16/03/2022,viyft@gmail.com
spam,Back 2 work 2morro half term over! Can U C me 2nite 4 some sexy passion B4 I have 2 go back? Chat NOW 09099726481 Luv DENA Calls £1/minMobsmoreLKPOBOX177HP51FL,09/08/2024,ckqva@gmail.com
ham,will you like to be spoiled? :),30/06/2024,jhwvq@gmail.com
spam,"Thanks for your ringtone order, ref number R836. Your mobile will be charged £4.50. Should your tone not arrive please call customer services on 09065069154",21/11/2024,unxlu@gmail.com
ham,I am getting threats from your sales executive Shifad as i raised complaint against him. Its an official message.,26/09/2022,ixjfu@gmail.com
ham,hope things went well at 'doctors' ;) reminds me i still need 2go.did u c d little thing i left in the lounge?,28/09/2023,jvmtw@gmail.com
ham,Den wat will e schedule b lk on sun?,12/06/2022,mxmft@gmail.com
ham,Lol enjoy role playing much?,10/11/2022,ewxij@gmail.com
ham,Ok. Me watching tv too.,27/01/2022,lwqsc@gmail.com
ham,"I just lov this line: ""Hurt me with the truth, I don't mind,i wil tolerat.bcs ur my someone..... But, Never comfort me with a lie"" gud ni8 and sweet dreams",14/08/2024,yvkxf@gmail.com
ham,"Just checked out, heading out to drop off my stuff now",10/07/2024,rhpyc@gmail.com
ham,Here got lots of hair dresser fr china.,01/03/2023,lqjjv@gmail.com
ham,Sad story of a Man - Last week was my b'day. My Wife did'nt wish me. My Parents forgot n so did my Kids . I went to work. Even my Colleagues did not wish.,27/12/2023,fjibo@gmail.com
ham,Ill call you evening ill some ideas.,15/01/2024,tmyuj@gmail.com
spam,SplashMobile: Choose from 1000s of gr8 tones each wk! This is a subscrition service with weekly tones costing 300p. U have one credit - kick back and ENJOY,28/11/2023,xpvyw@gmail.com
ham,Did you show him and wot did he say or could u not c him 4 dust?,01/11/2022,kylkn@gmail.com
ham,It should take about  &lt;#&gt;  min,27/09/2022,iuzyr@gmail.com
spam,Not heard from U4 a while. Call 4 rude chat private line 01223585334 to cum. Wan 2C pics of me gettin shagged then text PIX to 8552. 2End send STOP 8552 SAM xxx,13/06/2022,dypmo@gmail.com
ham,Ok . . now i am in bus. . If i come soon i will come otherwise tomorrow,10/11/2023,usloz@gmail.com
ham,I cant pick the phone right now. Pls send a message,04/03/2022,plvhe@gmail.com
spam,<Forwarded from 88877>FREE entry into our £250 weekly comp just send the word ENTER to 88877 NOW. 18 T&C www.textcomp.com,01/11/2024,ikjmj@gmail.com
ham,Finish liao... U?,22/02/2022,vqdkd@gmail.com
spam,88066 FROM 88066 LOST 3POUND HELP,22/04/2022,lxqcy@gmail.com
ham,Haha i think i did too,23/03/2023,yddmc@gmail.com
ham,U know we watchin at lido?,20/01/2023,qwsov@gmail.com
ham,Life spend with someone for a lifetime may be meaningless but a few moments spent with someone who really love you means more than life itself..,07/05/2023,wgsnc@gmail.com
ham,"Haha awesome, I've been to 4u a couple times. Who all's coming?",30/09/2022,vhubq@gmail.com
ham,Cold. Dont be sad dear,22/12/2022,bdgbc@gmail.com
ham,Think I could stop by in like an hour or so? My roommate's looking to stock up for a trip,07/04/2024,jtlwp@gmail.com
ham,Is that on the telly? No its Brdget Jones!,27/05/2023,xoidx@gmail.com
ham,Love you aathi..love u lot..,04/03/2023,skkoo@gmail.com
ham,Hello! How r u? Im bored. Inever thought id get bored with the tv but I am. Tell me something exciting has happened there? Anything! =/,31/05/2024,fdtls@gmail.com
ham,Hmm...Bad news...Hype park plaza $700 studio taken...Only left 2 bedrm-$900...,20/08/2022,opogs@gmail.com
ham,"Sorry, I'll call later in meeting",20/12/2022,bqrse@gmail.com
ham,R ü comin back for dinner?,16/06/2022,csprg@gmail.com
ham,"I hav almost reached. Call, i m unable to connect u.",13/06/2024,wujfm@gmail.com
ham,Whom you waited for yesterday,14/02/2024,avukc@gmail.com
ham,I reach home safe n sound liao...,16/03/2022,bsbvb@gmail.com
ham,"Velly good, yes please!",13/08/2023,qtulv@gmail.com
ham,"Hi, wkend ok but journey terrible. Wk not good as have huge back log of marking to do",14/09/2023,txydk@gmail.com
ham,I have had two more letters from . I will copy them for you cos one has a message for you. Speak soon,11/01/2024,nyywy@gmail.com
ham,Alex knows a guy who sells mids but he's down in south tampa and I don't think I could set it up before like 8,19/04/2022,iests@gmail.com
ham,Dont you have message offer,23/02/2022,roype@gmail.com
spam,Had your mobile 11mths ? Update for FREE to Oranges latest colour camera mobiles & unlimited weekend calls. Call Mobile Upd8 on freefone 08000839402 or 2StopTx,26/01/2024,eunde@gmail.com
ham,"HEY THERE BABE, HOW U DOIN? WOT U UP 2 2NITE LOVE ANNIE X.",10/10/2023,nsbnr@gmail.com
ham,Remind me how to get there and I shall do so,08/11/2022,ubaru@gmail.com
ham,:-( that's not v romantic!,15/10/2023,pfyxo@gmail.com
ham,Hello. Damn this christmas thing. I think i have decided to keep this mp3 that doesnt work.,30/06/2023,goxqm@gmail.com
spam,You have 1 new message. Please call 08718738034.,03/06/2023,zkkbm@gmail.com
ham,HI DARLIN IM MISSIN U HOPE YOU ARE HAVING A GOOD TIME. WHEN ARE U BACK AND WHAT TIME IF U CAN GIVE ME A CALL AT HOME. JESS XX,26/08/2024,wrzhf@gmail.com
spam,<Forwarded from 21870000>Hi - this is your Mailbox Messaging SMS alert. You have 4 messages. You have 21 matches. Please call back on 09056242159 to retrieve your messages and matches,17/10/2022,gqeun@gmail.com
ham,Draw va?i dont think so:),15/03/2022,tixnm@gmail.com
ham,Dont pick up d call when something important is There to tell. Hrishi,26/09/2022,bjqlu@gmail.com
spam,"Congrats! 1 year special cinema pass for 2 is yours. call 09061209465 now! C Suprman V, Matrix3, StarWars3, etc all 4 FREE! bx420-ip4-5we. 150pm. Dont miss out!",15/06/2024,uccac@gmail.com
ham,Nothin comes to my mind. Ü help me buy hanger lor. Ur laptop not heavy?,24/05/2022,pdoxi@gmail.com
ham,"&lt;#&gt; , that's all? Guess that's easy enough",19/01/2022,crkzj@gmail.com
ham,We can make a baby in yo tho,04/05/2024,adzto@gmail.com
ham,Should I tell my friend not to come round til like  &lt;#&gt; ish?,28/03/2023,sqess@gmail.com
ham,Friendship poem: Dear O Dear U R Not Near But I Can Hear Dont Get Fear Live With Cheer No More Tear U R Always my Dear. Gud ni8,18/07/2024,pudbj@gmail.com
ham,Still in the area of the restaurant. Ill try to come back soon,01/08/2022,letzb@gmail.com
ham,"Aight that'll work, thanks",07/06/2024,jbuaf@gmail.com
spam,WIN a year supply of CDs 4 a store of ur choice worth £500 & enter our £100 Weekly draw txt MUSIC to 87066 Ts&Cs www.Ldew.com.subs16+1win150ppmx3,06/12/2024,ktzce@gmail.com
spam,Moby Pub Quiz.Win a £100 High Street prize if u know who the new Duchess of Cornwall will be? Txt her first name to 82277.unsub STOP £1.50 008704050406 SP Arrow,31/07/2023,ulnyy@gmail.com
ham,"I have 2 sleeping bags, 1 blanket and paper and  phone details. Anything else?",20/10/2022,sqfph@gmail.com
spam,You have won a Nokia 7250i. This is what you get when you win our FREE auction. To take part send Nokia to 86021 now. HG/Suite342/2Lands Row/W1JHL 16+,23/03/2023,wwmcf@gmail.com
spam,"Congratulations! Thanks to a good friend U have WON the £2,000 Xmas prize. 2 claim is easy, just call 08718726971 NOW! Only 10p per minute. BT-national-rate.",17/05/2024,zczcw@gmail.com
spam,"tddnewsletter@emc1.co.uk (More games from TheDailyDraw) Dear Helen, Dozens of Free Games - with great prizesWith..",17/03/2023,ubmsb@gmail.com
ham,So what do you guys do.,04/09/2024,jczum@gmail.com
ham,Also that chat was awesome but don't make it regular unless you can see her in person,10/07/2023,kstzy@gmail.com
ham,That's significant but dont worry.,06/07/2022,srktn@gmail.com
ham,That's cause your old. I live to be high.,08/06/2022,nzrvu@gmail.com
ham,"Waqt se pehle or naseeb se zyada kisi ko kuch nahi milta,Zindgi wo nahi he jo hum sochte hai Zindgi wo hai jo ham jeetey hai..........",30/06/2023,aleqg@gmail.com
ham,On the way to office da..,10/02/2024,bvljg@gmail.com
ham,In which place do you want da.,15/03/2024,oezwz@gmail.com
ham,This pain couldn't have come at a worse time.,17/12/2024,xqjvx@gmail.com
ham,Ok...,26/11/2022,znqdn@gmail.com
ham,Should I be stalking u?,10/03/2022,pcmhq@gmail.com
ham,Sorry dude. Dont know how i forgot. Even after Dan reminded me. Sorry. Hope you guys had fun.,05/09/2023,hzlyk@gmail.com
ham,Ok lor.,02/03/2024,oteqn@gmail.com
ham,Apps class varaya elaya.,22/11/2023,apbir@gmail.com
ham,The Xmas story is peace.. The Xmas msg is love.. The Xmas miracle is jesus.. Hav a blessed month ahead &amp; wish U Merry Xmas...,17/04/2024,vqcqv@gmail.com
spam,"URGENT! Your mobile number *************** WON a £2000 Bonus Caller prize on 10/06/03! This is the 2nd attempt to reach you! Call 09066368753 ASAP! Box 97N7QP, 150ppm",24/12/2022,rulsb@gmail.com
ham,That day you asked about anand number. Why:-),25/08/2022,mesrq@gmail.com
ham,Am surfing online store. For offers do you want to buy any thing.,01/06/2022,xjfil@gmail.com
ham,Long beach lor. Expected... U having dinner now?,17/07/2023,vtugn@gmail.com
ham,At home by the way,24/10/2022,yezmk@gmail.com
ham,We are both fine. Thanks,19/11/2023,dxxsp@gmail.com
ham,What happen to her tell the truth,05/07/2024,wmjdf@gmail.com
ham,Do you like Italian food?,18/08/2023,nsyke@gmail.com
ham,Which is weird because I know I had it at one point,28/11/2023,hepfg@gmail.com
ham,Aww you must be nearly dead!Well Jez isComing over toDo some workAnd that whillTake forever!,08/08/2023,jrobf@gmail.com
ham,Tell your friends what you plan to do on Valentines day @ &lt;URL&gt;,03/02/2024,bopfn@gmail.com
ham,"Alright, see you in a bit",13/09/2022,dnebe@gmail.com
ham,Cheers for the message Zogtorius. Ive been staring at my phone for an age deciding whether to text or not.,29/08/2022,dvddr@gmail.com
ham,I will take care of financial problem.i will help:),16/07/2022,kpumc@gmail.com
ham,Tell dear what happen to you. Why you talking to me like an alian,15/11/2022,scydw@gmail.com
spam,Double your mins & txts on Orange or 1/2 price linerental - Motorola and SonyEricsson with B/Tooth FREE-Nokia FREE Call MobileUpd8 on 08000839402 or2optout/HV9D,06/12/2022,scnjh@gmail.com
ham,"1) Go to write msg 2) Put on Dictionary mode 3)Cover the screen with hand, 4)Press  &lt;#&gt; . 5)Gently remove Ur hand.. Its interesting..:)",19/10/2022,pbrgh@gmail.com
ham,Okie...,09/06/2024,spasl@gmail.com
ham,"Hi this is yijue, can i meet u at 11 tmr?",19/04/2023,eughj@gmail.com
ham,Its posible dnt live in  &lt;#&gt; century cm frwd n thnk different,15/05/2023,chmbd@gmail.com
ham,But i dint slept in afternoon.,29/01/2022,yhcge@gmail.com
ham,That seems unnecessarily affectionate,12/05/2022,zjezt@gmail.com
ham,Yar else i'll thk of all sorts of funny things.,17/04/2022,efobw@gmail.com
ham,You will be in the place of that man,03/02/2022,grnvt@gmail.com
spam,"Download as many ringtones as u like no restrictions, 1000s 2 choose. U can even send 2 yr buddys. Txt Sir to 80082 £3",05/08/2024,uzfye@gmail.com
ham,Thats cool. How was your day?,29/02/2024,ojxfh@gmail.com
spam,Please CALL 08712402902 immediately as there is an urgent message waiting for you.,13/10/2024,nqwps@gmail.com
ham,R we going with the  &lt;#&gt;  bus?,08/04/2023,vqfyf@gmail.com
ham,"Hello, my love ! How went your day ? Are you alright ? I think of you, my sweet and send a jolt to your heart to remind you ... I LOVE YOU! Can you hear it ? I screamed it across the sea for all the world to hear. Ahmad al Hallaq is loved ! and owned ! *possessive passionate kiss*",20/08/2022,hucjr@gmail.com
ham,No..he joined today itself.,16/05/2022,tzthr@gmail.com
ham,Okay same with me. Well thanks for the clarification,29/08/2022,azzwz@gmail.com
ham,I'll talk to the others and probably just come early tomorrow then,11/02/2023,fflzk@gmail.com
spam,"Spook up your mob with a Halloween collection of a logo & pic message plus a free eerie tone, txt CARD SPOOK to 8007 zed 08701417012150p per logo/pic",22/07/2024,fmwoj@gmail.com
ham,"Had the money issue weigh me down but thanks to you, I can breathe easier now. I.ll make sure you dont regret it. Thanks.",17/07/2022,wbbzv@gmail.com
ham,Hi. I'm sorry i missed your call. Can you pls call back.,11/10/2024,labvq@gmail.com
ham,How are you doing? Hope you've settled in for the new school year. Just wishin you a gr8 day,14/04/2022,vdowc@gmail.com
spam,"Fantasy Football is back on your TV. Go to Sky Gamestar on Sky Active and play £250k Dream Team. Scoring starts on Saturday, so register now!SKY OPT OUT to 88088",27/09/2023,uefvz@gmail.com
ham,Ok then no need to tell me anything i am going to sleep good night,04/09/2024,bjtrq@gmail.com
ham,Ok try to do week end course in coimbatore.,03/07/2023,aaheq@gmail.com
spam,Tone Club: Your subs has now expired 2 re-sub reply MONOC 4 monos or POLYC 4 polys 1 weekly @ 150p per week Txt STOP 2 stop This msg free Stream 0871212025016,13/11/2022,vtacx@gmail.com
ham,V nice! Off 2 sheffield tom 2 air my opinions on categories 2 b used 2 measure ethnicity in next census. Busy transcribing. :-),27/02/2023,reqbo@gmail.com
ham,If you r @ home then come down within 5 min,03/01/2022,ssyea@gmail.com
ham,"A Boy loved a gal. He propsd bt she didnt mind. He gv lv lttrs, Bt her frnds threw thm. Again d boy decided 2 aproach d gal , dt time a truck was speeding towards d gal. Wn it was about 2 hit d girl,d boy ran like hell n saved her. She asked 'hw cn u run so fast?' D boy replied ""Boost is d secret of my energy"" n instantly d girl shouted ""our energy"" n Thy lived happily 2gthr drinking boost evrydy Moral of d story:- I hv free msgs:D;): gud ni8",13/07/2023,ezoru@gmail.com
ham,"That day ü say ü cut ur hair at paragon, is it called hair sense? Do ü noe how much is a hair cut?",25/07/2023,zmfwe@gmail.com
ham,"Hmm, too many of them unfortunately... Pics obviously arent hot cakes. Its kinda fun tho",26/06/2022,igvks@gmail.com
ham,Watching tv lor... Y she so funny we bluff her 4 wat. Izzit because she thk it's impossible between us?,25/07/2024,yrtml@gmail.com
spam,XMAS Prize draws! We are trying to contact U. Todays draw shows that you have won a £2000 prize GUARANTEED. Call 09058094565 from land line. Valid 12hrs only,19/02/2022,bpijt@gmail.com
ham,Dunno lei he neva say...,11/01/2022,jivfw@gmail.com
ham,Thanx 4 2day! U r a goodmate I THINK UR RITE SARY! ASUSUAL!1 U CHEERED ME UP! LOVE U FRANYxxxxx,14/09/2022,egcjp@gmail.com
ham,I'm on my way home. Went to change batt 4 my watch then go shop a bit lor.,13/03/2023,ztmep@gmail.com
spam,YES! The only place in town to meet exciting adult singles is now in the UK. Txt CHAT to 86688 now! 150p/Msg.,11/11/2023,ibfjn@gmail.com
ham,"Hi, Mobile no.  &lt;#&gt;  has added you in their contact list on www.fullonsms.com It s a great place to send free sms to people For more visit fullonsms.com",09/12/2024,jrufm@gmail.com
ham,"Good evening Sir, hope you are having a nice day. I wanted to bring it to your notice that I have been late in paying rent for the past few months and have had to pay a $ &lt;#&gt;  charge. I felt it would be inconsiderate of me to nag about something you give at great cost to yourself and that's why i didnt speak up. I however am in a recession and wont be able to pay the charge this month hence my askin well ahead of month's end. Can you please help. Thank you for everything.",22/08/2022,nxlpc@gmail.com
ham,"If i let you do this, i want you in the house by 8am.",19/07/2023,lejca@gmail.com
ham,"Best line said in Love: . ""I will wait till the day I can forget u Or The day u realize that u cannot forget me.""... Gn",05/10/2022,jfoee@gmail.com
ham,I will reach before ten morning,16/09/2023,qygbs@gmail.com
ham,Your pussy is perfect!,06/10/2024,weuzr@gmail.com
ham,"Sorry, I'll call later",07/12/2022,zhdjc@gmail.com
spam,"Someone has contacted our dating service and entered your phone becausethey fancy you! To find out who it is call from a landline 09058098002. PoBox1, W14RG 150p",02/12/2022,zdfoq@gmail.com
ham,No message..no responce..what happend?,20/05/2023,hyfkb@gmail.com
ham,Also where's the piece,18/01/2023,ablsn@gmail.com
ham,"wiskey Brandy Rum Gin Beer Vodka Scotch Shampain Wine ""KUDI""yarasu dhina vaazhthukkal. ..",14/10/2022,qfncs@gmail.com
ham,Boo. How's things? I'm back at home and a little bored already :-(,13/10/2024,uejxn@gmail.com
ham,First has she gained more than  &lt;#&gt; kg since she took in. Second has she done the blood sugar tests. If she has and its ok and her blood pressure is within normal limits then no worries,01/03/2024,rovzf@gmail.com
ham,PICK UR FONE UP NOW U DUMB?,17/02/2022,lzngs@gmail.com
ham,"Thanks da thangam, i feel very very happy dear. I also miss you da.",05/11/2022,jqdlz@gmail.com
ham,"Okey doke. I'm at home, but not dressed cos laying around ill! Speak to you later bout times and stuff.",06/03/2022,pozel@gmail.com
ham,I don't run away frm u... I walk slowly &amp; it kills me that u don't care enough to stop me...,07/06/2023,ggjjt@gmail.com
ham,"Babe, I'm back ... Come back to me ...",22/08/2023,bcmzx@gmail.com
ham,Well you told others you'd marry them...,09/05/2023,jxcyf@gmail.com
ham,Neshanth..tel me who r u?,31/12/2023,tlafw@gmail.com
ham,YO YO YO BYATCH WHASSUP?,08/04/2023,nnwqr@gmail.com
ham,Oh... Kay... On sat right?,17/09/2024,uacrg@gmail.com
ham,Hi! This is Roger from CL. How are you?,19/10/2024,oormu@gmail.com
spam,Babe: U want me dont u baby! Im nasty and have a thing 4 filthyguys. Fancy a rude time with a sexy bitch. How about we go slo n hard! Txt XXX SLO(4msgs),19/04/2023,urlnd@gmail.com
ham,Oh oh... Wasted... Den muz chiong on sat n sun liao...,01/11/2023,eakox@gmail.com
ham,Jesus christ bitch I'm trying to give you drugs answer your fucking phone,22/06/2024,dvuer@gmail.com
ham,Please give it 2  or i will pick it up on Tuesday evening about 8 if that is ok.,24/06/2023,nzcej@gmail.com
ham,I'm meeting Darren...,17/02/2024,snvjm@gmail.com
ham,"One of best dialogue in cute reltnship..!! ""Wen i Die, Dont Come Near My Body..!! Bcoz My Hands May Not Come 2 Wipe Ur Tears Off That Time..!Gud ni8",27/06/2023,vufna@gmail.com
ham,"Solve d Case : A Man Was Found Murdered On  &lt;DECIMAL&gt; . &lt;#&gt;  AfterNoon. 1,His wife called Police. 2,Police questioned everyone. 3,Wife: Sir,I was sleeping, when the murder took place. 4.Cook: I was cooking. 5.Gardener: I was picking vegetables. 6.House-Maid: I went 2 d post office. 7.Children: We went 2 play. 8.Neighbour: We went 2 a marriage. Police arrested d murderer Immediately. Who's It? Reply With Reason, If U r Brilliant.",22/02/2023,xrbff@gmail.com
ham,Dear where you will be when i reach there,18/05/2024,jrnhp@gmail.com
ham,Aww that's the first time u said u missed me without asking if I missed u first. You DO love me! :),19/06/2022,iqxaj@gmail.com
ham,Ok... Thanx... Gd nite 2 ü too...,04/06/2022,mromc@gmail.com
ham,"Come to me right now, Ahmad",10/11/2024,tmifk@gmail.com
spam,I don't know u and u don't know me. Send CHAT to 86688 now and let's find each other! Only 150p/Msg rcvd. HG/Suite342/2Lands/Row/W1J6HL LDN. 18 years or over.,07/09/2024,pyfmn@gmail.com
ham,Lol please do. Actually send a pic of yourself right now. I wanna see. Pose with a comb and hair dryer or something.,01/05/2022,sknxq@gmail.com
ham,O was not into fps then.,06/10/2023,tbadn@gmail.com
ham,Huh means computational science... Y they like dat one push here n there...,29/03/2024,shxlk@gmail.com
ham,"Could you not read me, my Love ? I answered you",16/02/2024,qnynl@gmail.com
ham,Oh... Lk tt den we take e one tt ends at cine lor... Dun wan yogasana oso can...,24/10/2024,qxlpy@gmail.com
ham,"Madam,regret disturbance.might receive a reference check from DLF Premarica.kindly be informed.Rgds,Rakhesh,Kerala.",23/09/2024,kvhas@gmail.com
spam,SMS SERVICES For your inclusive text credits pls gotto www.comuk.net login 3qxj9 unsubscribe with STOP no extra charge help 08702840625 comuk.220cm2 9AE,28/04/2022,vxfmw@gmail.com
ham,Oic... Then better quickly go bathe n settle down...,14/04/2022,wqhwj@gmail.com
ham,Err... Cud do. I'm going to  at 8pm. I haven't got a way to contact him until then.,09/04/2023,hpfek@gmail.com
ham,A bloo bloo bloo I'll miss the first bowl,06/04/2022,neptr@gmail.com
ham,Lmao but its so fun...,23/03/2024,jxohg@gmail.com
ham,Oh k k:)but he is not a big hitter.anyway good,28/06/2023,iypui@gmail.com
ham,Hey!!! I almost forgot ... Happy B-day babe ! I love ya!!,03/03/2022,uzyus@gmail.com
spam,Valentines Day Special! Win over £1000 in our quiz and take your partner on the trip of a lifetime! Send GO to 83600 now. 150p/msg rcvd. CustCare:08718720201,24/02/2024,madfg@gmail.com
ham,Do you think i can move  &lt;#&gt;  in a week,09/09/2023,qishe@gmail.com
ham,She.s find. I sent you an offline message to know how anjola's now.,30/05/2024,dqusb@gmail.com
spam,Guess who am I?This is the first time I created a web page WWW.ASJESUS.COM read all I wrote. I'm waiting for your opinions. I want to be your friend 1/1,23/07/2024,ztasi@gmail.com
ham,How was txting and driving,16/01/2022,kkbwb@gmail.com
ham,That's good. Lets thank God. Please complete the drug. Have lots of water. And have a beautiful day.,21/09/2024,chpeo@gmail.com
ham,Really dun bluff me leh... U sleep early too. Nite...,11/03/2024,uklic@gmail.com
ham,"Indians r poor but India is not a poor country. Says one of the swiss bank directors. He says that "" &lt;#&gt;  lac crore"" of Indian money is deposited in swiss banks which can be used for 'taxless' budget for  &lt;#&gt;  yrs. Can give  &lt;#&gt;  crore jobs to all Indians. From any village to Delhi 4 lane roads. Forever free power suply to more than  &lt;#&gt;  social projects. Every citizen can get monthly  &lt;#&gt; /- for  &lt;#&gt;  yrs. No need of World Bank &amp; IMF loan. Think how our money is blocked by rich politicians. We have full rights against corrupt politicians. Itna forward karo ki pura INDIA padhe.g.m.""",21/03/2024,sqlyj@gmail.com
ham,Uncle boye. I need movies oh. Guide me. Plus you know torrents are not particularly legal here. And the system is slowing down. What should i do. Have a gr8 day. Plus have you started cos i dont meet you online. How was the honey moon.,18/07/2022,yccgg@gmail.com
ham,Oh ya ya. I remember da. .,17/02/2024,ntkay@gmail.com
ham,Btw regarding that we should really try to see if anyone else can be our 4th guy before we commit to a random dude,29/10/2024,amais@gmail.com
spam,"For ur chance to win £250 cash every wk TXT: PLAY to 83370. T's&C's www.music-trivia.net custcare 08715705022, 1x150p/wk.",24/06/2023,plztn@gmail.com
ham,I not busy juz dun wan 2 go so early.. Hee..,07/07/2023,uywqp@gmail.com
ham,Rightio. 11.48 it is then. Well arent we all up bright and early this morning.,13/05/2023,uxsji@gmail.com
ham,"Great. I'm in church now, will holla when i get out",16/05/2023,rlywp@gmail.com
ham,Back in brum! Thanks for putting us up and keeping us all and happy. See you soon,04/10/2023,sadrr@gmail.com
ham,I donno if they are scorable,12/05/2024,fqzkq@gmail.com
ham,&lt;#&gt;  great loxahatchee xmas tree burning update: you can totally see stars here,13/12/2022,kesyb@gmail.com
ham,"Yes but i dont care! I need you bad, princess!",11/12/2024,ysarv@gmail.com
ham,"The guy (kadeem) hasn't been selling since the break, I know one other guy but he's paranoid as fuck and doesn't like selling without me there and I can't be up there til late tonight",03/01/2023,zowus@gmail.com
ham,"Sorry, I'll call later",08/11/2024,wwcqb@gmail.com
ham,Tmr then ü brin lar... Aiya later i come n c lar... Mayb ü neva set properly ü got da help sheet wif ü...,23/02/2022,aapfi@gmail.com
ham,Do u knw dis no. &lt;#&gt; ?,12/07/2023,gjhja@gmail.com
ham,Then she dun believe wat?,09/05/2024,zgngw@gmail.com
ham,K..give back my thanks.,08/02/2023,pndxf@gmail.com
ham,I know complain num only..bettr directly go to bsnl offc nd apply for it..,26/10/2024,pcbdr@gmail.com
ham,Okay. I've seen it. So i should pick it on friday?,07/09/2022,bndju@gmail.com
ham,How much she payed. Suganya.,13/05/2024,surtb@gmail.com
ham,Left dessert. U wan me 2 go suntec look 4 u?,31/05/2023,bbjcl@gmail.com
ham,"Abeg, make profit. But its a start. Are you using it to get sponsors for the next event?",28/01/2024,zovpd@gmail.com
ham,Onum ela pa. Normal than.,26/12/2024,kmenh@gmail.com
ham,K.k..how is your sister kids?,16/02/2023,mgzun@gmail.com
ham,"Cool, I'll text you when I'm on the way",30/09/2022,bmzzv@gmail.com
ham,Nope. Meanwhile she talk say make i greet you.,08/12/2023,mhqpq@gmail.com
ham,i cant talk to you now.i will call when i can.dont keep calling.,23/08/2024,mjkjb@gmail.com
ham,Anything lar...,07/03/2024,yluzj@gmail.com
ham,"Rose needs water, season needs change, poet needs imagination..My phone needs ur sms and i need ur lovely frndship forever....",26/08/2023,qfqmv@gmail.com
ham,"Good afternoon, babe. How goes that day ? Any job prospects yet ? I miss you, my love ... *sighs* ... :-(",28/01/2024,mlaam@gmail.com
ham,They will pick up and drop in car.so no problem..,05/08/2023,xgvhv@gmail.com
ham,S.i think he is waste for rr..,21/07/2024,wgaym@gmail.com
ham,He is world famamus....,28/09/2024,lvkes@gmail.com
ham,Is there coming friday is leave for pongal?do you get any news from your work place.,10/07/2024,rtmxq@gmail.com
ham,Lol well don't do it without me. We could have a big sale together.,13/08/2023,qnoku@gmail.com
ham,* Am on my way,24/10/2024,uzbtu@gmail.com
ham,Eat at old airport road... But now 630 oredi... Got a lot of pple...,26/10/2022,oijza@gmail.com
ham,"sry can't talk on phone, with parents",25/06/2023,tllvi@gmail.com
spam,"Final Chance! Claim ur £150 worth of discount vouchers today! Text YES to 85023 now! SavaMob, member offers mobile! T Cs SavaMob POBOX84, M263UZ. £3.00 Subs 16",28/03/2023,kxofg@gmail.com
ham,Ok lor wat time ü finish?,20/10/2022,ghtvd@gmail.com
ham,"Princess, i like to make love  &lt;#&gt;  times per night. Hope thats not a problem!",26/08/2024,hoviw@gmail.com
ham,Mm i am on the way to railway,23/03/2022,oxgqr@gmail.com
ham,i dnt wnt to tlk wid u,07/04/2024,xouxa@gmail.com
ham,"I'm done. I'm sorry. I hope your next space gives you everything you want. Remember all the furniture is yours. If i'm not around when you move it, just lock all the locks and leave the key with jenne.",01/12/2022,yxnpz@gmail.com
ham,Not yet. Just i'd like to keep in touch and it will be the easiest way to do that from barcelona. By the way how ru and how is the house?,17/01/2024,yjqtw@gmail.com
spam,"Sppok up ur mob with a Halloween collection of nokia logo&pic message plus a FREE eerie tone, txt CARD SPOOK to 8007",04/03/2023,yepka@gmail.com
spam,"Urgent! call 09066612661 from landline. Your complementary 4* Tenerife Holiday or £10,000 cash await collection SAE T&Cs PO Box 3 WA14 2PX 150ppm 18+ Sender: Hol Offer",19/12/2024,tzvsh@gmail.com
ham,K.:)do it at evening da:)urgent:),21/05/2022,jugwo@gmail.com
ham,Pansy! You've been living in a jungle for two years! Its my driving you should be more worried about!,29/04/2023,ftkdf@gmail.com
ham,Mm have some kanji dont eat anything heavy ok,27/04/2023,uvdrv@gmail.com
ham,Only if you promise your getting out as SOON as you can. And you'll text me in the morning to let me know you made it in ok.,10/03/2023,ziwms@gmail.com
ham,Lol that's different. I don't go trying to find every real life photo you ever took.,10/09/2024,zmkfn@gmail.com
ham,I dont thnk its a wrong calling between us,06/10/2022,rvgqv@gmail.com
ham,K ill drink.pa then what doing. I need srs model pls send it to my mail id pa.,05/07/2024,ylrnc@gmail.com
ham,Aiyah e rain like quite big leh. If drizzling i can at least run home.,11/09/2024,jfcwk@gmail.com
ham,I have 2 docs appointments next week.:/ I'm tired of them shoving stuff up me. Ugh why couldn't I have had a normal body?,13/08/2023,puzyw@gmail.com
ham,Dun b sad.. It's over.. Dun thk abt it already. Concentrate on ur other papers k.,20/01/2022,xkasx@gmail.com
ham,"Greetings me, ! Consider yourself excused.",15/01/2024,xhwpp@gmail.com
ham,No drama Pls.i have had enough from you and family while i am struggling in the hot sun in a strange place.No reason why there should be an ego of not going 'IF NOT INVITED' when actually its necessity to go.wait for very serious reppurcussions.,25/11/2023,txmeh@gmail.com
ham,they released another Italian one today and it has a cosign option,03/07/2022,qqzhj@gmail.com
ham,"You at mu? You should try to figure out how much money everyone has for gas and alcohol, jay and I are trying to figure out our weed budget",02/03/2023,fjdgp@gmail.com
spam,WINNER! As a valued network customer you hvae been selected to receive a £900 reward! To collect call 09061701444. Valid 24 hours only. ACL03530150PM,05/11/2022,okjze@gmail.com
ham,HCL chennai requires FRESHERS for voice process.Excellent english needed.Salary upto  &lt;#&gt; .Call Ms.Suman  &lt;#&gt;  for Telephonic interview -via Indyarocks.com,23/03/2023,ckegg@gmail.com
ham,Dai what this da.. Can i send my resume to this id.,09/07/2023,rxler@gmail.com
ham,"I know where the  &lt;#&gt;  is, I'll be there around 5",24/09/2024,btpju@gmail.com
ham,Yup i've finished c ü there...,22/04/2023,ifrln@gmail.com
ham,Remember to ask alex about his pizza,11/04/2024,vxipf@gmail.com
ham,No da..today also i forgot..,26/01/2022,thcza@gmail.com
ham,"Ola would get back to you maybe not today but I ve told him you can be his direct link in the US in getting cars he bids for online, you arrange shipping and you get a cut. Or U????? For a partnership where U????? Invest money for shipping and he takes care of the rest!U??Wud b self reliant soon dnt worry",25/12/2024,ftxob@gmail.com
ham,Fwiw the reason I'm only around when it's time to smoke is that because of gas I can only afford to be around when someone tells me to be and that apparently only happens when somebody wants to light up,14/09/2023,oqauy@gmail.com
ham,"Hello, my boytoy! I made it home and my constant thought is of you, my love. I hope your having a nice visit but I can't wait till you come home to me ...*kiss*",11/12/2024,oybrp@gmail.com
ham,Congrats kano..whr s the treat maga?,14/04/2023,ewydy@gmail.com
ham,Who u talking about?,05/02/2022,oeezm@gmail.com
ham,Yup...,28/05/2023,guyyn@gmail.com
ham,Ok...,08/10/2024,lonrj@gmail.com
ham,"U wake up already? Wat u doing? U picking us up later rite? I'm taking sq825, reaching ard 7 smth 8 like dat. U can check e arrival time. C ya soon...",17/04/2023,zncnc@gmail.com
ham,Yunny i'm walking in citylink now ü faster come down... Me very hungry...,18/10/2023,lcbki@gmail.com
ham,Er yep sure. Props?,06/01/2024,zuqcr@gmail.com
ham,"Hiya , have u been paying money into my account? If so, thanks. Got a pleasant surprise when i checked my balance -u c, i don't get statements 4 that acc",24/01/2023,tecvt@gmail.com
spam,U have won a nokia 6230 plus a free digital camera. This is what u get when u win our FREE auction. To take part send NOKIA to 83383 now. POBOX114/14TCR/W1 16,26/11/2024,lnpby@gmail.com
ham,Ok ill send you with in  &lt;DECIMAL&gt;  ok.,08/01/2023,qeewz@gmail.com
ham,Bognor it is! Should be splendid at this time of year.,28/10/2022,yirhq@gmail.com
ham,Yes.i'm in office da:),11/08/2023,zpmxy@gmail.com
ham,"Sorry, I'll call later",01/11/2023,sgnli@gmail.com
ham,Joy's father is John. Then John is the NAME of Joy's father. Mandan,01/03/2024,njaov@gmail.com
ham,Ok. I only ask abt e movie. U wan ktv oso?,05/01/2024,jwhvr@gmail.com
ham,Misplaced your number and was sending texts to your old number. Wondering why i've not heard from you this year. All the best in your mcat. Got this number from my atlanta friends,12/03/2022,jlivi@gmail.com
ham,"Sorry, I'll call later",06/11/2023,isdcs@gmail.com
ham,Dunno lei... I might b eatin wif my frens... If ü wan to eat then i wait 4 ü lar,18/09/2022,pvquj@gmail.com
ham,"Sorry, I'll call later",28/09/2022,cohcz@gmail.com
spam,FREE entry into our £250 weekly comp just send the word WIN to 80086 NOW. 18 T&C www.txttowin.co.uk,20/01/2024,evmrk@gmail.com
ham,"Say this slowly.? GOD,I LOVE YOU &amp; I NEED YOU,CLEAN MY HEART WITH YOUR BLOOD.Send this to Ten special people &amp; u c miracle tomorrow, do it,pls,pls do it...",20/08/2023,opagu@gmail.com
ham,Do u noe how 2 send files between 2 computers?,02/01/2022,inwfz@gmail.com
ham,"Mmmmm ... I loved waking to your words this morning ! I miss you too, my Love. I hope your day goes well and you are happy. I wait for us to be together again",24/03/2023,nhwui@gmail.com
ham,jay says he'll put in  &lt;#&gt;,04/04/2023,tbucr@gmail.com
ham,Can you just come in for a sec? There's somebody here I want you to see,25/05/2022,cwbdh@gmail.com
ham,So the sun is anti sleep medicine.,02/07/2024,ailqq@gmail.com
ham,What's happening with you. Have you gotten a job and have you begun registration for permanent residency,20/01/2022,tywiy@gmail.com
ham,Yup ok...,13/01/2023,rumuh@gmail.com
ham,Glad it went well :) come over at 11 then we'll have plenty of time before claire goes to work.,18/04/2022,eknyw@gmail.com
ham,Ok enjoy . R u there in home.,08/07/2024,faqex@gmail.com
ham,"Can you pls pls send me a mail on all you know about relatives coming to deliver here? All you know about costs, risks, benefits and anything else. Thanks.",12/10/2022,xzddl@gmail.com
ham,You do what all you like,07/11/2023,nknuw@gmail.com
ham,That's y we haf to combine n c how lor...,12/01/2022,kmxuh@gmail.com
ham,The monthly amount is not that terrible and you will not pay anything till 6months after finishing school.,15/09/2024,zrphx@gmail.com
ham,Hmmm:)how many players selected?,09/01/2023,zfvyy@gmail.com
ham,"They said if its gonna snow, it will start around 8 or 9 pm tonite! They are predicting an inch of accumulation.",05/09/2023,fzqxq@gmail.com
ham,I dont. Can you send it to me. Plus how's mode.,30/04/2023,lxclo@gmail.com
ham,Aiyo please ü got time meh.,16/03/2023,eefws@gmail.com
ham,Package all your programs well,04/12/2023,tcyel@gmail.com
ham,"She is our sister.. She belongs 2 our family.. She is d hope of tomorrow.. Pray 4 her,who was fated 4 d Shoranur train incident. Lets hold our hands together &amp; fuelled by love &amp; concern prior 2 her grief &amp; pain. Pls join in dis chain &amp; pass it. STOP VIOLENCE AGAINST WOMEN.",01/08/2022,zcvhm@gmail.com
ham,So are you guys asking that i get that slippers again or its gone with last year,11/12/2022,qemxk@gmail.com
ham,Company is very good.environment is terrific and food is really nice:),20/07/2023,ertfl@gmail.com
spam,"Text82228>> Get more ringtones, logos and games from www.txt82228.com. Questions: info@txt82228.co.uk",20/06/2022,gwnjr@gmail.com
ham,Honestly i've just made a lovely cup of tea and promptly dropped my keys in it and then burnt my fingers getting them out!,01/07/2023,yafgd@gmail.com
ham,Yup but not studying surfing lor. I'm in e lazy mode today.,17/04/2022,qztop@gmail.com
ham,Please sen :)my kind advice :-)please come here and try:-),11/10/2024,ktesr@gmail.com
ham,I'm done. C ü there.,10/05/2022,kevey@gmail.com
ham,"Oh fine, I'll be by tonight",20/07/2023,zgvlv@gmail.com
ham,Ü give me some time to walk there.,11/04/2024,pbkbo@gmail.com
ham,I'll reach in ard 20 mins ok...,20/08/2024,rikzq@gmail.com
spam,"FreeMSG You have been awarded a FREE mini DIGITAL CAMERA, just reply SNAP to collect your prize! (quizclub Opt out? Stop 80122300p/wk SP:RWM Ph:08704050406)",23/01/2023,ncxso@gmail.com
ham,Fuck babe ... What happened to you ? How come you never came back?,02/04/2022,dvtmr@gmail.com
spam,This message is brought to you by GMW Ltd. and is not connected to the,12/03/2024,lroie@gmail.com
ham,"Some friends want me to drive em someplace, probably take a while",15/11/2022,iljdq@gmail.com
ham,I also thk too fast... Xy suggest one not me. U dun wan it's ok. Going 2 rain leh where got gd.,08/09/2023,pkhld@gmail.com
ham,Are you still getting the goods.,13/12/2024,dafli@gmail.com
ham,And maybe some pressies,17/07/2023,jutgv@gmail.com
ham,"Yeah I am, so I'll leave maybe 7ish?",04/10/2022,fyyyb@gmail.com
ham,K..k..i'm also fine:)when will you complete the course?,15/02/2022,ojtjd@gmail.com
ham,"Under the sea, there lays a rock. In the rock, there is an envelope. In the envelope, there is a paper. On the paper, there are 3 words... '",18/11/2022,xzpxd@gmail.com
ham,I told her I had a Dr appt next week. She thinks I'm gonna die. I told her its just a check. Nothing to be worried about. But she didn't listen.,15/10/2022,wyypn@gmail.com
ham,You in your room? I need a few,07/04/2023,lkxmr@gmail.com
ham,I dont want to hear anything,21/06/2024,jllqe@gmail.com
ham,Hey. For me there is no leave on friday. Wait i will ask my superior and tell you..,27/10/2023,yalis@gmail.com
ham,Ultimately tor motive tui achieve korli.,14/11/2023,umxcy@gmail.com
ham,From 5 to 2 only my work timing.,04/01/2024,lttma@gmail.com
ham,… and don‘t worry we‘ll have finished by march … ish!,04/07/2022,rcnub@gmail.com
ham,"The house is on the water with a dock, a boat rolled up with a newscaster who dabbles in jazz flute behind the wheel",27/09/2024,bpyfz@gmail.com
spam,"Congrats 2 mobile 3G Videophones R yours. call 09063458130 now! videochat wid ur mates, play java games, Dload polypH music, noline rentl. bx420. ip4. 5we. 150p",15/07/2023,phhjn@gmail.com
spam,Your next amazing xxx PICSFREE1 video will be sent to you enjoy! If one vid is not enough for 2day text back the keyword PICSFREE1 to get the next video.,14/08/2024,uesox@gmail.com
ham,Now thats going to ruin your thesis!,04/01/2023,wwcbn@gmail.com
ham,In sch but neva mind u eat 1st lor..,06/01/2024,kozqa@gmail.com
ham,Hey whats up? U sleeping all morning?,08/12/2023,sgdno@gmail.com
ham,Erm. I thought the contract ran out the4th of october.,21/05/2023,lvvuj@gmail.com
ham,I dunno until when... Lets go learn pilates...,04/12/2023,wkgnr@gmail.com
spam,U are subscribed to the best Mobile Content Service in the UK for £3 per ten days until you send STOP to 83435. Helpline 08706091795.,10/10/2023,sziwr@gmail.com
ham,Yup i'm elaborating on the safety aspects and some other issues..,18/10/2024,iadzx@gmail.com
spam,"3 FREE TAROT TEXTS! Find out about your love life now! TRY 3 FOR FREE! Text CHANCE to 85555 16 only! After 3 Free, Msgs £1.50 each",27/02/2022,qlanh@gmail.com
ham,"Goodmorning, today i am late for 1hr.",26/05/2022,pzyao@gmail.com
ham,Hi happy birthday. Hi hi hi hi hi hi hi,11/02/2022,hyohz@gmail.com
ham,I will be outside office take all from there,29/04/2022,msdtn@gmail.com
ham,If you don't respond imma assume you're still asleep and imma start calling n shit,11/04/2023,jaooo@gmail.com
ham,"Aight, see you in a bit",20/02/2023,weavv@gmail.com
ham,My superior telling that friday is leave for all other department except ours:)so it will be leave for you:)any way call waheed fathima hr and conform it:),13/01/2022,vjtwp@gmail.com
spam,Join the UK's horniest Dogging service and u can have sex 2nite!. Just sign up and follow the instructions. Txt ENTRY to 69888 now! Nyt.EC2A.3LP.msg@150p,02/05/2024,ybtve@gmail.com
ham,Lol I have to take it. member how I said my aunt flow didn't visit for 6 months? It's cause I developed ovarian cysts. Bc is the only way to shrink them.,22/02/2024,coujb@gmail.com
ham,Still work going on:)it is very small house.,02/10/2022,rwyzp@gmail.com
ham,"My friend just got here and says he's upping his order by a few grams (he's got $ &lt;#&gt; ), when can you get here?",09/06/2022,reopo@gmail.com
ham,Tmr timin still da same wat cos i got lesson until 6...,24/11/2022,tdsse@gmail.com
ham,"That‘s the thing with apes, u can fight to the death to keep something, but the minute they have it when u let go, thats it!",11/03/2024,kxioi@gmail.com
spam,Sunshine Quiz Wkly Q! Win a top Sony DVD player if u know which country Liverpool played in mid week? Txt ansr to 82277. £1.50 SP:Tyrone,21/03/2023,bylel@gmail.com
ham,No i'm not gonna be able to. || too late notice. || i'll be home in a few weeks anyway. || what are the plans,05/03/2022,somju@gmail.com
ham,"Got fujitsu, ibm, hp, toshiba... Got a lot of model how to say...",05/05/2022,bsfmg@gmail.com
ham,Okie... Thanx...,17/08/2024,ukdms@gmail.com
ham,"Gosh that , what a pain. Spose I better come then.",08/12/2022,yysjy@gmail.com
ham,"As usual..iam fine, happy &amp; doing well..:)",18/05/2024,zdkzy@gmail.com
ham,Okie,02/06/2024,gtfjw@gmail.com
ham,So when you gonna get rimac access,06/12/2022,lkvmb@gmail.com
ham,Im at arestaurant eating squid! i will be out about 10:30 wanna dosomething or is that to late?,02/05/2024,mvzeo@gmail.com
ham,You call times job today ok umma and ask them to speed up,07/10/2024,apalv@gmail.com
ham,HELLO U.CALL WEN U FINISH WRK.I FANCY MEETIN UP WIV U ALL TONITE AS I NEED A BREAK FROM DABOOKS. DID 4 HRS LAST NITE+2 TODAY OF WRK!,18/08/2024,dwedt@gmail.com
ham,R U &SAM P IN EACHOTHER. IF WE MEET WE CAN GO 2 MY HOUSE,06/10/2024,jwnjb@gmail.com
ham,:-) yeah! Lol. Luckily i didn't have a starring role like you!,16/07/2022,zadbk@gmail.com
ham,Hello madam how are you ?,25/05/2024,elcel@gmail.com
ham,"Awesome, text me when you're restocked",23/08/2024,ybnwm@gmail.com
ham,"As usual..iam fine, happy &amp; doing well..:)",06/12/2023,hiiwp@gmail.com
spam,Knock Knock Txt whose there to 80082 to enter r weekly draw 4 a £250 gift voucher 4 a store of yr choice. T&Cs www.tkls.com age16 to stoptxtstop£1.50/week,17/07/2024,vgtew@gmail.com
ham,Yes. It's all innocent fun. O:-),18/12/2022,nuodj@gmail.com
ham,Thanks for sending this mental ability question..,20/02/2024,zuxry@gmail.com
ham,"Sir, hope your day is going smoothly. i really hoped i wont have to bother you about this. I have some bills that i can't settle this month. I am out of all extra cash. I know this is a challenging time for you also but i have to let you know.",14/11/2024,ofdhk@gmail.com
ham,2marrow only. Wed at  &lt;#&gt;  to 2 aha.,28/07/2022,edzcc@gmail.com
ham,I went to ur hon lab but no one is there.,20/06/2024,yznlp@gmail.com
ham,I cant pick the phone right now. Pls send a message,11/01/2024,hqdwo@gmail.com
ham,Hey pple...$700 or $900 for 5 nights...Excellent location wif breakfast hamper!!!,17/07/2024,jxgvh@gmail.com
spam,<Forwarded from 21870000>Hi - this is your Mailbox Messaging SMS alert. You have 40 matches. Please call back on 09056242159 to retrieve your messages and matches cc100p/min,27/08/2024,yrfkc@gmail.com
ham,How come?,16/08/2022,xrfbj@gmail.com
ham,Lol! Nah wasn't too bad thanks. Its good to b home but its been quite a reality check. Hows ur day been? Did u do anything with website?,10/12/2023,rqcka@gmail.com
ham,Ok lor...,13/03/2022,goxrr@gmail.com
ham,I'm coming home 4 dinner.,14/01/2024,psnel@gmail.com
ham,S da..al r above  &lt;#&gt;,09/09/2023,cflbm@gmail.com
spam,"FREE RING TONE just text ""POLYS"" to 87131. Then every week get a new tone. 0870737910216yrs only £1.50/wk.",18/06/2023,wylfm@gmail.com
ham,Unni thank you dear for the recharge..Rakhesh,23/05/2023,hulpc@gmail.com
ham,I know I'm lacking on most of this particular dramastorm's details but for the most part I'm not worried about that,11/03/2022,luetz@gmail.com
ham,Haha... They cant what... At the most tmr forfeit... haha so how?,04/03/2022,ighbi@gmail.com
ham,"Hey there! Glad u r better now. I hear u treated urself to a digi cam, is it good? We r off at 9pm. Have a fab new year, c u in coupla wks!",26/11/2022,lbatg@gmail.com
ham,No way I'm going back there!,23/12/2024,vbvrr@gmail.com
spam,"URGENT! Your mobile No 077xxx WON a £2,000 Bonus Caller Prize on 02/06/03! This is the 2nd attempt to reach YOU! Call 09066362206 ASAP! BOX97N7QP, 150ppm",06/03/2022,dtods@gmail.com
ham,I WILL CAL YOU SIR. In meeting,26/06/2023,lcmuj@gmail.com
ham,"That's what I love to hear :V see you sundayish, then",16/12/2022,hvfml@gmail.com
ham,"Sorry da thangam, very very sorry i am held up with prasad.",12/07/2023,adewh@gmail.com
ham,Tiwary to rcb.battle between bang and kochi.,15/01/2022,irqpb@gmail.com
ham,Thank god they are in bed!,21/03/2024,wsqcn@gmail.com
ham,No I don't have cancer. Moms making a big deal out of a regular checkup aka pap smear,15/01/2024,adfja@gmail.com
ham,Am in gobi arts college,23/05/2024,xnojk@gmail.com
ham,Why she wants to talk to me,12/09/2022,dowdm@gmail.com
ham,Pandy joined 4w technologies today.he got job..,23/01/2023,zzfdj@gmail.com
spam,"You are guaranteed the latest Nokia Phone, a 40GB iPod MP3 player or a £500 prize! Txt word: COLLECT to No: 83355! IBHltd LdnW15H 150p/Mtmsgrcvd18",12/03/2022,drqye@gmail.com
ham,"They can try! They can get lost, in fact. Tee hee",21/04/2022,pouhr@gmail.com
ham,Hi! You just spoke to MANEESHA V. We'd like to know if you were satisfied with the experience. Reply Toll Free with Yes or No.,04/01/2024,hlvnh@gmail.com
ham,My friends use to call the same.,05/05/2024,fxdqg@gmail.com
ham,"Sorry, I'll call later",28/01/2023,pavhu@gmail.com
ham,"Em, its olowoyey@ usc.edu have a great time in argentina. Not sad about secretary, everything is a blessing",16/05/2023,fzxru@gmail.com
ham,"It,,s a taxt massage....tie-pos argh ok! Lool!",27/08/2023,gmevb@gmail.com
ham,"Hi, can i please get a  &lt;#&gt;  dollar loan from you. I.ll pay you back by mid february. Pls.",27/05/2022,zvpto@gmail.com
ham,"You might want to pull out more just in case and just plan on not spending it if you can, I don't have much confidence in derek and taylor's money management",06/08/2022,wibql@gmail.com
ham,Do you like shaking your booty on the dance floor?,01/09/2024,lxkdy@gmail.com
ham,"Text me when you get off, don't call, my phones having problems",13/12/2022,ccdgj@gmail.com
ham,No need for the drug anymore.,06/02/2023,ijeew@gmail.com
ham,Sorry da:)i was thought of calling you lot of times:)lil busy.i will call you at noon..,03/10/2023,vqtmw@gmail.com
ham,Its sarcasm.. .nt scarcasim,03/12/2024,dddhe@gmail.com
ham,Great! I have to run now so ttyl!,18/04/2022,oneyx@gmail.com
ham,Feel like trying kadeem again? :V,12/08/2022,hwrru@gmail.com
ham,Dai  &lt;#&gt;  naal eruku.,26/09/2022,bhpyc@gmail.com
ham,Not yet chikku..wat abt u?,13/05/2023,bbiwh@gmail.com
ham,Ok...,28/11/2022,evrlf@gmail.com
ham,Want to finally have lunch today?,19/02/2023,vegtg@gmail.com
ham,Do you know when dad will be back?,15/02/2022,khojt@gmail.com
spam,"Hello darling how are you today? I would love to have a chat, why dont you tell me what you look like and what you are in to sexy?",06/01/2023,wurem@gmail.com
spam,8007 FREE for 1st week! No1 Nokia tone 4 ur mob every week just txt NOKIA to 8007 Get txting and tell ur mates www.getzed.co.uk POBox 36504 W4 5WQ norm 150p/tone 16+,02/08/2024,gwuqg@gmail.com
ham,He remains a bro amongst bros,22/11/2024,pgdvm@gmail.com
ham,R u meeting da ge at nite tmr?,22/02/2022,zsnsb@gmail.com
ham,"* Was a nice day and, impressively, i was sensible, went home early and now feel fine. Or am i just boring?! When's yours, i can't remember.",17/12/2023,zefsk@gmail.com
ham,Why de. You looking good only:-)..,25/10/2023,tmqdi@gmail.com
spam,Wanna get laid 2nite? Want real Dogging locations sent direct to ur mobile? Join the UK's largest Dogging Network. Txt PARK to 69696 now! Nyt. ec2a. 3lp £1.50/msg,08/08/2022,thcel@gmail.com
spam,we tried to contact you re your response to our offer of a new nokia fone and camcorder hit reply or call 08000930705 for delivery,18/01/2024,fbbej@gmail.com
ham,Yes. They replied my mail. I'm going to the management office later. Plus will in to bank later also.or on wednesday.,15/03/2022,aaqed@gmail.com
ham,"That's cool, I'll come by like  &lt;#&gt; ish",13/12/2022,mxdtv@gmail.com
ham,Super msg da:)nalla timing.,27/01/2024,kpumm@gmail.com
ham,"Good afternoon, my boytoy ... How are you feeling today ? Better I hope? Are you being my good boy? Are you my obedient, slave? Do you please your Queen?",10/08/2023,etubq@gmail.com
ham,I am 6 ft. We will be a good combination!,15/01/2024,xegnb@gmail.com
ham,I'm sick !! I'm needy !! I want you !! *pouts* *stomps feet* Where are you ?! *pouts* *stomps feet* I want my slave !! I want him now !!,27/05/2023,lqdiz@gmail.com
ham,* Am on a train back from northampton so i'm afraid not!,09/10/2022,ykdsy@gmail.com
ham,Where in abj are you serving. Are you staying with dad or alone.,14/06/2023,ymnbt@gmail.com
ham,Was playng 9 doors game and gt racing on phone lol,25/12/2023,fvkzm@gmail.com
spam,"New Tones This week include: 1)McFly-All Ab.., 2) Sara Jorge-Shock.. 3) Will Smith-Switch.. To order follow instructions on next message",14/07/2023,zjayx@gmail.com
ham,"Solve d Case : A Man Was Found Murdered On  &lt;DECIMAL&gt; . &lt;#&gt;  AfterNoon. 1,His wife called Police. 2,Police questioned everyone. 3,Wife: Sir,I was sleeping, when the murder took place. 4.Cook: I was cooking. 5.Gardener: I was picking vegetables. 6.House-Maid: I went 2 d post office. 7.Children: We went 2 play. 8.Neighbour: We went 2 a marriage. Police arrested d murderer Immediately. Who's It? Reply With Reason, If U r Brilliant.",24/12/2023,mizub@gmail.com
ham,I'm on da bus going home...,02/04/2022,hvloo@gmail.com
ham,I got a call from a landline number. . . I am asked to come to anna nagar . . . I will go in the afternoon,19/07/2023,nxozw@gmail.com
ham,I'm okay. Chasing the dream. What's good. What are you doing next.,28/01/2022,gjdte@gmail.com
ham,Yupz... I've oredi booked slots 4 my weekends liao...,16/01/2023,dujlx@gmail.com
spam,URGENT! We are trying to contact U. Todays draw shows that you have won a £800 prize GUARANTEED. Call 09050003091 from land line. Claim C52. Valid 12hrs only,27/04/2024,omuma@gmail.com
ham,There r many model..sony ericson also der.. &lt;#&gt; ..it luks good bt i forgot modl no,26/09/2024,zhuhe@gmail.com
ham,Okie,23/11/2024,szpas@gmail.com
ham,Yes I know the cheesy songs from frosty the snowman :),10/02/2023,uugbp@gmail.com
ham,"Ya ok, vikky vl c witin  &lt;#&gt; mins and il reply u..",27/12/2023,qofyc@gmail.com
spam,sports fans - get the latest sports news str* 2 ur mobile 1 wk FREE PLUS a FREE TONE Txt SPORT ON to 8007 www.getzed.co.uk 0870141701216+ norm 4txt/120p,21/04/2024,zieff@gmail.com
ham,Hey tmr meet at bugis 930 ?,18/03/2022,qvaaw@gmail.com
spam,"Urgent Urgent! We have 800 FREE flights to Europe to give away, call B4 10th Sept & take a friend 4 FREE. Call now to claim on 09050000555. BA128NNFWFLY150ppm",13/12/2023,rdghe@gmail.com
ham,All these nice new shirts and the only thing I can wear them to is nudist themed ;_; you in mu?,24/12/2023,dhxuh@gmail.com
ham,Hey sexy buns! What of that day? No word from you this morning on YM ... :-( ... I think of you,13/04/2022,uigkc@gmail.com
ham,And whenever you and i see we can still hook up too.,03/04/2023,lrrnl@gmail.com
ham,Nope but i'm going home now then go pump petrol lor... Like going 2 rain soon...,03/05/2023,krfta@gmail.com
ham,Can you use foreign stamps for whatever you send them off for?,22/08/2023,fcdqh@gmail.com
spam,FROM 88066 LOST £12 HELP,21/06/2022,nmuof@gmail.com
ham,Oh baby of the house. How come you dont have any new pictures on facebook,26/10/2022,ppmwj@gmail.com
ham,"Feb  &lt;#&gt;  is ""I LOVE U"" day. Send dis to all ur ""VALUED FRNDS"" evn me. If 3 comes back u'll gt married d person u luv! If u ignore dis u will lose ur luv 4 Evr",29/11/2023,gwwvi@gmail.com
ham,"Hiya, sorry didn't hav signal. I haven't seen or heard from and neither has, which is unusual in itself! I'll put on the case and get him to sort it out! Hugs and snogs.",30/03/2023,rbicz@gmail.com
ham,"Omw back to tampa from west palm, you hear what happened?",25/11/2022,wofqv@gmail.com
ham,Yup no more already... Thanx 4 printing n handing it up.,15/09/2023,yegdz@gmail.com
spam,FreeMsg: Fancy a flirt? Reply DATE now & join the UKs fastest growing mobile dating service. Msgs rcvd just 25p to optout txt stop to 83021. Reply DATE now!,12/11/2022,vwyet@gmail.com
ham,What i mean is do they come chase you out when its over or is it stated you can watch as many movies as you want.,28/07/2023,hyhgc@gmail.com
ham,S now only i took tablets . Reaction morning only.,10/09/2023,gsgap@gmail.com
spam,Great NEW Offer - DOUBLE Mins & DOUBLE Txt on best Orange tariffs AND get latest camera phones 4 FREE! Call MobileUpd8 free on 08000839402 NOW! or 2stoptxt T&Cs,30/04/2022,xdeve@gmail.com
ham,"Nah, I'm a perpetual DD",10/12/2023,dtfjs@gmail.com
ham,Sorry de i went to shop.,24/12/2023,imuit@gmail.com
spam,Hope you enjoyed your new content. text stop to 61610 to unsubscribe. help:08712400602450p Provided by tones2you.co.uk,13/12/2022,lqqhc@gmail.com
ham,"Wen ur lovable bcums angry wid u, dnt take it seriously.. Coz being angry is d most childish n true way of showing deep affection, care n luv!.. kettoda manda... Have nice day da.",23/04/2023,bfozs@gmail.com
ham,Hey you still want to go for yogasana? Coz if we end at cine then can go bathe and hav the steam bath,12/12/2023,hqmyn@gmail.com
ham,Nope i'm not drivin... I neva develop da photos lei...,12/06/2022,dvcof@gmail.com
ham,I am thinking of going down to reg for pract lessons.. Flung my advance.. Haha wat time u going?,04/03/2022,qtyon@gmail.com
ham,Cool. I am  &lt;#&gt;  inches long. hope you like them big!,28/10/2022,pjnbu@gmail.com
ham,"House-Maid is the murderer, coz the man was murdered on  &lt;#&gt; th January.. As public holiday all govt.instituitions are closed,including post office..understand?",04/02/2022,fxzpg@gmail.com
ham,Okie.. Thanx..,23/03/2024,zhgol@gmail.com
spam,18 days to Euro2004 kickoff! U will be kept informed of all the latest news and results daily. Unsubscribe send GET EURO STOP to 83222.,25/09/2022,nciou@gmail.com
ham,Go where n buy? Juz buy when we get there lar.,18/08/2022,qbowl@gmail.com
ham,Ok lor...,01/07/2022,cauzc@gmail.com
ham,I'm working technical support :)voice process.,09/03/2023,zcffk@gmail.com
ham,It's justbeen overa week since we broke up and already our brains are going to mush!,15/08/2022,suwam@gmail.com
ham,"Tunde, how are you doing. This is just wishing you a great day. Abiola.",20/03/2023,rtays@gmail.com
ham,Nope... C ü then...,18/06/2024,ogeiy@gmail.com
ham,No. But we'll do medical missions to nigeria,03/01/2022,lfvok@gmail.com
ham,No i am not having not any movies in my laptop,11/02/2022,cseby@gmail.com
ham,Whatsup there. Dont u want to sleep,02/11/2022,eyjgr@gmail.com
spam,Urgent Please call 09066612661 from landline. £5000 cash or a luxury 4* Canary Islands Holiday await collection. T&Cs SAE award. 20M12AQ. 150ppm. 16+ “,02/12/2022,gpalf@gmail.com
spam,"Urgent! Please call 09066612661 from your landline, your complimentary 4* Lux Costa Del Sol holiday or £1000 CASH await collection. ppm 150 SAE T&Cs James 28, EH74RR",20/01/2022,pkrmr@gmail.com
ham,I havent lei.. Next mon can?,04/02/2024,ledui@gmail.com
ham,Mm feeling sleepy. today itself i shall get that dear,10/11/2023,ncnxr@gmail.com
ham,How dare you stupid. I wont tell anything to you. Hear after i wont talk to you:-.,23/03/2022,kzhbx@gmail.com
ham,Do ü noe if ben is going?,17/11/2023,crmrp@gmail.com
ham,Can you do a mag meeting this avo at some point?,04/04/2023,zipyi@gmail.com
ham,I meant middle left or right?,03/10/2024,nkyvb@gmail.com
ham,Really? I crashed out cuddled on my sofa.,15/01/2023,qhtam@gmail.com
ham,Hi Chachi tried calling u now unable to reach u .. Pl give me a missed cal once u c tiz msg  Kanagu,25/04/2022,ppzxr@gmail.com
ham,"I sent you the prices and do you mean the  &lt;#&gt; g,",20/08/2023,vvduy@gmail.com
ham,Are you this much buzy,13/10/2023,dpsaj@gmail.com
ham,Nothing. Can...,26/03/2023,letal@gmail.com
spam,I don't know u and u don't know me. Send CHAT to 86688 now and let's find each other! Only 150p/Msg rcvd. HG/Suite342/2Lands/Row/W1J6HL LDN. 18 years or over.,31/01/2024,rguxp@gmail.com
ham,No * am working on the ringing u thing but have whole houseful of screaming brats so * am pulling my hair out! Loving u,03/02/2022,dcaaq@gmail.com
ham,But my family not responding for anything. Now am in room not went to home for diwali but no one called me and why not coming. It makes me feel like died.,07/07/2024,dvdnf@gmail.com
ham,"Tick, tick, tick ... Babe",03/08/2024,yezsq@gmail.com
ham,R ü going 4 today's meeting?,23/08/2023,oucur@gmail.com
ham,K da:)how many page you want?,17/12/2022,kverz@gmail.com
ham,Ya had just now.onion roast.,17/05/2023,ugxyl@gmail.com
ham,Send his number and give reply tomorrow morning for why you said that to him like that ok,14/08/2024,utrgl@gmail.com
ham,You said not now. No problem. When you can. Let me know.,28/08/2022,bieae@gmail.com
ham,Ok but tell me half an hr b4 u come i need 2 prepare.,07/09/2024,zzgnb@gmail.com
ham,Play w computer? Aiyah i tok 2 u lor?,24/01/2022,zlisl@gmail.com
ham,Sat right? Okay thanks...,30/06/2022,uaerc@gmail.com
ham,"Derp. Which is worse, a dude who always wants to party or a dude who files a complaint about the three drug abusers he lives with",06/02/2024,mmfxr@gmail.com
ham,Ok Chinese food on its way. When I get fat you're paying for my lipo.,24/08/2024,crowi@gmail.com
ham,We r outside already.,07/04/2023,vcqam@gmail.com
ham,Have a good trip. Watch out for . Remember when you get back we must decide about easter.,28/08/2022,vjamc@gmail.com
ham,Yo we are watching a movie on netflix,31/10/2023,zvjdj@gmail.com
ham,What time. I‘m out until prob 3 or so,18/08/2024,ciads@gmail.com
ham,"Can meh? Thgt some will clash... Really ah, i dun mind... I dun seen to have lost any weight... Gee...",15/07/2024,keago@gmail.com
ham,I dont thnk its a wrong calling between us,10/06/2022,zpdyw@gmail.com
ham,I am not sure about night menu. . . I know only about noon menu,22/02/2022,rqdjb@gmail.com
ham,ARR birthday today:) i wish him to get more oscar.,15/12/2024,yququ@gmail.com
ham,"Say this slowly.? GOD,I LOVE YOU &amp; I NEED YOU,CLEAN MY HEART WITH YOUR BLOOD.Send this to Ten special people &amp; u c miracle tomorrow, do it,pls,pls do it...",23/09/2024,mxcjt@gmail.com
ham,"Open rebtel with firefox. When it loads just put plus sign in the user name place, and it will show you two numbers. The lower number is my number. Once you pick that number the pin will display okay!",19/10/2023,tcqft@gmail.com
ham,and  picking them up from various points,25/09/2024,xqhoo@gmail.com
spam,Married local women looking for discreet action now! 5 real matches instantly to your phone. Text MATCH to 69969 Msg cost 150p 2 stop txt stop BCMSFWC1N3XX,04/11/2023,nucyc@gmail.com
ham,Wow v v impressed. Have funs shopping!,16/04/2022,hxnhb@gmail.com
ham,I am on the way to ur home,25/03/2022,nyuqu@gmail.com
spam,Burger King - Wanna play footy at a top stadium? Get 2 Burger King before 1st Sept and go Large or Super with Coca-Cola and walk out a winner,31/08/2023,yflqj@gmail.com
ham,No problem. Talk to you later,02/10/2023,mmzbs@gmail.com
ham,Then ur sis how?,01/08/2023,mslqf@gmail.com
ham,Still in customer place,02/02/2023,tgdiu@gmail.com
spam,How come it takes so little time for a child who is afraid of the dark to become a teenager who wants to stay out all night?,19/06/2024,gqxgb@gmail.com
ham,"Dude u knw also telugu..thts gud..k, gud nyt..",31/10/2024,mahka@gmail.com
ham,We confirm eating at esplanade?,23/09/2023,hjiev@gmail.com
ham,Send me your id and password,21/04/2024,reenf@gmail.com
ham,Kind of. Took it to garage. Centre part of exhaust needs replacing. Part ordered n taking it to be fixed tomo morning.,29/02/2024,gmens@gmail.com
spam,"For ur chance to win a £250 cash every wk TXT: ACTION to 80608. T's&C's www.movietrivia.tv custcare 08712405022, 1x150p/wk.",17/12/2024,oyvkj@gmail.com
ham,Well I might not come then...,01/05/2024,acgys@gmail.com
ham,Long after I quit. I get on only like 5 minutes a day as it is.,03/07/2022,iixgk@gmail.com
ham,Then its most likely called Mittelschmertz. Google it. If you dont have paracetamol dont worry it will go.,30/03/2023,rhiuc@gmail.com
ham,Well at this right I'm gonna have to get up and check today's steam sales/pee so text me when you want me to come get you,09/08/2022,rocqb@gmail.com
ham,"Just arrived, see you in a couple days &lt;3",05/10/2024,bfsnj@gmail.com
ham,"K, wat s tht incident?",29/08/2022,kvzyr@gmail.com
ham,Yeah get the unlimited,18/05/2022,xkmqc@gmail.com
ham,cThen i thk shd b enuff.. Still got conclusion n contents pg n references.. I'll b doing da contents pg n cover pg..,30/10/2024,uvrjo@gmail.com
ham,"Forgot it takes me 3 years to shower, sorry. Where you at/your phone dead yet?",29/02/2024,fdjtr@gmail.com
ham,Ü got wat to buy tell us then ü no need to come in again.,23/05/2024,tnoze@gmail.com
ham,When you are big..| God will bring success.,02/04/2024,axrha@gmail.com
spam,U’ve Bin Awarded £50 to Play 4 Instant Cash. Call 08715203028 To Claim. EVERY 9th Player Wins Min £50-£500. OptOut 08718727870,11/03/2024,flqdp@gmail.com
ham,"… we r stayin here an extra week, back next wed. How did we do in the rugby this weekend? Hi to and and , c u soon """,24/08/2024,ejmwf@gmail.com
ham,Well there's still a bit left if you guys want to tonight,02/12/2022,fivqz@gmail.com
ham,Not from this campus. Are you in the library?,05/11/2024,xcrdc@gmail.com
ham,"The affidavit says  &lt;#&gt;  E Twiggs St, division g, courtroom  &lt;#&gt; , &lt;TIME&gt;  AM. I'll double check and text you again tomorrow",03/03/2023,knmil@gmail.com
ham,How will I creep on you now? ;_;,27/06/2023,imicw@gmail.com
ham,Tell your friends what you plan to do on Valentines day @ &lt;URL&gt;,09/10/2022,xligk@gmail.com
ham,If I get there before you after your ten billion calls and texts so help me god,08/11/2022,pplms@gmail.com
ham,Purity of friendship between two is not about smiling after reading the forwarded message..Its about smiling just by seeing the name. Gud evng musthu,21/05/2022,jzvaf@gmail.com
ham,I've told him that i've returned it. That should i re order it.,05/09/2024,hmtnt@gmail.com
ham,"House-Maid is the murderer, coz the man was murdered on  &lt;#&gt; th January.. As public holiday all govt.instituitions are closed,including post office..",22/08/2023,tkkkr@gmail.com
ham,Depends on where u going lor.,10/06/2024,pgvij@gmail.com
ham,And smile for me right now as you go and the world will wonder what you are smiling about and think your crazy and keep away from you ... *grins*,18/07/2023,loppn@gmail.com
spam,FreeMsg>FAV XMAS TONES!Reply REAL,06/01/2024,fsmib@gmail.com
ham,Lil fever:) now fine:),16/07/2022,yztln@gmail.com
ham,I think it's all still in my car,05/10/2022,zakss@gmail.com
ham,Can a not?,17/08/2024,bghrr@gmail.com
spam,December only! Had your mobile 11mths+? You are entitled to update to the latest colour camera mobile for Free! Call The Mobile Update Co FREE on 08002986906,01/09/2024,ffyoy@gmail.com
ham,Yes princess! I want to catch you with my big strong hands...,21/09/2023,zrrrg@gmail.com
ham,Oh yeah I forgot. U can only take 2 out shopping at once.,11/08/2024,spbde@gmail.com
ham,Mm so you asked me not to call radio,31/08/2022,fjigd@gmail.com
ham,Thinkin about someone is all good. No drugs for that,11/04/2022,kfbkv@gmail.com
ham,"Say this slowly.? GOD,I LOVE YOU &amp; I NEED YOU,CLEAN MY HEART WITH YOUR BLOOD.Send this to Ten special people &amp; u c miracle tomorrow, do it,pls,pls do it...",10/03/2023,mhggq@gmail.com
ham,"Enjoy the showers of possessiveness poured on u by ur loved ones, bcoz in this world of lies, it is a golden gift to be loved truly..",28/06/2022,okcbl@gmail.com
ham,"Alright if you're sure, let me know when you're leaving",10/03/2024,ytqko@gmail.com
ham,Some are lasting as much as 2 hours. You might get lucky.,25/12/2022,szyza@gmail.com
ham,Genius what's up. How your brother. Pls send his number to my skype.,11/07/2023,vbjjy@gmail.com
spam,"Gr8 Poly tones 4 ALL mobs direct 2u rply with POLY TITLE to 8007 eg POLY BREATHE1 Titles: CRAZYIN, SLEEPINGWITH, FINEST, YMCA :getzed.co.uk POBox365O4W45WQ 300p",07/11/2022,gmhmh@gmail.com
ham,Thk some of em find wtc too far... Weiyi not goin... E rest i dunno yet... R ur goin 4 dinner den i might b able to join...,12/04/2024,eiclo@gmail.com
ham,Don't forget who owns you and who's private property you are ... And be my good boy always .. *passionate kiss*,12/06/2022,covkr@gmail.com
spam,INTERFLORA - It's not too late to order Interflora flowers for christmas call 0800 505060 to place your order before Midnight tomorrow.,03/12/2023,mjlfo@gmail.com
ham,Oh god..taken the teeth?is it paining,06/12/2023,shywj@gmail.com
spam,ROMCAPspam Everyone around should be responding well to your presence since you are so warm and outgoing. You are bringing in a real breath of sunshine.,15/03/2024,opwiw@gmail.com
ham,Then u ask darren go n pick u lor... But i oso sian tmr haf 2 meet lect...,13/06/2022,eblwx@gmail.com
ham,No need to buy lunch for me.. I eat maggi mee..,07/11/2024,hbsas@gmail.com
spam,"Congratulations - Thanks to a good friend U have WON the £2,000 Xmas prize. 2 claim is easy, just call 08712103738 NOW! Only 10p per minute. BT-national-rate",04/03/2023,bnszh@gmail.com
ham,Ok lor...,17/04/2022,fxesn@gmail.com
ham,"Oh right, ok. I'll make sure that i do loads of work during the day!  got a really nasty cough today and is dry n shot so that should really help it!",05/09/2024,xtjzs@gmail.com
ham,Wife.how she knew the time of murder exactly,15/06/2022,riykh@gmail.com
spam,Send a logo 2 ur lover - 2 names joined by a heart. Txt LOVE NAME1 NAME2 MOBNO eg LOVE ADAM EVE 07123456789 to 87077 Yahoo! POBox36504W45WQ TxtNO 4 no ads 150p.,28/06/2024,brhrm@gmail.com
ham,Howz that persons story,15/02/2023,fekmb@gmail.com
ham,Thanx 4 sending me home...,12/10/2023,cghcy@gmail.com
ham,Its normally hot mail. Com you see!,25/06/2024,djxij@gmail.com
spam,"You've won tkts to the EURO2004 CUP FINAL or £800 CASH, to collect CALL 09058099801 b4190604, POBOX 7876150ppm",22/07/2024,gaxeo@gmail.com
ham,U sick still can go shopping?,24/08/2022,ycssv@gmail.com
ham,"Ya they are well and fine., BBD(pooja) full pimples..even she become quite black..and ur rite here its too cold, wearing sweatter..",20/03/2022,gsera@gmail.com
ham,Nice.nice.how is it working?,10/02/2023,tslki@gmail.com
ham,1's reach home call me.,28/04/2023,odxip@gmail.com
ham,Were trying to find a Chinese food place around here,24/02/2024,xzfpl@gmail.com
ham,"Easy mate, * guess the quick drink was bit ambitious.",02/05/2024,gjzwd@gmail.com
ham,BABE !!! I miiiiiiissssssssss you ! I need you !!! I crave you !!! :-( ... Geeee ... I'm so sad without you babe ... I love you ...,16/11/2024,lxosf@gmail.com
ham,Ok thanx...,25/01/2022,iahzw@gmail.com
ham,aathi..where are you dear..,23/12/2024,sqcsu@gmail.com
ham,"Tunji, how's the queen? how are you doing. This is just wishing you a great day. Abiola.",01/12/2024,aaeub@gmail.com
ham,Today iZ Yellow rose day. If u love my frndship give me 1 misscall &amp; send this to ur frndZ &amp; See how many miss calls u get. If u get 6missed U marry ur Lover.,18/10/2022,oodeq@gmail.com
ham,Will be out of class in a few hours. Sorry,17/10/2024,ykabe@gmail.com
ham,Wat time u finish ur lect today?,17/04/2024,xflua@gmail.com
spam,"Free-message: Jamster!Get the crazy frog sound now! For poly text MAD1, for real text MAD2 to 88888. 6 crazy sounds for just 3 GBP/week! 16+only! T&C's apply",27/08/2023,polfa@gmail.com
ham,"Sad story of a Man - Last week was my b'day. My Wife did'nt wish me. My Parents forgot n so did my Kids . I went to work. Even my Colleagues did not wish. As I entered my cabin my PA said, '' Happy B'day Boss !!''. I felt special. She askd me 4 lunch. After lunch she invited me to her apartment. We went there. She said,'' do u mind if I go into the bedroom for a minute ? '' ''OK'', I sed in a sexy mood. She came out 5 minuts latr wid a cake...n My Wife, My Parents, My Kidz, My Friends n My Colleagues. All screaming.. SURPRISE !! and I was waiting on the sofa.. ... ..... ' NAKED...!",18/01/2022,getia@gmail.com
spam,"YOUR CHANCE TO BE ON A REALITY FANTASY SHOW call now = 08707509020 Just 20p per min NTT Ltd, PO Box 1327 Croydon CR9 5WB 0870 is a national = rate call",03/03/2024,zkiql@gmail.com
ham,She's fine. Good to hear from you. How are you my dear? Happy new year oh.,22/06/2022,lufpi@gmail.com
ham,Are you going to wipro interview today?,21/02/2023,bpktl@gmail.com
ham,how tall are you princess?,23/08/2024,ueezj@gmail.com
ham,I doubt you could handle 5 times per night in any case...,13/11/2023,nwoqq@gmail.com
ham,Haha... Hope ü can hear the receipt sound... Gd luck!,03/08/2024,mzyug@gmail.com
ham,Your gonna be the death if me. I'm gonna leave a note that says its all robs fault. Avenge me.,26/11/2022,wrkzf@gmail.com
ham,"Japanese Proverb: If one Can do it, U too Can do it, If none Can do it,U must do it Indian version: If one Can do it, LET HIM DO it.. If none Can do it,LEAVE it!! And finally Kerala version: If one can do it, Stop him doing it.. If none can do it, Make a strike against it ...",30/10/2024,ksjup@gmail.com
ham,Today i'm not workin but not free oso... Gee... Thgt u workin at ur fren's shop ?,29/11/2022,zoinz@gmail.com
ham,In life when you face choices Just toss a coin not becoz its settle the question But while the coin in the air U will know what your heart is hoping for. Gudni8,07/08/2022,bimmu@gmail.com
ham,"Do you know why god created gap between your fingers..? So that, One who is made for you comes &amp; fills those gaps by holding your hand with LOVE..!",30/12/2022,jcrxd@gmail.com
ham,I want to be there so i can kiss you and feel you next to me,08/11/2023,uekfa@gmail.com
ham,I am not at all happy with what you saying or doing,28/09/2023,jvwlo@gmail.com
spam,Adult 18 Content Your video will be with you shortly,15/09/2024,mwyeh@gmail.com
ham,"Ok that would b lovely, if u r sure. Think about wot u want to do, drinkin, dancin, eatin, cinema, in, out, about... Up to u! Wot about ?",10/08/2022,brbeh@gmail.com
ham,What I'm saying is if you haven't explicitly told nora I know someone I'm probably just not gonna bother,29/10/2022,gqlqb@gmail.com
ham,He says hi and to get your ass back to south tampa (preferably at a kegger),15/09/2024,onzqu@gmail.com
ham,Smith waste da.i wanna gayle.,26/05/2022,gwara@gmail.com
ham,"Mum, i've sent you many many messages since i got here. I just want to know that you are actually getting them. Do enjoy the rest of your day.",31/01/2024,bthvu@gmail.com
ham,"Aight, tomorrow around  &lt;#&gt;  it is",30/01/2022,ghphq@gmail.com
ham,"House-Maid is the murderer, coz the man was murdered on  &lt;#&gt; th January.. As public holiday all govt.instituitions are closed,including post office..understand?",03/02/2023,gzmbk@gmail.com
spam,"YOUR CHANCE TO BE ON A REALITY FANTASY SHOW call now = 08707509020 Just 20p per min NTT Ltd, PO Box 1327 Croydon CR9 5WB 0870 is a national = rate call.",20/11/2024,drvgh@gmail.com
ham,I actually did for the first time in a while. I went to bed not too long after i spoke with you. Woke up at 7. How was your night?,13/03/2023,vxdyg@gmail.com
ham,See you there!,08/08/2022,jdzpc@gmail.com
ham,I dont understand your message.,14/11/2023,ybrfn@gmail.com
ham,Crucify is c not s. You should have told me earlier.,17/01/2022,oqqke@gmail.com
ham,"Idk. You keep saying that you're not, but since he moved, we keep butting heads over freedom vs. responsibility. And i'm tired. I have so much other shit to deal with that i'm barely keeping myself together once this gets added to it.",02/04/2024,scukl@gmail.com
ham,Fuck cedar key and fuck her (come over anyway tho),31/07/2024,qflyo@gmail.com
ham,twenty past five he said will this train have been to durham already or not coz i am in a reserved seat,30/07/2023,yabuw@gmail.com
spam,"Hey Boys. Want hot XXX pics sent direct 2 ur phone? Txt PORN to 69855, 24Hrs free and then just 50p per day. To stop text STOPBCM SF WC1N3XX",01/02/2022,drqlo@gmail.com
ham,U still painting ur wall?,03/08/2022,anhec@gmail.com
spam,"Last Chance! Claim ur £150 worth of discount vouchers today! Text SHOP to 85023 now! SavaMob, offers mobile! T Cs SavaMob POBOX84, M263UZ. £3.00 Sub. 16",23/02/2024,iveri@gmail.com
ham,Printer is cool. I mean groovy. Wine is groovying,01/06/2022,yjeir@gmail.com
ham,Hi Harish's rent has been transfred to ur Acnt.,25/07/2023,smoxd@gmail.com
ham,Anything lor is she coming?,20/09/2024,vjwgc@gmail.com
ham,Cbe is really good nowadays:)lot of shop and showrooms:)city is shaping good.,16/06/2023,clebr@gmail.com
ham,Ü still attending da talks?,03/01/2024,zgwlu@gmail.com
ham,No probs hon! How u doinat the mo?,22/10/2022,sbail@gmail.com
ham,K I'll take care of it,10/09/2023,jljuu@gmail.com
ham,I take it we didn't have the phone callon Friday. Can we assume we won't have it this year now?,05/09/2023,cgohs@gmail.com
ham,My battery is low babe,24/01/2024,unvld@gmail.com
ham,Shuhui has bought ron's present it's a swatch watch...,19/05/2022,dsudi@gmail.com
ham,"Yeah there's quite a bit left, I'll swing by tomorrow when I get up",19/07/2024,ndtae@gmail.com
ham,Babe? You said 2 hours and it's been almost 4 ... Is your internet down ?,10/02/2022,iscvn@gmail.com
ham,K I'll be sure to get up before noon and see what's what,18/10/2023,visvq@gmail.com
ham,K...k...yesterday i was in cbe .,14/07/2024,ufrdh@gmail.com
ham,Went to ganesh dress shop,07/03/2024,cijvm@gmail.com
spam,"pdate_Now - Double mins and 1000 txts on Orange tariffs. Latest Motorola, SonyEricsson & Nokia & Bluetooth FREE! Call MobileUpd8 on 08000839402 or call2optout/!YHL",30/12/2022,cajlw@gmail.com
ham,Ü collecting ur laptop then going to configure da settings izzit?,29/08/2023,mxomy@gmail.com
ham,If you r @ home then come down within 5 min,29/09/2024,vsjjt@gmail.com
ham,"Aight, I should be there by 8 at the latest, probably closer to 7. Are jay and tyler down or should we just do two trips?",08/10/2022,ofgpd@gmail.com
ham,Come aftr  &lt;DECIMAL&gt; ..now i m cleaning the house,14/02/2024,zviyn@gmail.com
spam,Ur cash-balance is currently 500 pounds - to maximize ur cash-in now send CASH to 86688 only 150p/msg. CC: 08718720201 PO BOX 114/14 TCR/W1,29/06/2022,lgqro@gmail.com
ham,"Bill, as in: Are there any letters for me. i’m expecting one from orange that isn’t a bill but may still say orange on it.",17/05/2024,qzbee@gmail.com
ham,Tell me pa. How is pain de.,19/10/2023,zbwac@gmail.com
ham,HI DARLIN I HOPE YOU HAD A NICE NIGHT I WISH I HAD COME CANT WAIT TO SEE YOU LOVE FRAN PS I WANT DIRTY ANAL SEX AND I WANT A 10 MAN GANG BANG,29/07/2024,qxwak@gmail.com
ham,"Ha. You don‘t know either. I did a a clever but simple thing with pears the other day, perfect for christmas.",27/07/2022,kfvuc@gmail.com
ham,"Helloooo... Wake up..! ""Sweet"" ""morning"" ""welcomes"" ""You"" ""Enjoy"" ""This Day"" ""with full of joy"".. ""GUD MRNG"".",13/05/2022,wglwi@gmail.com
ham,ALRITE,14/04/2024,uiyre@gmail.com
ham,Why must we sit around and wait for summer days to celebrate. Such a magical sight when the worlds dressed in white. Oooooh let there be snow.,25/05/2023,vpxhe@gmail.com
spam,URGENT! Your Mobile number has been awarded with a £2000 prize GUARANTEED. Call 09058094454 from land line. Claim 3030. Valid 12hrs only,20/06/2024,eopkj@gmail.com
ham,How do you guys go to see movies on your side.,10/12/2022,cdnlz@gmail.com
ham,"Sorry,in meeting I'll call later",25/03/2024,xxrmh@gmail.com
ham,You didn't have to tell me that...now i'm thinking. Plus he's going to stop all your runs,17/11/2024,algbq@gmail.com
ham,Kindly send some one to our flat before  &lt;DECIMAL&gt;  today.,29/05/2024,hyfjv@gmail.com
spam,Sorry! U can not unsubscribe yet. THE MOB offer package has a min term of 54 weeks> pls resubmit request after expiry. Reply THEMOB HELP 4 more info,14/06/2022,qbeqk@gmail.com
ham,Nothing lor... A bit bored too... Then y dun u go home early 2 sleep today...,10/03/2023,nqpzd@gmail.com
ham,What time should I tell my friend to be around?,26/08/2022,veawt@gmail.com
ham,Yes. that will be fine. Love you. Be safe.,21/11/2022,wrgly@gmail.com
ham,Thanks chikku..:-) gud nyt:-*,17/08/2023,ydzfp@gmail.com
ham,Is xy in ur car when u picking me up?,06/10/2023,nwipz@gmail.com
ham,"Thanx 4 the time weve spent 2geva, its bin mint! Ur my Baby and all I want is u!xxxx",12/05/2022,svhak@gmail.com
ham,"Yo, any way we could pick something up tonight?",22/10/2024,tztch@gmail.com
ham,I've not sent it. He can send me.,11/08/2024,kksrh@gmail.com
ham,Fine am simply sitting.,25/03/2022,hkutn@gmail.com
ham,Thts god's gift for birds as humans hav some natural gift frm god..,30/12/2022,hyzhb@gmail.com
ham,Are you coming to day for class.,08/06/2022,qnuab@gmail.com
ham,Im done. Just studyn in library,22/04/2024,jwekz@gmail.com
ham,Ok... U enjoy ur shows...,18/08/2023,jrfpu@gmail.com
ham,Anything...,26/04/2022,ocuex@gmail.com
ham,Where wuld I be without my baby? The thought alone mite break me and I dont wanna go crazy but everyboy needs his lady xxxxxxxx,08/07/2023,oowqc@gmail.com
ham,Wat's my dear doing? Sleeping ah?,19/02/2024,ixkdg@gmail.com
ham,Hi' Test on  &lt;#&gt; rd ....,01/05/2023,xykah@gmail.com
ham,Only 2% students solved this CAT question in 'xam... 5+3+2= &lt;#&gt;  9+2+4= &lt;#&gt;  8+6+3= &lt;#&gt;  then 7+2+5=????? Tell me the answer if u r brilliant...1thing.i got d answr.,14/02/2023,hlnzo@gmail.com
ham,Yo do you know anyone  &lt;#&gt;  or otherwise able to buy liquor? Our guy flaked and right now if we don't get a hold of somebody its just 4 loko all night,13/07/2022,pguzy@gmail.com
ham,Yup n her fren lor. I'm meeting my fren at 730.,22/07/2023,rfnil@gmail.com
ham,"Yeah, we got one lined up for us",01/03/2024,nxuec@gmail.com
ham,"And stop wondering ""wow is she ever going to stop tm'ing me ?!"" because I will tm you whenever I want because you are MINE ... *laughs*",21/05/2024,njzvz@gmail.com
ham,Lol yep did that yesterday. Already got my fireplace. Now its just another icon sitting there for me.,30/05/2022,pejyt@gmail.com
ham,Hey i've booked the pilates and yoga lesson already... Haha,11/03/2023,gmwdz@gmail.com
ham,Are you ok. What happen to behave like this,30/03/2022,rpvmv@gmail.com
spam,You have 1 new message. Please call 08712400200.,05/06/2023,suuop@gmail.com
ham,My supervisor find 4 me one lor i thk his students. I havent ask her yet. Tell u aft i ask her.,02/03/2023,siama@gmail.com
ham,"Hello. No news on job, they are making me wait a fifth week! Yeah im up for some woozles and weasels... In exeter still, but be home about 3.",31/10/2022,khwht@gmail.com
ham,No message..no responce..what happend?,29/12/2023,uwrut@gmail.com
spam,We currently have a message awaiting your collection. To collect your message just call 08718723815.,18/02/2022,ofnfr@gmail.com
ham,"Hey babe, sorry i didn't get sooner. Gary can come and fix it cause he thinks he knows what it is but he doesn't go as far a Ptbo and he says it will cost  &lt;#&gt;  bucks. I don't know if it might be cheaper to find someone there ? We don't have any second hand machines at all right now, let me know what you want to do babe",10/02/2024,solny@gmail.com
ham,make that 3! 4 fucks sake?! x,10/01/2024,ekzyu@gmail.com
ham,Leave it. U will always be ignorant.,11/04/2024,braky@gmail.com
ham,Nope but i'll b going 2 sch on fri quite early lor cos mys sis got paper in da morn :-),28/06/2024,refvo@gmail.com
ham,at bruce b downs &amp; fletcher now,09/02/2023,tgvrm@gmail.com
ham,Where are you ? You said you would be here when I woke ... :-(,05/10/2023,ijeug@gmail.com
ham,Hey now am free you can call me.,12/01/2023,vambf@gmail.com
ham,Tell me whos this pls:-),19/05/2022,hrvws@gmail.com
spam,"URGENT! Your mobile was awarded a £1,500 Bonus Caller Prize on 27/6/03. Our final attempt 2 contact U! Call 08714714011",03/09/2024,dyifk@gmail.com
ham,"Think i might have to give it a miss. Am teaching til twelve, then have lecture at two. Damn this working thing.",04/12/2024,xpgwp@gmail.com
ham,Id have to check but there's only like 1 bowls worth left,20/03/2023,ahpqe@gmail.com
ham,Yes there were many sweets,31/12/2022,gupbu@gmail.com
ham,I would but I'm still cozy. And exhausted from last night.nobody went to school or work. Everything is closed.,04/06/2022,lsler@gmail.com
spam,U have a secret admirer. REVEAL who thinks U R So special. Call 09065174042. To opt out Reply REVEAL STOP. 1.50 per msg recd. Cust care 07821230901,16/12/2024,rztfr@gmail.com
ham,Buzzzz! *grins* Did I buzz your ass? Buzz your chest ? Buzz your cock ? Where do you keep your phone ? Is the vibrator on ? Did you feel it shake ?,10/03/2023,rnthf@gmail.com
ham,Sir send to group mail check it.,20/02/2024,aevby@gmail.com
ham,I'm doing da intro covers energy trends n pros n cons... Brief description of nuclear fusion n oso brief history of iter n jet got abt 7 n half pages..,01/01/2024,wotva@gmail.com
ham,NONE!NOWHERE IKNO DOESDISCOUNT!SHITINNIT,14/08/2022,qormg@gmail.com
ham,You dont know you jabo me abi.,24/12/2022,aesne@gmail.com
spam,"Do you ever notice that when you're driving, anyone going slower than you is an idiot and everyone driving faster than you is a maniac?",08/03/2023,hatem@gmail.com
ham,Not yet had..ya sapna aunty manege y'day hogidhe..chinnu full weak and swalpa black agidhane..,18/11/2024,ctskk@gmail.com
ham,"Are you being good, baby? :)",30/01/2023,lfoyw@gmail.com
ham,NEFT Transaction with reference number  &lt;#&gt;  for Rs. &lt;DECIMAL&gt;  has been credited to the beneficiary account on  &lt;#&gt;  at  &lt;TIME&gt; : &lt;#&gt;,25/08/2023,yczeh@gmail.com
ham,"Mostly sports type..lyk footbl,crckt..",06/05/2022,urieb@gmail.com
ham,Ma head dey swell oh. Thanks for making my day,13/11/2022,ifqpb@gmail.com
ham,U should make a fb list,18/01/2022,mgpfu@gmail.com
ham,"Height of Confidence: All the Aeronautics professors wer calld &amp; they wer askd 2 sit in an aeroplane. Aftr they sat they wer told dat the plane ws made by their students. Dey all hurried out of d plane.. Bt only 1 didnt move... He said:""if it is made by my students,this wont even start........ Datz confidence..",03/10/2024,glomc@gmail.com
ham,Sary just need Tim in the bollox &it hurt him a lot so he tol me!,08/04/2023,kmjhd@gmail.com
ham,Happy New Year Princess!,10/03/2022,pnzqx@gmail.com
ham,"I'll text carlos and let you know, hang on",29/07/2022,fgspg@gmail.com
ham,"Don't worry, * is easy once have ingredients!",06/01/2022,bnbfs@gmail.com
ham,I love u 2 my little pocy bell I am sorry but I love u,06/03/2022,rctev@gmail.com
ham,"Ok omw now, you at castor?",24/06/2022,pfggl@gmail.com
ham,Yar lor... Keep raining non stop... Or u wan 2 go elsewhere?,08/06/2024,rwnzs@gmail.com
spam,"Xmas Offer! Latest Motorola, SonyEricsson & Nokia & FREE Bluetooth or DVD! Double Mins & 1000 Txt on Orange. Call MobileUpd8 on 08000839402 or call2optout/4QF2",15/03/2024,popvr@gmail.com
ham,What u mean u almost done? Done wif sleeping? But i tot u going to take a nap.. Yup i send her liao so i'm picking her up at ard 4 smth lor..,16/11/2023,ecedg@gmail.com
ham,"7 wonders in My WORLD 7th You 6th Ur style 5th Ur smile 4th Ur Personality 3rd Ur Nature 2nd Ur SMS and 1st ""Ur Lovely Friendship""... good morning dear",03/01/2023,kyssb@gmail.com
ham,"Tonight? Yeah, I'd be down for that",02/04/2022,prftv@gmail.com
ham,What should i eat fo lunch senor,07/07/2023,wzxso@gmail.com
ham,"He said that he had a right giggle when he saw u again! You would possibly be the first person2die from NVQ, but think how much you could for!",26/11/2022,lkrur@gmail.com
ham,No break time one... How... I come out n get my stuff fr ü?,19/05/2024,trmul@gmail.com
spam,Reply to win £100 weekly! What professional sport does Tiger Woods play? Send STOP to 87239 to end service,27/12/2022,exnny@gmail.com
ham,"I'm there and I can see you, but you can't see me ? Maybe you should reboot ym ? I seen the buzz",17/08/2023,nmncl@gmail.com
ham,Do you still have the grinder?,06/10/2024,huzie@gmail.com
spam,No 1 POLYPHONIC tone 4 ur mob every week! Just txt PT2 to 87575. 1st Tone FREE ! so get txtin now and tell ur friends. 150p/tone. 16 reply HL 4info,10/07/2024,vidgx@gmail.com
ham,"Love isn't a decision, it's a feeling. If we could decide who to love, then, life would be much simpler, but then less magical",07/08/2023,aknnf@gmail.com
spam,"HOT LIVE FANTASIES call now 08707509020 Just 20p per min NTT Ltd, PO Box 1327 Croydon CR9 5WB 0870 is a national rate call",06/04/2023,pspsy@gmail.com
ham,K.i did't see you.:)k:)where are you now?,13/09/2023,oegcm@gmail.com
ham,So i'm doing a list of buyers.,19/10/2024,rsdei@gmail.com
ham,"No idea, I guess we'll work that out an hour after we're supposed to leave since as usual nobody has any interest in figuring shit out before the last second",15/02/2023,mlzju@gmail.com
ham,Mm not entirely sure i understood that text but hey. Ho. Which weekend?,30/12/2022,rrfpd@gmail.com
ham,They released vday shirts and when u put it on it makes your bottom half naked instead of those white underwear.,23/08/2022,belew@gmail.com
ham,Don know..he is watching film in computer..,12/09/2024,pppxj@gmail.com
ham,No b4 Thursday,27/07/2023,farrz@gmail.com
ham,"Oh, then your phone phoned me but it disconnected",07/08/2024,mkrca@gmail.com
ham,Id onluy matters when getting on from offcampus,16/05/2023,snvxd@gmail.com
spam,This message is free. Welcome to the new & improved Sex & Dogging club! To unsubscribe from this service reply STOP. msgs@150p 18+only,06/12/2023,ctfge@gmail.com
ham,"Excellent, I'll see what riley's plans are",25/12/2022,auxri@gmail.com
ham,I will see in half an hour,05/04/2023,uowvl@gmail.com
spam,"You've won tkts to the EURO2004 CUP FINAL or £800 CASH, to collect CALL 09058099801 b4190604, POBOX 7876150ppm",16/12/2024,qthns@gmail.com
ham,Ew are you one of them?,24/09/2022,dwvwq@gmail.com
ham,Also hi wesley how've you been,25/04/2022,mtbnl@gmail.com
ham,Ah you see. You have to be in the lingo. I will let you know wot on earth it is when has finished making it!,18/02/2023,ezmaz@gmail.com
spam,"Loan for any purpose £500 - £75,000. Homeowners + Tenants welcome. Have you been previously refused? We can still help. Call Free 0800 1956669 or text back 'help'",28/02/2023,lifdd@gmail.com
spam,Update_Now - 12Mths Half Price Orange line rental: 400mins...Call MobileUpd8 on 08000839402 or call2optout=J5Q,13/11/2022,xibsw@gmail.com
ham,Imagine Life WITHOUT ME... see.. How fast u are searching me?Don't worry.. l'm always there To disturb U.. Goodnoon..:),04/09/2022,lzlng@gmail.com
ham,"Hm good morning, headache anyone? :-)",14/08/2024,mzywz@gmail.com
ham,Yeah no probs - last night is obviously catching up with you... Speak soon,12/02/2022,epceh@gmail.com
spam,FREE UNLIMITED HARDCORE PORN direct 2 your mobile Txt PORN to 69200 & get FREE access for 24 hrs then chrgd@50p per day txt Stop 2exit. This msg is free,25/09/2022,cjshe@gmail.com
ham,I might go 2 sch. Yar at e salon now v boring.,15/09/2024,oyklj@gmail.com
ham,&lt;#&gt;  mins but i had to stop somewhere first.,27/05/2023,oiqae@gmail.com
ham,"&lt;#&gt;  is fast approaching. So, Wish u a very Happy New Year Happy Sankranti Happy republic day Happy Valentines Day Happy Shivratri Happy Ugadi Happy Fools day Happy May Day Happy Independence Day, Happy Friendship,Mother,Father,Teachers,Childrens Day, &amp; HAPPY BIRTHDAY 4 U. Happy Ganesh festival Happy Dasara Happy Diwali Happy Christmas  &lt;#&gt;  Good Mornings Afternoons, Evenings Nights. RememberI AM the first to WISHING U ALL THESE...your's Raj",17/02/2022,bamhr@gmail.com
ham,One of the joys in lifeis waking up each daywith thoughts that somewhereSomeone cares enough tosend a warm morning greeting.. -,16/03/2024,vizof@gmail.com
ham,I didn't get the second half of that message,06/05/2022,uhpac@gmail.com
ham,Wat time do u wan 2 meet me later?,15/01/2022,lfris@gmail.com
ham,I thank you so much for all you do with selflessness. I love you plenty.,16/11/2024,ftkcw@gmail.com
ham,Am in film ill call you later.,31/01/2022,linmq@gmail.com
ham,How dare you change my ring,04/04/2024,kpzgp@gmail.com
ham,You are a very very very very bad girl. Or lady.,01/02/2022,crusj@gmail.com
ham,I love ya too but try and budget your money better babe. Gary would freak on me if he knew,31/03/2024,kbhdt@gmail.com
ham,"What part of ""don't initiate"" don't you understand",30/04/2022,ogzyu@gmail.com
ham,I finished my lunch already. U wake up already?,10/06/2023,xzkiz@gmail.com
ham,You still at the game?,11/07/2024,bigxr@gmail.com
ham,You have got tallent but you are wasting.,17/07/2024,hqpit@gmail.com
ham,What is your record for one night? :),03/06/2022,xravn@gmail.com
ham,"Also sir, i sent you an email about how to log into the usc payment portal. I.ll send you another message that should explain how things are back home. Have a great weekend.",08/02/2023,yxmec@gmail.com
ham,gonna let me know cos comes bak from holiday that day.  is coming. Don't4get2text me  number.,12/01/2023,dadgd@gmail.com
ham,Jokin only lar... :-) depends on which phone my father can get lor...,04/10/2022,bywhw@gmail.com
ham,"Aight, lemme know what's up",23/05/2024,jlayd@gmail.com
ham,Get ready for  &lt;#&gt;  inches of pleasure...,25/03/2024,krmyi@gmail.com
ham,Raji..pls do me a favour. Pls convey my Birthday wishes to Nimya. Pls. Today is her birthday.,17/05/2024,ibivh@gmail.com
ham,;-) ok. I feel like john lennon.,11/11/2024,oundc@gmail.com
ham,Cos darren say ü considering mah so i ask ü...,26/04/2024,ltoib@gmail.com
ham,You are not bothering me but you have to trust my answers. Pls.,14/09/2023,kgzao@gmail.com
ham,"Wishing you and your family Merry ""X"" mas and HAPPY NEW Year in advance..",03/12/2023,dklpy@gmail.com
ham,One day a crab was running on the sea shore..The waves came n cleared the footprints of the crab.. Crab asked: being my frnd y r u clearing my beautiful footprints? Waves replied: A fox was following ur footprints to catch you! thats y i cleared it off:) frndsship never lets u dwn :-) GUD nyt..,20/04/2022,xfgpk@gmail.com
ham,Aight what time you want me to come up?,10/01/2024,kveas@gmail.com
ham,Slaaaaave ! Where are you ? Must I summon you to me all the time now ? Don't you wish to come to me on your own anymore?,06/12/2023,mhnum@gmail.com
ham,Your bill at 3 is £33.65 so thats not bad!,15/12/2024,qoyip@gmail.com
ham,Let me know how it changes in the next 6hrs. It can even be appendix but you are out of that age range. However its not impossible. So just chill and let me know in 6hrs,03/02/2022,pcbaf@gmail.com
ham,"Hello, yeah i've just got out of the bath and need to do my hair so i'll come up when i'm done, yeah?",06/10/2024,chbmu@gmail.com
ham,So how's the weather over there?,14/01/2024,tpufu@gmail.com
ham,"Ok. Not much to do here though. H&M Friday, cant wait. Dunno wot the hell im gonna do for another 3 weeks! Become a slob- oh wait, already done that!",15/05/2022,jfeyd@gmail.com
ham,Die... Now i have e toot fringe again...,28/11/2024,nvjpa@gmail.com
ham,Lol they don't know about my awesome phone. I could click delete right now if I want.,19/01/2023,tojoq@gmail.com
ham,Ok,11/01/2022,etsan@gmail.com
ham,"Awesome question with a cute answer: Someone asked a boy ""how is ur life?"" . . He smiled &amp; answered: . . ""She is fine!"" Gudnite",23/02/2024,oxfjd@gmail.com
ham,Please leave this topic..sorry for telling that..,28/07/2022,xyjdg@gmail.com
ham,Pls send me the correct name da.,25/02/2022,icewd@gmail.com
ham,What happened to our yo date?,26/06/2022,fmytb@gmail.com
spam,EASTENDERS TV Quiz. What FLOWER does DOT compare herself to? D= VIOLET E= TULIP F= LILY txt D E or F to 84025 NOW 4 chance 2 WIN £100 Cash WKENT/150P16+,16/09/2022,gnzxm@gmail.com
ham,Webpage s not available!,01/02/2022,hnifk@gmail.com
ham,Just woke up. Yeesh its late. But I didn't fall asleep til &lt;#&gt; am :/,11/12/2022,lgxtv@gmail.com
spam,You are now unsubscribed all services. Get tons of sexy babes or hunks straight to your phone! go to http://gotbabes.co.uk. No subscriptions.,26/07/2024,hiehy@gmail.com
ham,"Dear all, as we know  &lt;#&gt; th is the  &lt;#&gt; th birthday of our loving Gopalettan. We are planning to give a small gift on that day. Those who like to participate in that you are welcome. Please contact our admin team for more details",20/03/2022,osfts@gmail.com
ham,K..k...from tomorrow onwards started ah?,18/08/2023,gusem@gmail.com
ham,What u talking bout early morning? It's almost noon where your at!,28/02/2022,zmomn@gmail.com
ham,Fine. Do you remember me.,15/06/2022,aqzbu@gmail.com
spam,"Hi babe its Jordan, how r u? Im home from abroad and lonely, text me back if u wanna chat xxSP visionsms.com Text stop to stopCost 150p 08712400603",01/05/2023,obmso@gmail.com
ham,Ok. How many should i buy.,24/11/2024,cdboz@gmail.com
ham,"Sounds good, keep me posted",25/07/2024,mrtuo@gmail.com
spam,Get a brand new mobile phone by being an agent of The Mob! Plus loads more goodies! For more info just text MAT to 87021.,24/12/2023,dsblr@gmail.com
ham,Ok. So april. Cant wait,07/02/2024,jxvwf@gmail.com
ham,Boy you best get yo ass out here quick,11/03/2024,yecwu@gmail.com
ham,Ay wana meet on sat?ü wkg on sat?,07/06/2022,ivnsx@gmail.com
ham,I'm now but have to wait till 2 for the bus to pick me.,20/08/2024,ehnvm@gmail.com
ham,Apart from the one i told you about yesterday?,12/12/2024,jandy@gmail.com
ham,Ok lor... But buy wat?,16/12/2022,uyznw@gmail.com
ham,Somebody should go to andros and steal ice,24/02/2022,mutip@gmail.com
ham,Don know. I did't msg him recently.,09/08/2022,bejdm@gmail.com
ham,Take us out shopping and Mark will distract Isaiah.=D,01/06/2024,cwymz@gmail.com
ham,"Mum, hope you are having a great day. Hoping this text meets you well and full of life. Have a great day. Abiola",11/09/2022,gvnnk@gmail.com
ham,There is no sense in my foot and penis.,26/02/2024,gdpmr@gmail.com
ham,Okay but i thought you were the expert,21/07/2024,sleao@gmail.com
ham,*deep sigh* ... I miss you :-( ... I am really surprised you haven't gone to the net cafe yet to get to me ... Don't you miss me?,13/07/2024,cuzmq@gmail.com
ham,S.s:)i thinl role is like sachin.just standing. Others have to hit.,13/04/2023,asjfr@gmail.com
ham,Have a great trip to India. And bring the light to everyone not just with the project but with everyone that is lucky to see you smile. Bye. Abiola,05/08/2024,hjvtw@gmail.com
ham,"And very importantly, all we discuss is between u and i only.",28/01/2023,bvbwa@gmail.com
ham,K..k:)how about your training process?,28/08/2024,hmthe@gmail.com
ham,Ok lor. I ned 2 go toa payoh 4 a while 2 return smth u wan 2 send me there or wat?,09/09/2022,honly@gmail.com
ham,In da car park,19/01/2022,sebxs@gmail.com
ham,I wish that I was with you. Holding you tightly. Making you see how important you are. How much you mean to me ... How much I need you ... In my life ...,05/01/2022,zwyen@gmail.com
ham,So i asked how's anthony. Dad. And your bf,04/10/2023,fnabe@gmail.com
ham,"Wnevr i wana fal in luv vth my books, My bed fals in luv vth me..!'' . Yen madodu, nav pretsorginta, nammanna pretsovru important alwa....!!:) Gud eveB-).",10/01/2024,qfqgp@gmail.com
ham,What Today-sunday..sunday is holiday..so no work..,03/06/2022,zdmos@gmail.com
ham,Am going to take bath ill place the key in window:-),11/08/2023,yjear@gmail.com
spam,LORD OF THE RINGS:RETURN OF THE KING in store NOW!REPLY LOTR by 2 June 4 Chance 2 WIN LOTR soundtrack CDs StdTxtRate. Reply STOP to end txts,28/07/2022,feeci@gmail.com
ham,"Dear, take care. I am just reaching home.love u a lot.",24/12/2022,zztoc@gmail.com
ham,staff.science.nus.edu.sg/~phyhcmk/teaching/pc1323,09/08/2023,xsrns@gmail.com
ham,Have you emigrated or something? Ok maybe 5.30 was a bit hopeful...,17/08/2022,mcvsj@gmail.com
ham,Olol i printed out a forum post by a guy with the exact same  prob which was fixed with a gpu replacement. Hopefully they dont ignore that.,03/11/2022,fwhzh@gmail.com
ham,We walked from my moms. Right on stagwood pass right on winterstone left on victors hill. Address is &lt;#&gt;,23/05/2024,qqzap@gmail.com
ham,"Yo, you at jp and hungry like a mofo?",25/09/2023,bmbnv@gmail.com
ham,This is all just creepy and crazy to me.,18/05/2024,xchwz@gmail.com
ham,Ok... I din get ur msg...,24/04/2022,jpotz@gmail.com
ham,Tessy..pls do me a favor. Pls convey my birthday wishes to Nimya..pls dnt forget it. Today is her birthday Shijas,04/02/2024,zghdt@gmail.com
ham,Pathaya enketa maraikara pa',03/12/2022,kivwq@gmail.com
ham,Even if he my friend he is a priest call him now,09/01/2023,olzpu@gmail.com
ham,"U so lousy, run already come back then half dead... Hee...",13/01/2022,ibggj@gmail.com
ham,That's y i said it's bad dat all e gals know u... Wat u doing now?,31/05/2024,omdkl@gmail.com
ham,Or remind me in a few hrs.,06/11/2022,cneoq@gmail.com
ham,"I had been hoping i would not have to send you this message. My rent is due and i dont have enough for it. My reserves are completely gone. Its a loan i need and was hoping you could her. The balance is  &lt;#&gt; . Is there a way i could get that from you, till mid march when i hope to pay back.",15/08/2023,avrmk@gmail.com
ham,Hi. Happy New Year. I dont mean to intrude but can you pls let me know how much tuition you paid last semester and how much this semester is. Thanks,12/09/2024,wsvdi@gmail.com
ham,Hello hun how ru? Its here by the way. Im good. Been on 2 dates with that guy i met in walkabout so far. We have to meet up soon. Hows everyone else?,14/01/2024,kblvq@gmail.com
ham,Lol I was gonna last month. I cashed some in but I left &lt;#&gt; just in case. I was collecting more during the week cause they announced it on the blog.,05/06/2024,fikfi@gmail.com
spam,Good Luck! Draw takes place 28th Feb 06. Good Luck! For removal send STOP to 87239 customer services 08708034412,19/02/2023,qwmnm@gmail.com
ham,"Short But Cute : "" Be a good person , but dont try to prove"" ..... Gud mrng...",17/09/2022,qnxnc@gmail.com
ham,Just haven't decided where yet eh ?,06/09/2023,xwnrk@gmail.com
ham,"Wat time liao, where still got.",02/02/2023,tezrj@gmail.com
ham,Yes watching footie but worried we're going to blow it - Phil Neville?,20/08/2022,wjrlg@gmail.com
ham,I wait 4 ü inside da car park...,26/05/2024,txkit@gmail.com
ham,Uncle Abbey! Happy New Year. Abiola,31/10/2023,nbdic@gmail.com
ham,Now am free call me pa.,01/08/2023,yyqtl@gmail.com
ham,R u saying i should re order the slippers cos i had to pay for returning it.,24/07/2024,pkbak@gmail.com
ham,Stop knowing me so well!,10/01/2022,zergp@gmail.com
ham,Good evening! this is roger. How are you?,23/10/2023,ftqsu@gmail.com
ham,Small problem in auction:)punj now asking tiwary,21/12/2022,tnaff@gmail.com
spam,Free entry in 2 a weekly comp for a chance to win an ipod. Txt POD to 80182 to get entry (std txt rate) T&C's apply 08452810073 for details 18+,09/11/2024,ssrsu@gmail.com
ham,He telling not to tell any one. If so treat for me hi hi hi,07/06/2024,emfxe@gmail.com
ham,My uncles in Atlanta. Wish you guys a great semester.,01/06/2024,eqgub@gmail.com
spam,1st wk FREE! Gr8 tones str8 2 u each wk. Txt NOKIA ON to 8007 for Classic Nokia tones or HIT ON to 8007 for Polys. Nokia/150p Poly/200p 16+,23/12/2024,tqwjt@gmail.com
ham,U coming 2 pick me?,10/02/2022,fswek@gmail.com
ham,Thats cool. i liked your photos. You are very sexy!,20/10/2024,zrxbb@gmail.com
ham,would u fuckin believe it they didnt know i had thurs pre booked off so they re cancelled me AGAIN! that needs to b sacked,12/06/2022,oapbm@gmail.com
ham,"Haha better late than ever, any way I could swing by?",15/04/2024,zywzu@gmail.com
ham,Ok. But i finish at 6.,02/01/2023,hfpdd@gmail.com
spam,"LookAtMe!: Thanks for your purchase of a video clip from LookAtMe!, you've been charged 35p. Think you can do better? Why not send a video in a MMSto 32323.",09/07/2022,fboqs@gmail.com
ham,I've been barred from all B and Q stores for life!?This twat in orange dungerees came up to me and asked if I wanted decking? So I got the first punch in!!,27/05/2023,xvvyp@gmail.com
ham,So no messages. Had food?,28/08/2022,aldfk@gmail.com
ham,Ok going to sleep. Hope i can meet her.,04/09/2022,tdevk@gmail.com
ham,Wat makes some people dearer is not just de happiness dat u feel when u meet them but de pain u feel when u miss dem!!!,16/04/2022,aiyxk@gmail.com
ham,Can you let me know details of fri when u find out cos I'm not in tom or fri. mentionned chinese. Thanks,31/12/2024,qyoch@gmail.com
ham,You're right I have now that I think about it,02/02/2024,nvmsz@gmail.com
ham,Wat r u doing now?,08/10/2024,jouqi@gmail.com
ham,Is ur lecture over?,12/02/2024,stwzx@gmail.com
spam,sexy sexy cum and text me im wet and warm and ready for some porn! u up for some fun? THIS MSG IS FREE RECD MSGS 150P INC VAT 2 CANCEL TEXT STOP,06/08/2023,zfgtx@gmail.com
ham,Customer place i will call you,14/05/2023,htwea@gmail.com
ham,Not planned yet :)going to join company on jan 5 only.don know what will happen after that.,01/03/2022,xwpoc@gmail.com
ham,Boy; I love u Grl: Hogolo Boy: gold chain kodstini Grl: Agalla Boy: necklace madstini Grl: agalla Boy: Hogli 1 mutai eerulli kodthini! Grl: I love U kano;-),08/10/2024,unzwf@gmail.com
ham,"Haha I heard that, text me when you're around",05/11/2024,sjknz@gmail.com
ham,I.ll get there tomorrow and send it to you,18/02/2022,aoswk@gmail.com
ham,"SHIT BABE.. THASA BIT MESSED UP.YEH, SHE SHUDVETOLD U. DID URGRAN KNOW?NEWAY, ILLSPEAK 2 U2MORO WEN IM NOT ASLEEP...",30/01/2024,bdbye@gmail.com
ham,Oh thats late! Well have a good night and i will give u a call tomorrow. Iam now going to go to sleep night night,20/01/2024,eqrod@gmail.com
ham,CHEERS U TEX MECAUSE U WEREBORED! YEAH OKDEN HUNNY R UIN WK SAT?SOUNDS LIKEYOUR HAVIN GR8FUN J! KEEP UPDAT COUNTINLOTS OF LOVEME XXXXX.,19/10/2023,jmato@gmail.com
ham,"Sorry,  in meeting I'll call you later",22/08/2024,zciqv@gmail.com
ham,Yo! Howz u? girls never rang after india. L,07/10/2022,xdcoo@gmail.com
ham,Yeah but which is worse for i,16/09/2024,xxlrf@gmail.com
spam,Hard LIVE 121 chat just 60p/min. Choose your girl and connect LIVE. Call 09094646899 now! Cheap Chat UK's biggest live service. VU BCM1896WC1N3XX,17/04/2023,kfkqa@gmail.com
ham,I tagged MY friends that you seemed to count as YOUR friends.,11/06/2024,ycebx@gmail.com
spam,Not heard from U4 a while. Call 4 rude chat private line 01223585334 to cum. Wan 2C pics of me gettin shagged then text PIX to 8552. 2End send STOP 8552 SAM xxx,27/09/2022,jtwgw@gmail.com
ham,Ok...,11/06/2023,qcgxw@gmail.com
ham,Long time. You remember me today.,24/06/2024,cqink@gmail.com
ham,Havent shopping now lor i juz arrive only,27/11/2023,fmisl@gmail.com
ham,Thank u. IT BETTER WORK OUT CAUSE I WILL FEEL USED OTHERWISE,27/04/2024,dhmig@gmail.com
ham,Are you up for the challenge? I know i am :),18/05/2023,xhngf@gmail.com
ham,How much did ur hdd casing cost.,18/07/2022,ywlsj@gmail.com
ham,Mystery solved! Just opened my email and he's sent me another batch! Isn't he a sweetie,15/12/2024,cjccs@gmail.com
ham,I can't describe how lucky you are that I'm actually awake by noon,06/09/2023,asjnj@gmail.com
spam,This is the 2nd time we have tried to contact u. U have won the £1450 prize to claim just call 09053750005 b4 310303. T&Cs/stop SMS 08718725756. 140ppm,18/12/2024,wtnys@gmail.com
ham,"TODAY is Sorry day.! If ever i was angry with you, if ever i misbehaved or hurt you? plz plz JUST SLAP URSELF Bcoz, Its ur fault, I'm basically GOOD",24/11/2023,rmeip@gmail.com
ham,Cheers for the card ... Is it that time of year already?,12/10/2024,tnsre@gmail.com
spam,"HOT LIVE FANTASIES call now 08707509020 Just 20p per min NTT Ltd, PO Box 1327 Croydon CR9 5WB 0870..k",14/05/2024,hmbsg@gmail.com
ham,"When people see my msgs, They think Iam addicted to msging... They are wrong, Bcoz They don\'t know that Iam addicted to my sweet Friends..!! BSLVYL",06/01/2024,yhmsw@gmail.com
ham,Ugh hopefully the asus ppl dont randomly do a reformat.,13/07/2022,nllzz@gmail.com
ham,"Haven't seen my facebook, huh? Lol!",06/05/2022,kxgbw@gmail.com
ham,"Mah b, I'll pick it up tomorrow",24/12/2024,xlqtq@gmail.com
ham,Still otside le..u come 2morrow maga..,20/03/2023,vfjkz@gmail.com
ham,Do u still have plumbers tape and a wrench we could borrow?,02/03/2024,cckmw@gmail.com
spam,"Dear Voucher Holder, To claim this weeks offer, at you PC please go to http://www.e-tlp.co.uk/reward. Ts&Cs apply.",15/09/2022,zkeup@gmail.com
ham,It vl bcum more difficult..,06/03/2023,egawd@gmail.com
spam,UR GOING 2 BAHAMAS! CallFREEFONE 08081560665 and speak to a live operator to claim either Bahamas cruise of£2000 CASH 18+only. To opt out txt X to 07786200117,02/11/2022,wiyfg@gmail.com
ham,Havent still waitin as usual... Ü come back sch oredi?,22/09/2023,ponqw@gmail.com
ham,In meeting da. I will call you,06/03/2023,efgky@gmail.com
ham,K k :-):-) then watch some films.,27/05/2023,tuadj@gmail.com
ham,Does cinema plus drink appeal tomo? * Is a fr thriller by director i like on at mac at 8.30.,27/01/2023,hwjrq@gmail.com
ham,There the size of elephant tablets & u shove um up ur ass!!,18/02/2024,ecqxd@gmail.com
ham,"So many people seems to be special at first sight, But only very few will remain special to you till your last sight.. Maintain them till life ends.. take cr da",18/09/2022,aqgmn@gmail.com
ham,"My Parents, My Kidz, My Friends n My Colleagues. All screaming.. SURPRISE !! and I was waiting on the sofa.. ... ..... ' NAKED...!",22/12/2024,ryehd@gmail.com
ham,Dunno i juz askin cos i got a card got 20% off 4 a salon called hair sense so i tot it's da one ü cut ur hair.,05/09/2022,jovfk@gmail.com
ham,Good morning pookie pie! Lol hope I didn't wake u up,28/11/2022,yhgtf@gmail.com
ham,MAYBE IF YOU WOKE UP BEFORE FUCKING 3 THIS WOULDN'T BE A PROBLEM.,15/01/2024,kdzty@gmail.com
ham,Happy birthday to you....dear.with lots of love.rakhesh NRI,13/06/2022,ssucd@gmail.com
ham,Howz that persons story,17/02/2022,cqwig@gmail.com
spam,"This is the 2nd time we have tried 2 contact u. U have won the 750 Pound prize. 2 claim is easy, call 08712101358 NOW! Only 10p per min. BT-national-rate",31/07/2023,lpnyw@gmail.com
ham,X2  &lt;#&gt; . Are you going to get that,17/04/2024,ymgpw@gmail.com
ham,Hi neva worry bout da truth coz the truth will lead me 2 ur heart. Its the least a unique person like u deserve. Sleep tight or morning,06/06/2024,wzgbx@gmail.com
spam,UR awarded a City Break and could WIN a £200 Summer Shopping spree every WK. Txt STORE to 88039.SkilGme.TsCs087147403231Winawk!Age16+£1.50perWKsub,20/10/2024,npbhi@gmail.com
ham,Is ur paper today in e morn or aft?,13/10/2023,cppjy@gmail.com
ham,I will lick up every drop :) are you ready to use your mouth as well?,11/05/2022,jzgds@gmail.com
ham,And you! Will expect you whenever you text! Hope all goes well tomo,02/08/2024,cntpn@gmail.com
ham,Great. P diddy is my neighbor and comes for toothpaste every morning,10/01/2023,ezvtm@gmail.com
ham,"I av a new number,  . Wil u only use this one,ta.",13/01/2024,tbuww@gmail.com
ham,So its to be poking man everyday that they teach you in canada abi! How are you. Just saying hi.,17/06/2022,exdxo@gmail.com
ham,7 lor... Change 2 suntec... Wat time u coming?,23/01/2024,ofjio@gmail.com
ham,No de.am seeing in online shop so that i asked.,17/02/2023,ncprx@gmail.com
ham,Just curious because my cuz asked what I was up to,08/08/2023,pnmri@gmail.com
ham,Nice.nice.how is it working?,09/10/2023,kvnco@gmail.com
ham,Okay lor... Wah... like that def they wont let us go... Haha... What did they say in the terms and conditions?,30/05/2022,tcgft@gmail.com
ham,Haha... Yup hopefully  we will lose a few kg by mon. after hip hop can go orchard and weigh again,06/06/2024,jealc@gmail.com
ham,She's good. How are you. Where r u working now,21/07/2023,jbnxu@gmail.com
ham,"Oh, yes, I've just been a little under the weather so i've kind of been coccooning at home",04/01/2022,hkxbi@gmail.com
ham,At home also.,22/10/2024,fnryw@gmail.com
ham,This phone has the weirdest auto correct.,22/05/2023,zaqqh@gmail.com
ham,Oops my phone died and I didn't even know. Yeah I like it better.,08/12/2023,iaszo@gmail.com
ham,Havent mus ask if u can 1st wat. Of meet 4 lunch den u n him meet can already lor. Or u wan 2 go ask da ge 1st then confirm w me asap?,16/01/2024,qrstm@gmail.com
ham,"She said,'' do u mind if I go into the bedroom for a minute ? '' ''OK'', I sed in a sexy mood. She came out 5 minuts latr wid a cake...n My Wife,",31/01/2024,jbkgh@gmail.com
ham,"OH YEAH,AND HAV A GREAT TIME IN NEWQUAY-SEND ME A POSTCARD !1 LOOK AFTER ALL THE GIRLS WHILE IM GONE(U KNOW THE 1IM TALKIN BOUT!)xx",13/11/2024,lylsb@gmail.com
ham,We got a divorce. Lol. She.s here,24/10/2022,kkdjz@gmail.com
ham,What's ur pin?,08/08/2023,lzlcw@gmail.com
ham,"Babe, have you got enough money to pick up bread and milk ? And I'll give you it back when you get home ?",12/09/2023,qebqt@gmail.com
ham,I want snow. It's just freezing and windy.,25/07/2024,yeglx@gmail.com
spam,URGENT! We are trying to contact U. Todays draw shows that you have won a £2000 prize GUARANTEED. Call 09066358361 from land line. Claim Y87. Valid 12hrs only,17/11/2024,kcyod@gmail.com
ham,Come to mahal bus stop.. &lt;DECIMAL&gt;,26/02/2022,cklcc@gmail.com
ham,Don know:)this week i'm going to tirunelvai da.,05/01/2023,jfclz@gmail.com
ham,Me too baby! I promise to treat you well! I bet you will take good care of me...,25/07/2023,cayvm@gmail.com
ham,Its like that hotel dusk game i think. You solve puzzles in a area thing,13/04/2023,ipgcs@gmail.com
spam,"Thanks for your ringtone order, reference number X29. Your mobile will be charged 4.50. Should your tone not arrive please call customer services 09065989180",25/04/2024,modyf@gmail.com
ham,"Hi, my love! How goes that day? Fuck, this morning I woke and dropped my cell on the way down the stairs but it seems alright ... *phews* I miss you !",22/04/2022,yzwil@gmail.com
ham,Well that must be a pain to catch,20/05/2022,gseue@gmail.com
ham,Sorry da thangam.it's my mistake.,29/03/2023,vmzfg@gmail.com
ham,I need... Coz i never go before,05/06/2023,ohruo@gmail.com
ham,"Rose for red,red for blood,blood for heart,heart for u. But u for me.... Send tis to all ur friends.. Including me.. If u like me.. If u get back, 1-u r poor in relation! 2-u need some 1 to support 3-u r frnd 2 many 4-some1 luvs u 5+- some1 is praying god to marry u.:-) try it....",04/11/2024,ekedn@gmail.com
ham,Wife.how she knew the time of murder exactly,19/06/2024,whrjy@gmail.com
spam,"SIX chances to win CASH! From 100 to 20,000 pounds txt> CSH11 and send to 87575. Cost 150p/day, 6days, 16+ TsandCs apply Reply HL 4 info",25/05/2024,xjpbp@gmail.com
spam,Ur cash-balance is currently 500 pounds - to maximize ur cash-in now send COLLECT to 83600 only 150p/msg. CC: 08718720201 PO BOX 114/14 TCR/W1,14/12/2023,rfgag@gmail.com
ham,"I feel like a dick because I keep sleeping through your texts and facebook messages. Sup, you in town?",27/03/2023,evtjn@gmail.com
ham,No plm i will come da. On the way.,08/03/2023,xkstz@gmail.com
ham,Guess he wants alone time. We could just show up and watch when they do..,13/07/2022,sbhln@gmail.com
ham,Height of recycling: Read twice- People spend time for earning money and the same money is spent for spending time!;-) Good morning.. keep smiling:-),30/08/2023,yjpjm@gmail.com
ham,Yup ü not comin :-(,07/09/2024,cvtda@gmail.com
ham,"Yes, princess. Toledo.",15/11/2024,tzupg@gmail.com
ham,"Aight text me when you're back at mu and I'll swing by, need somebody to get the door for me",08/05/2023,pwfrh@gmail.com
ham,Ron say fri leh. N he said ding tai feng cant make reservations. But he said wait lor.,12/02/2023,odyjn@gmail.com
ham,Good. No swimsuit allowed :),16/12/2024,uphii@gmail.com
ham,Am okay. Will soon be over. All the best,09/09/2023,uhsmp@gmail.com
ham,"A cute thought for friendship: ""Its not necessary to share every secret with ur close Frnd, but watever u shared should be true""....",02/02/2023,alvlf@gmail.com
ham,Ok i've sent u da latest version of da project.,22/12/2022,ckicg@gmail.com
ham,Good Morning my Dear........... Have a great &amp; successful day.,02/07/2024,rqadk@gmail.com
ham,Pls accept me for one day. Or am begging you change the number.,30/07/2022,vhpdv@gmail.com
ham,Squeeeeeze!! This is christmas hug.. If u lik my frndshp den hug me back.. If u get 3 u r cute:) 6 u r luvd:* 9 u r so lucky;) None? People hate u:,07/10/2023,fxxsg@gmail.com
ham,"Its ok, if anybody asks abt me, u tel them..:-P",24/04/2024,xsqln@gmail.com
ham,"Funny fact Nobody teaches volcanoes 2 erupt, tsunamis 2 arise, hurricanes 2 sway aroundn no 1 teaches hw 2 choose a wife Natural disasters just happens",19/06/2024,aghhx@gmail.com
ham,* You gonna ring this weekend or wot?,15/09/2022,dvznr@gmail.com
ham,Also track down any lighters you can find,15/10/2022,oycpi@gmail.com
ham,"Sorry, I can't help you on this.",08/02/2022,pgyse@gmail.com
ham,"Babe, I need your advice",14/05/2023,tzyra@gmail.com
ham,"I‘ll leave around four, ok?",16/07/2023,zvgqx@gmail.com
ham,Come to medical college at 7pm ......forward it da,30/01/2024,pppfi@gmail.com
ham,K:)k..its good:)when are you going?,21/01/2024,hwhhd@gmail.com
ham,I can make lasagna for you... vodka...,31/03/2024,hectb@gmail.com
ham,HI ITS KATE CAN U GIVE ME A RING ASAP XXX,09/10/2024,nexsu@gmail.com
ham,Who were those people ? Were you in a tour ? I thought you were doing that sofa thing you sent me ? Your curious sugar,04/04/2023,gaban@gmail.com
ham,"No, but you told me you were going, before you got drunk!",02/12/2022,svngs@gmail.com
ham,He fucking chickened out. He messaged me he would be late and woould buzz me and then I didn't hear a word from him,06/05/2022,ezqvd@gmail.com
spam,"Congratulations! Thanks to a good friend U have WON the £2,000 Xmas prize. 2 claim is easy, just call 08718726978 NOW! Only 10p per minute. BT-national-rate",08/12/2022,inaug@gmail.com
ham,I'm always looking for an excuse to be in the city.,15/09/2024,knjlx@gmail.com
ham,Yup i'm still having coffee wif my frens... My fren drove she'll give me a lift...,02/03/2022,cozxj@gmail.com
ham,O shore are you takin the bus,16/02/2024,fmfdg@gmail.com
ham,So u gonna get deus ex?,21/08/2023,pmyhl@gmail.com
ham,I will send them to your email. Do you mind  &lt;#&gt;  times per night?,26/05/2023,ncwbv@gmail.com
spam,"44 7732584351, Do you want a New Nokia 3510i colour phone DeliveredTomorrow? With 300 free minutes to any mobile + 100 free texts + Free Camcorder reply or call 08000930705.",04/09/2022,ftyfi@gmail.com
ham,tap & spile at seven. * Is that pub on gas st off broad st by canal. Ok?,24/11/2022,wzuso@gmail.com
ham,Ok then i come n pick u at engin?,23/09/2022,qorxw@gmail.com
ham,Which is why i never wanted to tell you any of this. Which is why i'm so short with you and on-edge as of late.,13/03/2024,xgcoz@gmail.com
ham,Raviyog Peripherals bhayandar east,03/04/2024,olrvk@gmail.com
ham,K actually can you guys meet me at the sunoco on howard? It should be right on the way,11/02/2024,gnazr@gmail.com
spam,You have 1 new voicemail. Please call 08719181513.,06/02/2023,uirrv@gmail.com
ham,"MOON has come to color your dreams, STARS to make them musical and my SMS to give you warm and Peaceful Sleep. Good Night",23/01/2023,odwrg@gmail.com
ham,Just finished eating. Got u a plate. NOT leftovers this time.,25/11/2024,ftnwk@gmail.com
ham,Thanx a lot...,21/12/2024,qqict@gmail.com
ham,Hurry home u big butt. Hang up on your last caller if u have to. Food is done and I'm starving. Don't ask what I cooked.,25/04/2023,ndrxj@gmail.com
ham,Lol your right. What diet? Everyday I cheat anyway. I'm meant to be a fatty :(,13/02/2023,vxvyl@gmail.com
ham,Its a great day. Do have yourself a beautiful one.,19/06/2023,bxdrd@gmail.com
ham,What happened in interview?,02/12/2023,ugywo@gmail.com
ham,"Solve d Case : A Man Was Found Murdered On  &lt;DECIMAL&gt; . &lt;#&gt;  AfterNoon. 1,His wife called Police. 2,Police questioned everyone. 3,Wife: Sir,I was sleeping, when the murder took place. 4.Cook: I was cooking. 5.Gardener: I was picking vegetables. 6.House-Maid: I went 2 d post office. 7.Children: We went 2 play. 8.Neighbour: We went 2 a marriage. Police arrested d murderer Immediately. Who's It? Reply With Reason, If U r Brilliant.",21/06/2022,gacqn@gmail.com
ham,Badrith is only for chennai:)i will surely pick for us:)no competition for him.,12/07/2024,wztke@gmail.com
ham,I tot it's my group mate... Lucky i havent reply... Wat time do ü need to leave...,11/06/2024,cljin@gmail.com
ham,Hey you around? I've got enough for a half + the ten I owe you,02/08/2024,asevf@gmail.com
ham,Hey tmr maybe can meet you at yck,25/07/2024,rcotw@gmail.com
ham,ALRITE SAM ITS NIC JUST CHECKIN THAT THIS IS UR NUMBER-SO IS IT?T.B*,11/01/2022,cjfsx@gmail.com
ham,They are just making it easy to pay back. I have  &lt;#&gt; yrs to say but i can pay back earlier. You get?,10/07/2024,jhydy@gmail.com
ham,Not to worry. I'm sure you'll get it.,30/10/2024,jtjru@gmail.com
ham,"The gas station is like a block away from my house, you'll drive right by it since armenia ends at swann and you have to take howard",01/02/2024,tzjvn@gmail.com
spam,"Someone U know has asked our dating service 2 contact you! Cant Guess who? CALL 09058097189 NOW all will be revealed. POBox 6, LS15HB 150p",24/02/2024,wsjjv@gmail.com
spam,Camera - You are awarded a SiPix Digital Camera! call 09061221066 fromm landline. Delivery within 28 days,30/07/2024,dvmoi@gmail.com
ham,My tuition is at 330. Hm we go for the 1120 to 1205 one? Do you mind?,31/10/2022,hdoke@gmail.com
ham,"I'm not smoking while people use ""wylie smokes too much"" to justify ruining my shit",26/05/2024,ntavb@gmail.com
ham,Dear good morning how you feeling dear,23/08/2023,tepwt@gmail.com
ham,A little. Meds say take once every 8 hours. It's only been 5 but pain is back. So I took another. Hope I don't die,08/09/2023,ufouk@gmail.com
ham,"Beautiful tomorrow never comes.. When it comes, it's already TODAY.. In the hunt of beautiful tomorrow don't waste your wonderful TODAY.. GOODMORNING:)",12/01/2022,nkaxl@gmail.com
ham,Dunno lei ü all decide lor. How abt leona? Oops i tot ben is going n i msg him.,21/07/2023,zbbap@gmail.com
ham,Hi there. We have now moved in2 our pub . Would be great 2 c u if u cud come up.,26/09/2022,rfrzz@gmail.com
spam,Todays Voda numbers ending 5226 are selected to receive a ?350 award. If you hava a match please call 08712300220 quoting claim code 1131 standard rates app,10/10/2024,wljhn@gmail.com
spam,This message is free. Welcome to the new & improved Sex & Dogging club! To unsubscribe from this service reply STOP. msgs@150p 18 only,05/07/2022,pryzx@gmail.com
ham,"Honeybee Said: *I'm d Sweetest in d World* God Laughed &amp; Said: *Wait,U Havnt Met d Person Reading This Msg* MORAL: Even GOD Can Crack Jokes! GM+GN+GE+GN:)",30/07/2023,afcok@gmail.com
ham,Just do what ever is easier for you,11/08/2024,wzpia@gmail.com
spam,RCT' THNQ Adrian for U text. Rgds Vatian,07/05/2024,lghzm@gmail.com
ham,Stop calling everyone saying I might have cancer. My throat hurts to talk. I can't be answering everyones calls. If I get one more call I'm not babysitting on Monday,03/08/2024,tpirq@gmail.com
ham,"It'll be tough, but I'll do what I have to",21/12/2022,sohef@gmail.com
ham,IM GONNAMISSU SO MUCH!!I WOULD SAY IL SEND U A POSTCARD BUTTHERES ABOUTAS MUCH CHANCE OF MEREMEMBERIN ASTHERE IS OFSI NOT BREAKIN HIS CONTRACT!! LUV Yaxx,20/04/2023,bnqzw@gmail.com
ham,Ee msg na poortiyagi odalebeku: Hanumanji 7 name 1-Hanuman 2-Bajarangabali 3-Maruti 4-Pavanaputra 5-Sankatmochan 6-Ramaduth 7-Mahaveer ee 7 name  &lt;#&gt;  janarige ivatte kalisidare next saturday olage ondu good news keluviri...! Maretare inde 1 dodda problum nalli siguviri idu matra  &lt;#&gt; % true.. Don't neglet.,29/07/2023,msjxw@gmail.com
ham,HI DARLIN I FINISH AT 3 DO U 1 2 PICK ME UP OR MEET ME? TEXT BACK ON THIS NUMBER LUV KATE XXX,18/01/2023,fourr@gmail.com
ham,"Set a place for me in your heart and not in your mind, as the mind easily forgets but the heart will always remember. Wish you Happy Valentines Day!",26/08/2024,jwrmb@gmail.com
ham,But i'm surprised she still can guess right lor...,06/05/2024,jyqlc@gmail.com
ham,Okie ü wan meet at bishan? Cos me at bishan now. I'm not driving today.,20/10/2022,gvbeu@gmail.com
ham,Oh ho. Is this the first time u use these type of words,12/01/2024,orgrj@gmail.com
ham,HI DARLIN HOW WAS WORK DID U GET INTO TROUBLE? IJUST TALKED TO YOUR MUM ALL MORNING! I HAD A REALLY GOOD TIME LAST NIGHT IM GOIN OUT SOON BUT CALL ME IF U CAN,31/12/2024,ffrqx@gmail.com
ham,I know you are serving. I mean what are you doing now.,10/08/2024,qvaxv@gmail.com
ham,"Huh... Hyde park not in mel ah, opps, got confused... Anyway, if tt's e best choice den we juz have to take it...",25/05/2023,vunsd@gmail.com
ham,Oh gei. That happend to me in tron. Maybe ill dl it in 3d when its out,24/05/2024,dsfno@gmail.com
spam,"FREE MESSAGE Activate your 500 FREE Text Messages by replying to this message with the word FREE For terms & conditions, visit www.07781482378.com",14/12/2024,gzqpc@gmail.com
ham,I know girls always safe and selfish know i got it pa. Thank you. good night.,19/05/2022,yqmco@gmail.com
ham,"No worries, hope photo shoot went well. have a spiffing fun at workage.",27/06/2023,dfkrv@gmail.com
ham,I'm freezing and craving ice. Fml,28/05/2023,uefvt@gmail.com
ham,Kay... Since we are out already,16/03/2024,itxwr@gmail.com
ham,Eh sorry leh... I din c ur msg. Not sad already lar. Me watching tv now. U still in office?,13/12/2022,srrax@gmail.com
ham,Yo im right by yo work,17/05/2023,nyzbc@gmail.com
ham,Ok darlin i supose it was ok i just worry too much.i have to do some film stuff my mate and then have to babysit again! But you can call me there.xx,23/05/2023,kobef@gmail.com
ham,"She said,'' do u mind if I go into the bedroom for a minute ? '' ''OK'', I sed in a sexy mood. She came out 5 minuts latr wid a cake...n My Wife,",06/05/2023,ouloq@gmail.com
ham,I don wake since. I checked that stuff and saw that its true no available spaces. Pls call the embassy or send a mail to them.,28/03/2022,kpvor@gmail.com
ham,Nope... Juz off from work...,25/02/2022,pbphv@gmail.com
ham,Huh so fast... Dat means u havent finished painting?,21/09/2023,leegw@gmail.com
ham,what number do u live at? Is it 11?,26/08/2022,hpnuq@gmail.com
ham,"No we put party 7 days a week and study lightly, I think we need to draw in some custom checkboxes so they know we're hardcore",13/11/2024,yyqfl@gmail.com
ham,Sac will score big hundred.he is set batsman:-),10/03/2023,vcaht@gmail.com
ham,Send me yetty's number pls.,31/05/2024,jvmke@gmail.com
ham,How much it will cost approx . Per month.,29/10/2023,gvpzp@gmail.com
ham,Ok... The theory test? when are ü going to book? I think it's on 21 may. Coz thought wanna go out with jiayin. But she isnt free,22/09/2024,kunef@gmail.com
spam,"You are being contacted by our dating service by someone you know! To find out who it is, call from a land line 09050000928. PoBox45W2TG150P",24/08/2024,iqfno@gmail.com
ham,"That's fine, have him give me a call if he knows what he wants or has any questions",03/07/2022,fzkay@gmail.com
ham,"Sorry, got a late start, we're on the way",19/03/2022,ftfnc@gmail.com
ham,Then u go back urself lor...,23/11/2023,qayil@gmail.com
ham,I AM AT THE GAS STATION. GO THERE.,21/05/2024,jzyyd@gmail.com
ham,"K, if u bored up just come to my home..",12/10/2023,shocv@gmail.com
ham,Babe !!!! I LOVE YOU !!!! *covers your face in kisses*,06/11/2024,sbdkf@gmail.com
ham,"Like I made him throw up when we were smoking in our friend's car one time, it was awesome",27/10/2024,osbli@gmail.com
ham,Still i have not checked it da. . .,15/01/2022,rtolj@gmail.com
ham,You will go to walmart. I.ll stay.,31/12/2023,dtgqe@gmail.com
ham,"I haven't forgotten you, i might have a couple bucks to send you tomorrow, k? I love ya too",09/11/2023,gqpwx@gmail.com
ham,Oh great. I.ll disturb him more so that we can talk.,08/07/2024,vsicp@gmail.com
ham,Reverse is cheating. That is not mathematics.,06/10/2023,vjiwr@gmail.com
ham,U're welcome... Caught u using broken english again...,19/07/2024,nguwp@gmail.com
ham,No problem baby. Is this is a good time to talk? I called and left a message.,22/04/2023,mtice@gmail.com
ham,"Sorry, I'll call later",29/08/2024,zqddu@gmail.com
ham,Oh is it! Which brand?,15/02/2023,qneko@gmail.com
ham,Sorry i cant take your call right now. It so happens that there r 2waxsto do wat you want. She can come and ill get her medical insurance. And she'll be able to deliver and have basic care. I'm currently shopping for the right medical insurance for her. So just give me til friday morning. Thats when i.ll see the major person that can guide me to the right insurance.,07/04/2024,skkcx@gmail.com
ham,At what time are you coming.,30/03/2024,xuhal@gmail.com
ham,Call him and say you not coming today ok and tell them not to fool me like this ok,18/03/2024,tkpev@gmail.com
ham,I emailed yifeng my part oredi.. Can ü get it fr him..,19/11/2023,oawai@gmail.com
ham,R u sure they'll understand that! Wine * good idea just had a slurp!,30/07/2023,gbazp@gmail.com
ham,Minimum walk is 3miles a day.,17/11/2024,kboqz@gmail.com
ham,Ok not a problem will get them a taxi. C ing  tomorrow and tuesday. On tuesday think we r all going to the cinema.,08/07/2022,pgyez@gmail.com
ham,"Brainless Baby Doll..:-D;-), vehicle sariyag drive madoke barolla..",13/01/2022,aovou@gmail.com
ham,I don't run away frm u... I walk slowly &amp; it kills me that u don't care enough to stop me...,29/11/2024,rdqqb@gmail.com
spam,Sorry I missed your call let's talk when you have the time. I'm on 07090201529,09/06/2023,ieqyt@gmail.com
ham,Please attend the phone:),04/01/2023,fgprh@gmail.com
ham,You only hate me. You can call any but you didnt accept even a single call of mine. Or even you messaged,30/10/2024,gsvtt@gmail.com
ham,No messages on her phone. I'm holding it now,11/04/2022,dtpbr@gmail.com
ham,Can... I'm free...,22/09/2022,pzbwb@gmail.com
ham,"Yo my trip got postponed, you still stocked up?",01/05/2023,retip@gmail.com
ham,"Sorry, I'll call later",04/01/2023,wrkso@gmail.com
ham,I am waiting for your call sir.,09/12/2024,mxzvw@gmail.com
ham,Hey what are you doing. Y no reply pa..,31/01/2024,btqnc@gmail.com
ham,"Hey elaine, is today's meeting still on?",14/01/2024,vcmub@gmail.com
ham,Sorry i've not gone to that place. I.ll do so tomorrow. Really sorry.,27/07/2024,gaedp@gmail.com
ham,Most of the tiime when i don't let you hug me it's so i don't break into tears.,29/10/2024,koknm@gmail.com
ham,Tomorrow i am not going to theatre. . . So i can come wherever u call me. . . Tell me where and when to come tomorrow,11/05/2022,knoka@gmail.com
ham,And now electricity just went out fml.,10/06/2024,fhltt@gmail.com
ham,"Looks like you found something to do other than smoke, great job!",14/04/2023,ebgjy@gmail.com
ham,Also andros ice etc etc,05/01/2023,ovoia@gmail.com
ham,:),15/04/2024,rllwm@gmail.com
ham,"Good afternon, my love. How are today? I hope your good and maybe have some interviews. I wake and miss you babe. A passionate kiss from across the sea",11/08/2024,fvfqo@gmail.com
ham,Yup. Wun believe wat? U really neva c e msg i sent shuhui?,08/08/2023,zsgvg@gmail.com
ham,Hows that watch resizing,07/01/2024,bmxeb@gmail.com
ham,Dear umma she called me now :-),07/07/2024,toele@gmail.com
ham,Just finished. Missing you plenty,02/12/2022,ugfak@gmail.com
spam,"complimentary 4 STAR Ibiza Holiday or £10,000 cash needs your URGENT collection. 09066364349 NOW from Landline not to lose out! Box434SK38WP150PPM18+",13/08/2024,rtimh@gmail.com
ham,"Well, I meant as opposed to my drunken night of before",11/02/2022,jgbbk@gmail.com
ham,K... Must book a not huh? so going for yoga basic on sunday?,06/11/2023,thceu@gmail.com
spam,FREE MSG:We billed your mobile number by mistake from shortcode 83332.Please call 08081263000 to have charges refunded.This call will be free from a BT landline,07/09/2024,zdfxn@gmail.com
ham,Ok can...,03/09/2022,tpyvf@gmail.com
ham,"Oops - am at my mum's in somerset... Bit far! Back tomo, see you soon x",03/05/2022,htxwv@gmail.com
ham,So u workin overtime nigpun?,09/07/2022,uawae@gmail.com
ham,Same as kallis dismissial in 2nd test:-).,31/08/2024,oqvwb@gmail.com
ham,O. Guess they both got screwd,25/03/2024,rbgcy@gmail.com
spam,Please CALL 08712402972 immediately as there is an urgent message waiting for you,03/09/2024,hxnpu@gmail.com
ham,"I'm in a meeting, call me later at",17/05/2023,puhhx@gmail.com
ham,What r u cooking me for dinner?,14/04/2024,zlbfn@gmail.com
ham,Ok thanx...,06/07/2022,jnwmh@gmail.com
ham,Bull. Your plan was to go floating off to IKEA with me without a care in the world. So i have to live with your mess another day.,14/06/2024,gzrbl@gmail.com
ham,Then i buy.,16/08/2022,qgbhd@gmail.com
spam,URGENT! Your Mobile number has been awarded with a £2000 Bonus Caller Prize. Call 09058095201 from land line. Valid 12hrs only,12/09/2023,zilyl@gmail.com
ham,Heehee that was so funny tho,13/01/2022,ufcdh@gmail.com
ham,It only does simple arithmetic not percentages.,16/10/2023,slzab@gmail.com
ham,"Yeah we wouldn't leave for an hour at least, how's 4 sound?",17/12/2023,plpuf@gmail.com
spam,"As a valued customer, I am pleased to advise you that following recent review of your Mob No. you are awarded with a £1500 Bonus Prize, call 09066364589",29/04/2023,zxens@gmail.com
ham,Thanks honey. Have a great day.,27/01/2022,lkbvc@gmail.com
ham,"An Amazing Quote'' - ""Sometimes in life its difficult to decide whats wrong!! a lie that brings a smile or the truth that brings a tear....""",17/02/2024,yuqyj@gmail.com
ham,Good night my dear.. Sleepwell&amp;Take care,01/11/2024,bimuz@gmail.com
ham,Then ü ask dad to pick ü up lar... Ü wan 2 stay until 6 meh...,24/03/2022,glrsy@gmail.com
ham,"Jus chillaxin, what up",28/12/2023,ymhtn@gmail.com
ham,HEY DAS COOL... IKNOW ALL 2 WELLDA PERIL OF STUDENTFINANCIAL CRISIS!SPK 2 U L8R.,28/05/2022,jnejt@gmail.com
ham,"Beautiful Truth against Gravity.. Read carefully: ""Our heart feels light when someone is in it.. But it feels very heavy when someone leaves it.."" GOODMORNING",17/02/2024,wfrse@gmail.com
spam,Do you want a New Nokia 3510i colour phone DeliveredTomorrow? With 300 free minutes to any mobile + 100 free texts + Free Camcorder reply or call 08000930705,18/07/2022,bhhrq@gmail.com
ham,"Whats that coming over the hill..... Is it a monster! Hope you have a great day. Things r going fine here, busy though!",19/08/2023,vgxag@gmail.com
ham,Joy's father is John. Then John is the ____ of Joy's father. If u ans ths you hav  &lt;#&gt;  IQ. Tis s IAS question try to answer.,13/04/2023,yrabk@gmail.com
ham,Only once then after ill obey all yours.,31/07/2024,ijphg@gmail.com
ham,No she didnt. I will search online and let you know.,21/12/2022,gishy@gmail.com
ham,Where do you need to go to get it?,20/11/2022,fmsse@gmail.com
ham,No pic. Please re-send.,17/02/2024,bmylw@gmail.com
ham,He remains a bro amongst bros,12/02/2023,lbxwk@gmail.com
ham,Uhhhhrmm isnt having tb test bad when youre sick,06/03/2024,riwfy@gmail.com
ham,But i haf enuff space got like 4 mb...,16/03/2022,bucjx@gmail.com
spam,LIFE has never been this much fun and great until you came in. You made it truly special for me. I won't forget you! enjoy @ one gbp/sms,06/12/2022,ohcsh@gmail.com
spam,Do you want a new Video phone? 600 anytime any network mins 400 Inclusive Video calls AND downloads 5 per week Free delTOMORROW call 08002888812 or reply NOW,14/08/2024,dwmpk@gmail.com
spam,"As a valued customer, I am pleased to advise you that following recent review of your Mob No. you are awarded with a £1500 Bonus Prize, call 09066368470",10/10/2023,bkzxs@gmail.com
spam,Welcome! Please reply with your AGE and GENDER to begin. e.g 24M,21/08/2023,gminl@gmail.com
spam,Freemsg: 1-month unlimited free calls! Activate SmartCall Txt: CALL to No: 68866. Subscriptn3gbp/wk unlimited calls Help: 08448714184 Stop?txt stop landlineonly,16/08/2023,rakkx@gmail.com
spam,Had your mobile 10 mths? Update to latest Orange camera/video phones for FREE. Save £s with Free texts/weekend calls. Text YES for a callback orno to opt out,11/07/2023,lyypk@gmail.com
spam,Am new 2 club & dont fink we met yet Will B gr8 2 C U Please leave msg 2day wiv ur area 09099726553 reply promised CARLIE x Calls£1/minMobsmore LKPOBOX177HP51FL,13/05/2024,eelly@gmail.com
ham,True. Its easier with her here.,26/02/2023,expwu@gmail.com
ham,Sure but since my parents will be working on Tuesday I don't really need a cover story,18/01/2023,rwcib@gmail.com
ham,Haha okay... Today weekend leh...,31/05/2023,xktrv@gmail.com
ham,Hi darlin did youPhone me? Im atHome if youwanna chat.,25/07/2023,liflu@gmail.com
ham,I don't know jack shit about anything or i'd say/ask something helpful but if you want you can pretend that I did and just text me whatever in response to the hypotheticalhuagauahahuagahyuhagga,11/10/2022,avoqn@gmail.com
ham,You've always been the brainy one.,21/08/2022,cfjew@gmail.com
ham,Yeah if we do have to get a random dude we need to change our info sheets to PARTY  &lt;#&gt; /7 NEVER STUDY just to be safe,07/06/2022,qkgwh@gmail.com
spam,Camera - You are awarded a SiPix Digital Camera! call 09061221066 fromm landline. Delivery within 28 days.,09/02/2022,zndoh@gmail.com
ham,"Christmas is An occasion that is Celebrated as a Reflection of UR... Values..., Desires..., Affections...&amp; Traditions.... Have an ideal Christmas...",22/03/2024,mtzgu@gmail.com
ham,Sending you greetings of joy and happiness. Do have a gr8 evening,06/01/2023,gvkea@gmail.com
ham,Hi darlin i cantdo anythingtomorrow as myparents aretaking me outfor a meal. when are u free? Katexxx,27/09/2023,btoof@gmail.com
ham,If india win or level series means this is record:),21/11/2023,itota@gmail.com
ham,Then what about further plan?,01/04/2024,mixwg@gmail.com
ham,Its good to hear from you,11/09/2023,ocffj@gmail.com
ham,"awesome, how do I deal with the gate? Charles told me last night but, uh, yeah",24/06/2024,evkpf@gmail.com
ham,What time you thinkin of goin?,20/03/2024,phees@gmail.com
spam,Get a FREE mobile video player FREE movie. To collect text GO to 89105. Its free! Extra films can be ordered t's and c's apply. 18 yrs only,25/05/2023,xmrqg@gmail.com
spam,Save money on wedding lingerie at www.bridal.petticoatdreams.co.uk Choose from a superb selection with national delivery. Brought to you by WeddingFriend,06/10/2023,shwlb@gmail.com
ham,Your board is working fine. The issue of overheating is also reslove. But still software inst is pending. I will come around 8'o clock.,31/03/2022,jkrfb@gmail.com
ham,Yes but I don't care cause I know its there!,19/01/2022,cwzyb@gmail.com
ham,"wiskey Brandy Rum Gin Beer Vodka Scotch Shampain Wine ""KUDI""yarasu dhina vaazhthukkal. ..",23/08/2024,wkyev@gmail.com
ham,"Mon okie lor... Haha, best is cheap n gd food la, ex oso okie... Depends on whether wana eat western or chinese food... Den which u prefer...",05/04/2022,jgmtj@gmail.com
ham,Sitting ard nothing to do lor. U leh busy w work?,13/11/2023,ytraf@gmail.com
ham,Its  &lt;#&gt; k here oh. Should i send home for sale.,04/12/2022,zmlxp@gmail.com
ham,Sorry. || mail? ||,27/08/2022,ymdjg@gmail.com
ham,Ya just telling abt tht incident..,02/10/2022,psxcp@gmail.com
ham,Yes we were outside for like 2 hours. And I called my whole family to wake them up cause it started at 1 am,09/03/2023,pyirh@gmail.com
ham,Ugh just got outta class,30/12/2023,eespl@gmail.com
ham,"Nowadays people are notixiquating the laxinorficated opportunity for bambling of entropication.... Have you ever oblisingately opted ur books for the masteriastering amplikater of fidalfication? It is very champlaxigating, i think it is atrocious.. Wotz Ur Opinion???? Junna",18/03/2022,zusat@gmail.com
ham,I dont have any of your file in my bag..i was in work when you called me.i 'll tell you if i find anything in my room.,01/10/2024,ufgcs@gmail.com
ham,No need lar. Jus testing e phone card. Dunno network not gd i thk. Me waiting 4 my sis 2 finish bathing so i can bathe. Dun disturb u liao u cleaning ur room.,22/10/2023,lfjmx@gmail.com
ham,Ok. I.ll do you right later.,17/01/2022,wssng@gmail.com
ham,Friendship poem: Dear O Dear U R Not Near But I Can Hear Dont Get Fear Live With Cheer No More Tear U R Always my Dear. Gud ni8,01/11/2024,fcmbm@gmail.com
ham,Have your lunch and come quickly and open the door:),06/03/2022,diiju@gmail.com
spam,Not heard from U4 a while. Call me now am here all night with just my knickers on. Make me beg for it like U did last time 01223585236 XX Luv Nikiyu4.net,18/08/2022,dgekr@gmail.com
ham,I am back. Bit long cos of accident on a30. Had to divert via wadebridge.I had a brilliant weekend thanks. Speak soon. Lots of love,14/09/2024,twllp@gmail.com
ham,"K.. I yan jiu liao... Sat we can go 4 bugis vill one frm 10 to 3 den hop to parco 4 nb. Sun can go cine frm 1030 to 2, den hop to orc mrt 4 hip hop at 4...",29/10/2022,aoyly@gmail.com
spam,Bloomberg -Message center +447797706009 Why wait? Apply for your future http://careers. bloomberg.com,10/01/2024,zxwjf@gmail.com
ham,i am seeking a lady in the street and a freak in the sheets. Is that you?,13/04/2024,mwttn@gmail.com
ham,My phone,06/01/2024,fsbby@gmail.com
ham,"Haha figures, well I found the piece and priscilla's bowl",18/06/2023,srtno@gmail.com
ham,"Actually fuck that, just do whatever, do find an excuse to be in tampa at some point before january though",26/05/2023,pzydc@gmail.com
spam,URGENT! We are trying to contact U. Todays draw shows that you have won a £800 prize GUARANTEED. Call 09050001808 from land line. Claim M95. Valid12hrs only,29/06/2023,vhzan@gmail.com
ham,yay! finally lol. i missed our cinema trip last week :-(,14/08/2022,fohxt@gmail.com
ham,All day working day:)except saturday and sunday..,17/08/2022,uskiz@gmail.com
ham,aathi..where are you dear..,22/02/2023,yqsmm@gmail.com
ham,Heart is empty without love.. Mind is empty without wisdom.. Eyes r empty without dreams &amp; Life is empty without frnds.. So Alwys Be In Touch. Good night &amp; sweet dreams,10/02/2024,wtcnr@gmail.com
ham,"I think I‘m waiting for the same bus! Inform me when you get there, if you ever get there.",16/03/2022,mtmnd@gmail.com
ham,You getting back any time soon?,07/05/2022,rnkik@gmail.com
ham,", how's things? Just a quick question.",10/04/2024,mmzww@gmail.com
ham,"Night has ended for another day, morning has come in a special way. May you smile like the sunny rays and leaves your worries at the blue blue bay. Gud mrng",08/02/2023,gqzbs@gmail.com
ham,"I can probably come by, everybody's done around  &lt;#&gt;  right?",04/09/2024,nyrwr@gmail.com
ham,I got it before the new year cos yetunde said she wanted to surprise you with it but when i didnt see money i returned it mid january before the  &lt;#&gt; day return period ended.,09/11/2023,wyzoi@gmail.com
ham,I can ask around but there's not a lot in terms of mids up here,27/09/2024,sobno@gmail.com
ham,Be sure to check your yahoo email. We sent photos yesterday,30/06/2023,htlzq@gmail.com
ham,What was she looking for?,08/04/2022,nkeqb@gmail.com
ham,Wherre's my boytoy ? :-(,26/08/2024,zkfdo@gmail.com
spam,Do you want a NEW video phone750 anytime any network mins 150 text for only five pounds per week call 08000776320 now or reply for delivery tomorrow,15/08/2023,vdwfv@gmail.com
ham,"Hello, my love! How goes that day ? I wish your well and fine babe and hope that you find some job prospects. I miss you, boytoy ... *a teasing kiss*",02/06/2024,tzjrf@gmail.com
ham,Tell my  bad character which u Dnt lik in me. I'll try to change in  &lt;#&gt; . I ll add tat 2 my new year resolution. Waiting for ur reply.Be frank...good morning.,09/05/2024,lmmsn@gmail.com
ham,No:-)i got rumour that you going to buy apartment in chennai:-),21/09/2024,wfzxz@gmail.com
ham,"Yeah, probably earlier than that",26/03/2024,upmib@gmail.com
ham,Change windows logoff sound..,26/07/2024,dswiw@gmail.com
ham,Still i have not checked it da. . .,23/09/2024,qxyjj@gmail.com
ham,I'm also came to room.,23/01/2022,wggor@gmail.com
ham,Huh but i got lesson at 4 lei n i was thinkin of going to sch earlier n i tot of parkin at kent vale...,17/05/2023,gxcnr@gmail.com
ham,Ok.,29/07/2022,ihdmd@gmail.com
ham,I will reach office around  &lt;DECIMAL&gt; . &amp; my mobile have problem. You cann't get my voice. So call you asa i'll free,30/11/2022,sheyz@gmail.com
ham,"Cool, text me when you head out",05/04/2024,jxvhv@gmail.com
spam,"You are being contacted by our dating service by someone you know! To find out who it is, call from a land line 09050000878. PoBox45W2TG150P",24/11/2023,bapoy@gmail.com
spam,"Wan2 win a Meet+Greet with Westlife 4 U or a m8? They are currently on what tour? 1)Unbreakable, 2)Untamed, 3)Unkempt. Text 1,2 or 3 to 83049. Cost 50p +std text",05/02/2022,qvuww@gmail.com
ham,Happy birthday... May u find ur prince charming soon n dun work too hard...,24/05/2022,blgzl@gmail.com
ham,"Oh, the grand is having a bit of a party but it doesn't mention any cover charge so it's probably first come first served",07/11/2024,uwioh@gmail.com
ham,You said to me before i went back to bed that you can't sleep for anything.,29/03/2022,vjhsf@gmail.com
ham,I hope you arnt pissed off but id would really like to see you tomorrow. Love me xxxxxxxxxxxxxX,17/09/2024,sdaez@gmail.com
spam,Dorothy@kiefer.com (Bank of Granite issues Strong-Buy) EXPLOSIVE PICK FOR OUR MEMBERS *****UP OVER 300% *********** Nasdaq Symbol CDGT That is a $5.00 per..,04/02/2022,omkpf@gmail.com
ham,says the  &lt;#&gt;  year old with a man and money. I'm down to my last  &lt;#&gt; . Still waiting for that check.,19/12/2022,kypad@gmail.com
ham,I will come to ur home now,09/04/2023,jsaer@gmail.com
ham,Free any day but i finish at 6 on mon n thurs...,27/06/2023,lnmor@gmail.com
ham,Will you be here for food,24/02/2024,ovzaz@gmail.com
ham,"life alle mone,eppolum oru pole allalo",02/11/2023,sfusx@gmail.com
ham,Nite...,14/12/2022,bnjvq@gmail.com
ham,"Two fundamentals of cool life: ""Walk, like you are the KING""...! OR ""Walk like you Dont care,whoever is the KING""!... Gud nyt",09/10/2023,zguqv@gmail.com
ham,"Camera quite good, 10.1mega pixels, 3optical and 5digital dooms. Have a lovely holiday, be safe and i hope you hav a good journey! Happy new year to you both! See you in a couple of weeks!",05/03/2022,qhlrg@gmail.com
ham,Hi Petey!noim ok just wanted 2 chat coz avent spoken 2 u 4 a long time-hope ur doin alrite.have good nit at js love ya am.x,22/03/2023,cgcqv@gmail.com
ham,I just saw ron burgundy captaining a party boat so yeah,25/11/2024,htkbu@gmail.com
ham,I'm serious. You are in the money base,26/08/2024,pfmkp@gmail.com
ham,Already one guy loving you:-.,14/12/2024,dodrf@gmail.com
ham,Staff of placement training in Amrita college.,08/10/2022,wtrzz@gmail.com
ham,I always chat with you. In fact i need money can you raise me?,14/03/2023,dntht@gmail.com
ham,I'm job profile seems like bpo..,03/12/2024,mnwff@gmail.com
ham,"Well, I was about to give up cos they all said no they didn‘t do one nighters. I persevered and found one but it is very cheap so i apologise in advance. It is just somewhere to sleep isnt it?",05/08/2022,esabo@gmail.com
ham,"So you think i should actually talk to him? Not call his boss in the morning? I went to this place last year and he told me where i could go and get my car fixed cheaper. He kept telling me today how much he hoped i would come back in, how he always regretted not getting my number, etc.",11/01/2024,sjyqf@gmail.com
ham,Are you willing to go for apps class.,16/10/2024,ytcdf@gmail.com
ham,Hanging out with my brother and his family,04/10/2024,rbkkx@gmail.com
ham,No it will reach by 9 only. She telling she will be there. I dont know,23/08/2024,maosa@gmail.com
ham,Hey... are you going to quit soon? Xuhui and i working till end of the month,03/04/2024,ayjbu@gmail.com
ham,"Im sorry bout last nite it wasnt ur fault it was me, spouse it was pmt or sumthin! U 4give me? I think u shldxxxx",11/04/2024,itzfn@gmail.com
ham,Try neva mate!!,12/11/2024,pguba@gmail.com
ham,Yeah that'd pretty much be the best case scenario,21/04/2023,rfpsc@gmail.com
ham,I not free today i haf 2 pick my parents up tonite...,31/01/2024,lobxw@gmail.com
ham,"HEY BABE! FAR 2 SPUN-OUT 2 SPK AT DA MO... DEAD 2 DA WRLD. BEEN SLEEPING ON DA SOFA ALL DAY, HAD A COOL NYTHO, TX 4 FONIN HON, CALL 2MWEN IM BK FRMCLOUD 9! J X",12/07/2023,zjzaw@gmail.com
ham,Should i send you naughty pix? :),22/10/2023,qwdsh@gmail.com
spam,"You are a £1000 winner or Guaranteed Caller Prize, this is our Final attempt to contact you! To Claim Call 09071517866 Now! 150ppmPOBox10183BhamB64XE",13/02/2022,tglof@gmail.com
spam,"Xmas & New Years Eve tickets are now on sale from the club, during the day from 10am till 8pm, and on Thurs, Fri & Sat night this week. They're selling fast!",08/04/2024,pflqh@gmail.com
ham,"Tyler (getting an 8th) has to leave not long after 9, can you get here in like an hour?",27/01/2023,dgpcp@gmail.com
ham,Prepare to be pounded every night...,18/02/2023,ujain@gmail.com
ham,"Actually, my mobile is full of msg. And i m doing a work online, where i need to send them  &lt;#&gt;  sent msg i wil explain u later.",06/04/2024,lmoim@gmail.com
ham,"Sorry, I'll call later",08/06/2023,crani@gmail.com
ham,Good evening! How are you?,16/09/2022,ddnwt@gmail.com
ham,I'm at home. Please call,04/05/2022,mnhgl@gmail.com
ham,Oic cos me n my sis got no lunch today my dad went out... So dunno whether 2 eat in sch or wat...,10/09/2022,ywdsc@gmail.com
ham,"Mmmmm ... It was sooooo good to wake to your words this morning, my Love!! Mmmm fuck ... I love you too, my Lion ... *devouring kiss from across the sea*",24/08/2022,oppho@gmail.com
ham,We are pleased to inform that your application for Airtel Broadband is processed successfully. Your installation will happen within 3 days.,09/01/2023,yukyg@gmail.com
ham,What happen dear. Why you silent. I am tensed,07/08/2022,qsbag@gmail.com
ham,"I'll get there at 3, unless you guys want me to come some time sooner",23/09/2023,pqckb@gmail.com
ham,If you are not coughing then its nothing,23/02/2022,dweyk@gmail.com
ham,Ü come lt 25 n pass to me lar,31/08/2024,gzhyd@gmail.com
ham,I'm e person who's doing e sms survey...,17/07/2024,klvxi@gmail.com
ham,Lol ok ill try to send. Be warned Sprint is dead slow. You'll prolly get it tomorrow,02/10/2022,mhtzh@gmail.com
ham,Thank You meet you monday,09/03/2022,axmxr@gmail.com
ham,SO IS TH GOWER MATE WHICH IS WHERE I AM!?! HOW R U MAN? ALL IS GOOD IN WALES ILL B BACK MORROW. C U THIS WK? WHO WAS THE MSG 4?  RANDOM!,23/04/2024,wpgss@gmail.com
spam,"Rock yr chik. Get 100's of filthy films &XXX pics on yr phone now. rply FILTH to 69669. Saristar Ltd, E14 9YT 08701752560. 450p per 5 days. Stop2 cancel",24/03/2024,rfgmw@gmail.com
ham,"Single line with a big meaning::::: ""Miss anything 4 ur ""Best Life"" but, don't miss ur best life for anything... Gud nyt...",13/09/2022,fbuas@gmail.com
ham,"I got like $ &lt;#&gt; , I can get some more later though. Get whatever you feel like",29/10/2024,bvcex@gmail.com
ham,"Dad wanted to talk about the apartment so I got a late start, omw now",02/04/2024,pmaiq@gmail.com
ham,I love you both too :-),26/08/2023,wspvy@gmail.com
ham,Lol u still feeling sick?,21/01/2022,viwdx@gmail.com
ham,Din i tell u jus now 420,22/01/2022,mwwnq@gmail.com
ham,am up to my eyes in philosophy,23/05/2023,yzhjw@gmail.com
spam,From next month get upto 50% More Calls 4 Ur standard network charge 2 activate Call 9061100010 C Wire3.net 1st4Terms PoBox84 M26 3UZ Cost £1.50 min MobcudB more,06/10/2023,rwmul@gmail.com
ham,Ok lor. I'm in town now lei.,25/09/2024,tyije@gmail.com
ham,I had it already..sabarish asked me to go..,17/03/2024,dybus@gmail.com
ham,No da. . Vijay going to talk in jaya tv,08/04/2024,krqbc@gmail.com
spam,URGENT! We are trying to contact U Todays draw shows that you have won a £800 prize GUARANTEED. Call 09050000460 from land line. Claim J89. po box245c2150pm,03/07/2024,yszkr@gmail.com
ham,Lol I know! Hey someone did a great inpersonation of flea on the forums. I love it!,04/09/2022,xbvyv@gmail.com
spam,Text BANNEDUK to 89555 to see! cost 150p textoperator g696ga 18+ XXX,04/09/2024,fhwra@gmail.com
ham,Still chance there. If you search hard you will get it..let have a try :),28/10/2023,urisi@gmail.com
spam,"Auction round 4. The highest bid is now £54. Next maximum bid is £71. To bid, send BIDS e. g. 10 (to bid £10) to 83383. Good luck.",16/11/2022,ysscw@gmail.com
ham,Do you always celebrate NY's with your family ?,04/06/2022,akarl@gmail.com
ham,"We know TAJ MAHAL as symbol of love. But the other lesser known facts 1. Mumtaz was Shahjahan's 4th wife, out of his 7 wifes. 2. Shahjahan killed Mumtaz's husband to marry her. 3. Mumtaz died in her  &lt;#&gt; th delivery. 4. He then married Mumtaz's sister. Question arises where the Hell is the LOVE?:-| -The Great Hari-",17/03/2023,pqpem@gmail.com
ham,Its ok..come to my home it vl nice to meet and v can chat..,19/05/2024,kxgmh@gmail.com
spam,Collect your VALENTINE'S weekend to PARIS inc Flight & Hotel + £200 Prize guaranteed! Text: PARIS to No: 69101. www.rtf.sphosting.com,28/03/2024,roflp@gmail.com
ham,Sent me de webadres for geting salary slip,01/09/2024,ihxai@gmail.com
ham,She's fine. Sends her greetings,16/09/2022,fsemd@gmail.com
spam,Customer Loyalty Offer:The NEW Nokia6650 Mobile from ONLY £10 at TXTAUCTION! Txt word: START to No: 81151 & get yours Now! 4T&Ctxt TC 150p/MTmsg,22/04/2022,hgxzb@gmail.com
ham,But you dint in touch with me.,22/01/2024,kdzyk@gmail.com
ham,"Yup, leaving right now, be back soon",21/11/2023,hzjpe@gmail.com
spam,You won't believe it but it's true. It's Incredible Txts! Reply G now to learn truly amazing things that will blow your mind. From O2FWD only 18p/txt,05/10/2023,helxr@gmail.com
ham,Yeah sure I'll leave in a min,09/08/2022,zkrcv@gmail.com
ham,And do you have any one that can teach me how to ship cars.,09/12/2024,fdebb@gmail.com
ham,"The sign of maturity is not when we start saying big things.. But actually it is, when we start understanding small things... *HAVE A NICE EVENING* BSLVYL",04/05/2022,ssrij@gmail.com
ham,Yeah confirmed for you staying at  that weekend,20/09/2024,ahyhp@gmail.com
ham,They said ü dun haf passport or smth like dat.. Or ü juz send to my email account..,24/11/2024,sfcxz@gmail.com
ham,"Multiply the numbers independently and count decimal points then, for the division, push the decimal places like i showed you.",16/07/2023,vyhez@gmail.com
ham,"Have a lovely night and when you wake up to see this message, i hope you smile knowing all is as should be. Have a great morning",09/09/2022,bfjvp@gmail.com
ham,Ard 4 lor...,09/07/2022,qcbxi@gmail.com
ham,You are right. Meanwhile how's project twins comin up,26/12/2024,ybauc@gmail.com
ham,I sent your maga that money yesterday oh.,25/06/2022,shukh@gmail.com
spam,Hi 07734396839 IBH Customer Loyalty Offer: The NEW NOKIA6600 Mobile from ONLY £10 at TXTAUCTION!Txt word:START to No:81151 & get Yours Now!4T&,28/07/2023,heirk@gmail.com
ham,Heart is empty without love.. Mind is empty without wisdom.. Eyes r empty without dreams &amp; Life is empty without frnds.. So Alwys Be In Touch. Good night &amp; sweet dreams,13/11/2022,dkcws@gmail.com
spam,I am hot n horny and willing I live local to you - text a reply to hear strt back from me 150p per msg Netcollex LtdHelpDesk: 02085076972 reply Stop to end,18/03/2023,rhdmr@gmail.com
ham,Our ride equally uneventful - not too many of those pesky cyclists around at that time of night ;).,08/10/2024,fdraf@gmail.com
ham,If you were/are free i can give. Otherwise nalla adi entey nattil kittum,08/12/2022,ykdub@gmail.com
ham,I've sent my wife your text. After we buy them she'll tell you what to do. So just relax. We should go get them this wkend.,10/09/2023,hztfr@gmail.com
ham,I am in escape theatre now. . Going to watch KAVALAN in a few minutes,24/03/2023,vzwwm@gmail.com
ham,How much would it cost to hire a hitman,25/02/2023,tpqqc@gmail.com
ham,I anything lor...,21/02/2023,bnqtp@gmail.com
ham,"Sorry, I'll call later",07/10/2022,toard@gmail.com
spam,Do you want a New Nokia 3510i Colour Phone Delivered Tomorrow? With 200 FREE minutes to any mobile + 100 FREE text + FREE camcorder Reply or Call 08000930705,14/04/2024,yrvxh@gmail.com
ham,Huh but i cant go 2 ur house empty handed right?,29/07/2022,omute@gmail.com
ham,Good morning princess! Happy New Year!,08/05/2022,fbspi@gmail.com
spam,Congratulations YOU'VE Won. You're a Winner in our August £1000 Prize Draw. Call 09066660100 NOW. Prize Code 2309.,14/07/2024,ogfdq@gmail.com
ham,"Aight, we'll head out in a few",29/08/2023,dfnva@gmail.com
ham,Then wat r u doing now? Busy wif work?,18/11/2023,gwbaa@gmail.com
ham,I know you mood off today,04/11/2023,elimg@gmail.com
ham,"Jay told me already, will do",30/03/2024,nevyk@gmail.com
ham,Cps is causing the outages to conserve energy.,23/04/2024,hbgfd@gmail.com
ham,"I'm not sure, I was just checking out what was happening around the area",23/04/2024,tjuhm@gmail.com
ham,Hey morning what you come to ask:-) pa...,05/08/2024,cbscn@gmail.com
ham,Jordan got voted out last nite!,17/06/2022,adbdk@gmail.com
ham,"That means you got an A in epi, she.s fine. She.s here now.",10/12/2024,wriaj@gmail.com
ham,I have no idea where you are,15/07/2024,mrrfk@gmail.com
ham,Pls come quick cant bare this.,27/09/2023,wvxqg@gmail.com
ham,Joy's father is John. Then John is the ____ of Joy's father. If u ans ths you hav  &lt;#&gt;  IQ. Tis s IAS question try to answer.,25/06/2024,rlxsa@gmail.com
ham,"Call me. I m unable to cal. Lets meet bhaskar, and deep",22/09/2023,hsurf@gmail.com
ham,No. I.ll meet you in the library,30/01/2024,vkvpg@gmail.com
ham,"K, my roommate also wants a dubsack and another friend may also want some so plan on bringing extra, I'll tell you when they know for sure",27/11/2023,ngsuo@gmail.com
ham,Depends on individual lor e hair dresser say pretty but my parents say look gong. U kaypoh.. I also dunno wat she collecting.,25/02/2022,hzvzp@gmail.com
ham,Ok c ü then.,13/02/2022,nrtzc@gmail.com
ham,I enjoy watching and playing football and basketball. Anything outdoors. And you?,28/08/2023,esyvh@gmail.com
ham,"Can you please ask macho what his price range is, does he want something new or used plus it he only interfued in the blackberry bold  &lt;#&gt;  or any bb",02/03/2024,ntyyj@gmail.com
ham,Sorry sent blank msg again. Yup but trying 2 do some serious studying now.,29/03/2024,aowpy@gmail.com
ham,Hey check it da. I have listed da.,22/02/2023,jcale@gmail.com
spam,8007 25p 4 Alfie Moon's Children in Need song on ur mob. Tell ur m8s. Txt TONE CHARITY to 8007 for nokias or POLY CHARITY for polys :zed 08701417012 profit 2 charity,23/06/2024,kugqy@gmail.com
ham,I meant as an apology from me for texting you to get me drugs at  &lt;#&gt; at night,23/08/2022,jmdok@gmail.com
ham,That means from february to april i'll be getting a place to stay down there so i don't have to hustle back and forth during audition season as i have since my sister moved away from harlem.,24/12/2024,ggcyi@gmail.com
ham,Goin to workout lor... Muz lose e fats...,03/10/2022,nfmpk@gmail.com
ham,"Damn, poor zac doesn't stand a chance",18/12/2022,uqjef@gmail.com
ham,No message..no responce..what happend?,11/12/2023,sbzdq@gmail.com
ham,I want to tel u one thing u should not mistake me k THIS IS THE MESSAGE THAT YOU SENT:),28/04/2023,sfmic@gmail.com
ham,Yeah right! I'll bring my tape measure fri!,09/09/2023,qzfxg@gmail.com
ham,Still chance there. If you search hard you will get it..let have a try :),30/05/2022,ddnmc@gmail.com
ham,Meeting u is my work. . . Tel me when shall i do my work tomorrow,21/01/2024,jfkos@gmail.com
ham,Should I head straight there or what,22/08/2023,tsbmc@gmail.com
spam,Get the official ENGLAND poly ringtone or colour flag on yer mobile for tonights game! Text TONE or FLAG to 84199. Optout txt ENG STOP Box39822 W111WX £1.50,18/12/2023,xpcbq@gmail.com
ham,Thank you princess! You are so sexy...,30/12/2024,cspyc@gmail.com
ham,Oooh I got plenty of those!,28/09/2023,ixesg@gmail.com
ham,Hui xin is in da lib.,03/05/2024,fwdfb@gmail.com
ham,Its a big difference.  &lt;#&gt;  versus  &lt;#&gt;  every  &lt;#&gt; hrs,27/09/2023,hyvmp@gmail.com
ham,"It's not that you make me cry. It's just that when all our stuff happens on top of everything else, it pushes me over the edge. You don't underdtand how often i cry over my sorry, sorry life.",03/05/2024,mmqen@gmail.com
ham,ME 2 BABE I FEEL THE SAME LETS JUST 4GET ABOUT IT+BOTH TRY +CHEER UP+NOT FIT SOO MUCHXXLOVE U LOCAXX,22/07/2024,rgcpn@gmail.com
ham,You know what hook up means right?,24/01/2022,zrgun@gmail.com
spam,"Customer service announcement. We recently tried to make a delivery to you but were unable to do so, please call 07090298926 to re-schedule. Ref:9307622",24/03/2023,ovtbq@gmail.com
ham,Wat's da model num of ur phone?,10/11/2023,xmdtd@gmail.com
ham,He's really into skateboarding now despite the fact that he gets thrown off of it and winds up with bandages and shit all over his arms every five minutes,11/02/2022,vihno@gmail.com
spam,"You can stop further club tones by replying ""STOP MIX"" See my-tone.com/enjoy. html for terms. Club tones cost GBP4.50/week. MFL, PO Box 1146 MK45 2WT (2/3)",09/11/2022,fcdun@gmail.com
ham,My house here e sky quite dark liao... If raining then got excuse not 2 run already rite... Hee...,03/08/2024,nseds@gmail.com
ham,"Sorry, left phone upstairs. OK, might be hectic but would be all my birds with one fell swoop. It's a date.",19/11/2022,zynhf@gmail.com
ham,* Thought I didn't see you.,09/07/2024,zvalc@gmail.com
spam,wamma get laid?want real doggin locations sent direct to your mobile? join the UKs largest dogging network. txt dogs to 69696 now!nyt. ec2a. 3lp £1.50/msg.,23/11/2022,xppdk@gmail.com
ham,Carlos says we can pick up from him later so yeah we're set,11/05/2023,ywfdk@gmail.com
ham,"Hey babe, my friend had to cancel, still up for a visit ?",07/11/2024,tnjro@gmail.com
ham,As per your request 'Maangalyam (Alaipayuthe)' has been set as your callertune for all Callers. Press *9 to copy your friends Callertune,09/07/2022,rbobo@gmail.com
ham,Hmm ill have to think about it... ok you're forgiven! =D,28/02/2024,kyque@gmail.com
ham,"We are hoping to get away by 7, from Langport. You still up for town tonight?",23/05/2022,oauxj@gmail.com
ham,Want to send me a virtual hug?... I need one,18/08/2023,uaesl@gmail.com
ham,"Probably not, still going over some stuff here",11/03/2023,sfpjf@gmail.com
ham,It has issues right now. Ill fix for her by tomorrow.,28/03/2024,edywe@gmail.com
ham,Why i come in between you people,17/08/2023,skstw@gmail.com
ham,Senthil group company Apnt 5pm.,27/06/2023,fojvf@gmail.com
ham,Oh really?? Did you make it on air? What's your talent?,01/08/2023,zfscl@gmail.com
ham,Studying. But i.ll be free next weekend.,12/12/2023,iiaxq@gmail.com
ham,R u here yet? I'm wearing blue shirt n black pants.,19/05/2022,zkquu@gmail.com
ham,Wait.i will come out.. &lt;#&gt;  min:),10/05/2022,bftss@gmail.com
ham,I will reach ur home in  &lt;#&gt;  minutes,11/01/2024,qffij@gmail.com
ham,Well then you have a great weekend!,24/09/2024,xdpfp@gmail.com
ham,"What are you doing in langport? Sorry, but I'll probably be in bed by 9pm. It sucks being ill at xmas! When do you and go2sri lanka?",28/06/2024,lnfsd@gmail.com
ham,"Frnd s not juz a word.....not merely a relationship.....its a silent promise which says ... "" I will be with YOU "" Wherevr.. Whenevr.. Forevr... Gudnyt dear..",15/11/2024,pwwkg@gmail.com
ham,Huh? 6 also cannot? Then only how many mistakes?,07/02/2023,fngxd@gmail.com
ham,Ha... U jus ate honey ar? So sweet...,23/04/2022,sgzkv@gmail.com
ham,I'm turning off my phone. My moms telling everyone I have cancer. And my sister won't stop calling. It hurts to talk. Can't put up with it. See u when u get home. Love u,14/06/2023,urqyq@gmail.com
ham,"Honey ? Sweetheart ? Darling ? Sexy buns ? Sugar plum ? Loverboy ? I miss you, boytoy ... *smacks your ass* Did you go to the gym too ?",24/03/2022,oyxqm@gmail.com
ham,Thanks for loving me so. You rock,10/01/2024,gogni@gmail.com
ham,Yeah imma come over cause jay wants to do some drugs,13/08/2024,dvraj@gmail.com
ham,Ok thanx... Take care then...,08/10/2024,mjhrc@gmail.com
ham,Yup. Thk of u oso boring wat.,25/10/2023,bbubk@gmail.com
ham,"came to look at the flat, seems ok, in his 50s? * Is away alot wiv work. Got woman coming at 6.30 too.",23/11/2023,tctij@gmail.com
ham,Moji just informed me that you saved our lives. Thanks.,24/04/2023,jahct@gmail.com
spam,You have won a Nokia 7250i. This is what you get when you win our FREE auction. To take part send Nokia to 86021 now. HG/Suite342/2Lands Row/W1JHL 16+,04/06/2022,kocco@gmail.com
ham,Whos this am in class:-),23/09/2023,smayk@gmail.com
ham,Hey r ü still online? I've finished the formatting...,14/04/2022,oqaoz@gmail.com
ham,Great! So what attracts you to the brothas?,20/01/2023,tbwsx@gmail.com
spam,Promotion Number: 8714714 - UR awarded a City Break and could WIN a £200 Summer Shopping spree every WK. Txt STORE to 88039 . SkilGme. TsCs087147403231Winawk!Age16 £1.50perWKsub,25/06/2024,oxidx@gmail.com
ham,Stupid.its not possible,26/07/2024,qcvhl@gmail.com
ham,I cant pick the phone right now. Pls send a message,25/10/2024,odqqo@gmail.com
ham,LOL what happens in Vegas stays in vegas,14/06/2023,emiuw@gmail.com
ham,"Hello, hello, hi lou sorry it took so long 2 reply- I left mobile at friends in Lancaster, just got it bak Neway im sorry I couldnt make ur bday 2 hun!",12/11/2023,zkgvh@gmail.com
ham,When did i use soc... I use it only at home... Ü dunno how 2 type it in word ar...,20/10/2024,hgeeu@gmail.com
ham,Dad says hurry the hell up,02/03/2024,ixqup@gmail.com
ham,Wake me up at  &lt;#&gt;  am morning:),03/04/2024,nceqv@gmail.com
ham,"I get out of class in bsn in like  &lt;#&gt;  minutes, you know where advising is?",29/01/2024,bghbi@gmail.com
ham,Great! I shoot big loads so get ready!,08/12/2022,kqwqy@gmail.com
ham,I'll meet you in the lobby,28/11/2022,pfllr@gmail.com
ham,You still coming tonight?,21/04/2023,ihbgg@gmail.com
ham,What happen dear tell me,13/11/2024,kewtu@gmail.com
ham,"Sir, i am waiting for your call, once free please call me.",23/09/2024,scwbm@gmail.com
ham,No i am not having not any movies in my laptop,19/01/2022,vatgd@gmail.com
ham,I was about to do it when i texted. I finished a long time ago and showered and er'ything!,18/06/2022,vbblc@gmail.com
ham,Ok im not sure what time i finish tomorrow but i wanna spend the evening with you cos that would be vewy vewy lubly! Love me xxx,20/11/2022,fqzwd@gmail.com
ham,"Hello, As per request from  &lt;#&gt;  Rs.5 has been transfered to you",20/02/2024,svqfc@gmail.com
ham,I am in tirupur.  call you da.,07/11/2023,jyoxm@gmail.com
spam,You are a winner you have been specially selected to receive £1000 cash or a £2000 award. Speak to a live operator to claim call 087147123779am-7pm. Cost 10p,24/02/2022,roqqv@gmail.com
ham,S:)but he had some luck.2 catches put down:),09/11/2023,zfwus@gmail.com
ham,How i noe... Did ü specify da domain as nusstu... Ü still in sch...,21/07/2024,ccdgu@gmail.com
ham,Oh...i asked for fun. Haha...take care. ü,29/04/2022,usiyt@gmail.com
ham,Shall i get my pouch?,10/03/2022,eiysc@gmail.com
ham,Hey loverboy! I love you !! I had to tell ... I look at your picture and ache to feel you between my legs ... Fuck I want you ... I need you ... I crave you .,24/02/2023,yvvvw@gmail.com
ham,"How is my boy? No sweet words left for me this morning ... *sighs* ... How goes you day, my love ? Did you start your studying?",23/06/2024,wrjcv@gmail.com
ham,Kent vale lor... Ü wait 4 me there ar?,01/01/2023,oytri@gmail.com
ham,Ok. Very good. Its all about making that money.,14/01/2023,awwib@gmail.com
ham,Reading gud habit.. Nan bari hudgi yorge pataistha ertini kano:-),16/07/2024,narqk@gmail.com
ham,Aight do you still want to get money,23/08/2022,xavml@gmail.com
spam,Free Top ringtone -sub to weekly ringtone-get 1st week free-send SUBPOLY to 81618-?3 per week-stop sms-08718727870,20/01/2023,xcngd@gmail.com
ham,Ok.ok ok..then..whats ur todays plan,13/01/2024,yduur@gmail.com
ham,ARE YOU IN TOWN? THIS IS V. IMPORTANT,09/06/2023,fhiuo@gmail.com
ham,"Sorry pa, i dont knw who ru pa?",29/01/2022,hvbwd@gmail.com
ham,Wat u doing there?,03/07/2023,xklgh@gmail.com
ham,If i not meeting ü all rite then i'll go home lor. If ü dun feel like comin it's ok.,15/11/2022,vdhac@gmail.com
ham,"Oh, i will get paid. The most outstanding one is for a commercial i did for Hasbro...in AUGUST! They made us jump through so many hoops to get paid. Still not.",01/03/2022,fcuks@gmail.com
ham,"I am late,so call you tomorrow morning.take care sweet dreams....u and me...ummifying...bye.",24/12/2023,afljn@gmail.com
ham,Networking technical support associate.,29/11/2022,wqhbn@gmail.com
ham,I'm gonna rip out my uterus.,03/07/2023,dhsdu@gmail.com
ham,Cool. Do you like swimming? I have a pool and jacuzzi at my house.,08/06/2022,wxwku@gmail.com
spam,"Thanks for your ringtone order, reference number X49. Your mobile will be charged 4.50. Should your tone not arrive please call customer services 09065989182. From: [colour=red]text[/colour]TXTstar",27/02/2023,ebhri@gmail.com
ham,"Yeah why not, is the gang all ready",16/06/2024,qmibv@gmail.com
ham,Blank is Blank. But wat is blank? Lol,22/02/2023,zubpl@gmail.com
ham,I'm in a movie... Collect car oredi...,27/04/2022,qpsnn@gmail.com
ham,We left already we at orchard now.,23/05/2024,hkyvc@gmail.com
spam,"Hi there, 2nights ur lucky night! Uve been invited 2 XCHAT, the Uks wildest chat! Txt CHAT to 86688 now! 150p/MsgrcvdHG/Suite342/2Lands/Row/W1J6HL LDN 18yrs",20/09/2022,akdal@gmail.com
ham,Nothing spl..wat abt u and whr ru?,22/01/2024,asaxz@gmail.com
ham,No chikku nt yet.. Ya i'm free,09/07/2022,uirlc@gmail.com
ham,"Aldrine, rakhesh ex RTM here.pls call.urgent.",18/08/2023,opskh@gmail.com
ham,The search 4 happiness is 1 of d main sources of unhappiness! Accept life the way it comes! U will find happiness in every moment u live.,25/08/2024,hygbm@gmail.com
ham,I'm at home. Please call,02/01/2023,dtsme@gmail.com
ham,"I guess you could be as good an excuse as any, lol.",13/08/2024,yrymh@gmail.com
ham,"Isn't frnd a necesity in life? imagine urself witout a frnd.. hw'd u feel at ur colleg? wat'll u do wth ur cell? wat abt functions? thnk abt events espe'll cared, missed &amp; irritated u? 4wrd it to all those dear-loving frnds wthout whom u cant live.. I jst did it.. Takecare..:) GOODMORNING",28/09/2024,tkfwq@gmail.com
ham,Gud mrng dear hav a nice day,21/09/2024,qmkpg@gmail.com
ham,Old Orchard near univ. How about you?,24/12/2022,ndhwy@gmail.com
ham,"4 tacos + 1 rajas burrito, right?",03/12/2022,pkiul@gmail.com
ham,"It‘s £6 to get in, is that ok?",28/05/2023,ieizz@gmail.com
ham,Hows the street where the end of library walk is?,19/07/2024,ulrif@gmail.com
ham,"Plz note: if anyone calling from a mobile Co. &amp; asks u to type # &lt;#&gt;  or # &lt;#&gt; . Do not do so. Disconnect the call,coz it iz an attempt of 'terrorist' to make use of the sim card no. Itz confirmd by nokia n motorola n has been verified by CNN IBN.",10/07/2024,uhxen@gmail.com
ham,We stopped to get ice cream and will go back after,22/08/2023,aagmv@gmail.com
ham,Did you stitch his trouser,18/02/2022,xzzjo@gmail.com
ham,No da. . Vijay going to talk in jaya tv,24/11/2022,hdayh@gmail.com
spam,2/2 146tf150p,20/07/2023,wicnq@gmail.com
ham,Hey i'm bored... So i'm thinking of u... So wat r u doing?,04/02/2024,xzqad@gmail.com
ham,"Nah, Wednesday. When should I bring the mini cheetos bag over?",24/02/2022,uwzgs@gmail.com
ham,Nobody names their penis a girls name this story doesn't add up at all,02/07/2023,wzywo@gmail.com
ham,"Aight, let me know when you're gonna be around usf",12/04/2024,qmjvc@gmail.com
ham,I'm not. She lip synced with shangela.,09/09/2023,ygppi@gmail.com
ham,Ü neva tell me how i noe... I'm not at home in da aft wat...,24/10/2023,kinzd@gmail.com
ham,"A bit of Ur smile is my hppnss, a drop of Ur tear is my sorrow, a part of Ur heart is my life, a heart like mine wil care for U, forevr as my GOODFRIEND",05/10/2022,ekboh@gmail.com
spam,Dear Voucher Holder 2 claim your 1st class airport lounge passes when using Your holiday voucher call 08704439680. When booking quote 1st class x 2,08/08/2022,kujmq@gmail.com
ham,"Buzz! Hey, my Love ! I think of you and hope your day goes well. Did you sleep in ? I miss you babe. I long for the moment we are together again*loving smile*",21/12/2024,izgia@gmail.com
ham,"Haha... Sounds crazy, dunno can tahan anot...",26/08/2024,ialry@gmail.com
ham,Why are u up so early?,22/10/2022,hjxah@gmail.com
ham,Ya that one is slow as poo,13/06/2022,sofqx@gmail.com
spam,Bloomberg -Message center +447797706009 Why wait? Apply for your future http://careers. bloomberg.com,02/06/2023,bujgk@gmail.com
ham,Im on gloucesterroad what are uup to later?,16/08/2024,dmsot@gmail.com
ham,Yes:)here tv is always available in work place..,27/02/2023,spcxs@gmail.com
spam,YES! The only place in town to meet exciting adult singles is now in the UK. Txt CHAT to 86688 now! 150p/Msg.,10/08/2024,zuynk@gmail.com
ham,Lol no ouch but wish i'd stayed out a bit longer,01/01/2023,hgsin@gmail.com
ham,"GOD ASKED, ""What is forgiveness?"" A little child gave lovely reply, ""It is d wonderful fruit that a tree gives when it is being hurt by a stone.. Good night......",09/06/2022,rlygz@gmail.com
ham,We'll join the  &lt;#&gt;  bus,29/09/2024,qfwfk@gmail.com
ham,Was just about to ask. Will keep this one. Maybe that's why you didn't get all the messages we sent you on glo,07/12/2023,nyjey@gmail.com
spam,FREE for 1st week! No1 Nokia tone 4 ur mob every week just txt NOKIA to 8007 Get txting and tell ur mates www.getzed.co.uk POBox 36504 W45WQ norm150p/tone 16+,16/12/2023,gzddm@gmail.com
ham,K.i will send in  &lt;#&gt;  min:),26/07/2024,ohiyc@gmail.com
ham,Would me smoking you out help us work through this difficult time,07/02/2024,zmsaj@gmail.com
spam,"Someone U know has asked our dating service 2 contact you! Cant guess who? CALL 09058095107 NOW all will be revealed. POBox 7, S3XY 150p",01/04/2022,sqmxt@gmail.com
ham,Yes.mum lookin strong:),26/01/2024,tklcr@gmail.com
ham,"Sir Goodmorning, Once free call me.",24/07/2023,ijxcc@gmail.com
ham,Where are you call me.,17/11/2024,hslay@gmail.com
ham,Was gr8 to see that message. So when r u leaving? Congrats dear. What school and wat r ur plans.,04/12/2023,guzam@gmail.com
ham,Love it! The girls at the office may wonder why you are smiling but sore...,13/04/2023,fcjvg@gmail.com
ham,"Hi, wlcome back, did wonder if you got eaten by a lion or something, nothing much",05/01/2022,vytip@gmail.com
ham,Does uncle timi help in clearing cars,03/05/2024,eozfw@gmail.com
ham,I came hostel. I m going to sleep. Plz call me up before class. Hrishi.,26/11/2024,shcco@gmail.com
ham,Ok... But bag again..,08/05/2022,fbzzf@gmail.com
ham,Hi! You just spoke to MANEESHA V. We'd like to know if you were satisfied with the experience. Reply Toll Free with Yes or No.,28/03/2023,inmsz@gmail.com
ham,Ok lor. Msg me b4 u call.,17/12/2023,axkhn@gmail.com
spam,"Mila, age23, blonde, new in UK. I look sex with UK guys. if u like fun with me. Text MTALK to 69866.18 . 30pp/txt 1st 5free. £1.50 increments. Help08718728876",04/07/2024,rfoqb@gmail.com
ham,"Once a fishrman woke early in d mrng. It was very dark. He waited a while &amp; found a sack ful of stones. He strtd throwin thm in2 d sea 2 pass time. Atlast he had jus 1stone, sun rose up &amp; he found out tht those r nt stones, those were diamonds. Moral:""Dont wake up early in d mrng'' GOOD night",06/10/2022,zlwez@gmail.com
spam,"Claim a 200 shopping spree, just call 08717895698 now! Have you won! MobStoreQuiz10ppm",09/10/2024,qyvzt@gmail.com
ham,Then ur physics get a-?,06/03/2022,buhnl@gmail.com
ham,"Dear friends, sorry for the late information. Today is the birthday of our loving Ar.Praveesh. for more details log on to face book and see. Its his number + &lt;#&gt; . Dont miss a delicious treat.",29/11/2024,yuvue@gmail.com
ham,How r ü going to send it to me?,18/02/2022,fjqdj@gmail.com
ham,Can you do online transaction?,18/03/2023,hpghq@gmail.com
ham,Dear got train and seat mine lower seat,07/04/2022,xvras@gmail.com
ham,Let me know if you need anything else. Salad or desert or something... How many beers shall i get?,10/03/2023,clnoa@gmail.com
ham,Wat r u doing?,07/03/2024,jnpoz@gmail.com
ham,WHORE YOU ARE UNBELIEVABLE.,11/04/2023,edefv@gmail.com
spam,"Want to funk up ur fone with a weekly new tone reply TONES2U 2 this text. www.ringtones.co.uk, the original n best. Tones 3GBP network operator rates apply",04/01/2024,hbbjv@gmail.com
ham,"Are you sure you don't mean ""get here, we made you hold all the weed""",23/01/2024,coatj@gmail.com
ham,"I love you !!! You know? Can you feel it? Does it make your belly warm? I wish it does, my love ... I shall meet you in your dreams, Ahmad ... *adoring kiss*",09/10/2023,hddol@gmail.com
spam,"Twinks, bears, scallies, skins and jocks are calling now. Don't miss the weekend's fun. Call 08712466669 at 10p/min. 2 stop texts call 08712460324(nat rate)",28/07/2024,lcgyz@gmail.com
ham,Love it! I want to flood that pretty pussy with cum...,19/03/2023,wsmlz@gmail.com
ham,Hey are you angry with me. Reply me dr.,07/06/2022,abyjn@gmail.com
ham,"Short But Cute: ""Be a good person, but dont try to prove it.."" .Gud noon....",28/03/2024,eetva@gmail.com
ham,Also remember the beads don't come off. Ever.,06/09/2024,zifvp@gmail.com
ham,They have a thread on the wishlist section of the forums where ppl post nitro requests. Start from the last page and collect from the bottom up.,21/09/2022,qzday@gmail.com
ham,For The First Time In The History 'Need' 'Comfort' And 'Luxury' Are Sold At Same Price In India..!! Onion-Rs. &lt;#&gt;  Petrol-Rs. &lt;#&gt;  Beer-Rs. &lt;#&gt;  SHESIL  &lt;#&gt;,20/07/2023,wnomz@gmail.com
ham,"Feb  &lt;#&gt;  is ""I LOVE U"" day. Send dis to all ur ""VALUED FRNDS"" evn me. If 3 comes back u'll gt married d person u luv! If u ignore dis u will lose ur luv 4 Evr",20/09/2024,vxqpy@gmail.com
ham,"Actually nvm, got hella cash, we still on for  &lt;#&gt; ish?",07/07/2024,jmppt@gmail.com
spam,We tried to contact you re your reply to our offer of a Video Handset? 750 anytime any networks mins? UNLIMITED TEXT? Camcorder? Reply or call 08000930705 NOW,18/10/2024,rjllh@gmail.com
ham,"It's ok, at least armand's still around",03/04/2024,bwhyg@gmail.com
ham,No da. I am happy that we sit together na,27/11/2022,athex@gmail.com
ham,Yup song bro. No creative. Neva test quality. He said check review online.,23/10/2024,oiury@gmail.com
ham,"No dude, its not fake..my frnds got money, thts y i'm reffering u..if u member wit my mail link, u vl be credited  &lt;#&gt; rs and il be getiing  &lt;#&gt; rs..i can draw my acc wen it is  &lt;#&gt; rs..",04/08/2024,ubkru@gmail.com
ham,Dude while were makin those weirdy brownies my sister made awesome cookies. I took pics.,22/04/2023,axger@gmail.com
spam,URGENT! We are trying to contact you. Last weekends draw shows that you have won a £900 prize GUARANTEED. Call 09061701851. Claim code K61. Valid 12hours only,29/05/2024,kvazy@gmail.com
ham,Pls dont restrict her from eating anythin she likes for the next two days.,12/11/2024,rwgfo@gmail.com
ham,Mm you ask him to come its enough :-),03/09/2022,khbvq@gmail.com
ham,At the funeral home with Audrey and dad,24/11/2022,lfmhi@gmail.com
ham,"Aight, can you text me the address?",23/06/2022,ohahx@gmail.com
ham,Excellent! Wish we were together right now!,16/09/2023,tzehj@gmail.com
ham,Yep then is fine 7.30 or 8.30 for ice age.,06/01/2022,lemyy@gmail.com
ham,Pls i wont belive god.not only jesus.,18/01/2022,vxazv@gmail.com
ham,Can. Dunno wat to get 4 her...,22/12/2024,bhfdx@gmail.com
ham,"Not yet chikku..k, then wat abt tht guy did he stopped irritating or msging to u..",26/11/2022,afsjg@gmail.com
ham,How long does it take to get it.,30/01/2022,ycvau@gmail.com
ham,This is my number by vivek..,30/03/2022,goxqj@gmail.com
spam,74355 XMAS iscoming & ur awarded either £500 CD gift vouchers & free entry 2 r £100 weekly draw txt MUSIC to 87066 TnC,19/10/2024,crprp@gmail.com
ham,"sorry brah, just finished the last of my exams, what up",21/06/2023,fgznq@gmail.com
ham,"I got arrested for possession at, I shit you not,  &lt;TIME&gt;  pm",14/08/2023,iwgbf@gmail.com
ham,You are right though. I can't give you the space you want and need. This is really starting to become an issue. I was going to suggest setting a definite move out--if i'm still there-- after greece. But maybe you are ready and should do it now.,26/09/2022,iqhui@gmail.com
ham,Just normal only here :),14/09/2023,xelsr@gmail.com
ham,"Please protect yourself from e-threats. SIB never asks for sensitive information like Passwords,ATM/SMS PIN thru email. Never share your password with anybody.",29/01/2023,forcc@gmail.com
ham,I miss you so much I'm so desparate I have recorded the message you left for me the other day and listen to it just to hear the sound of your voice. I love you,12/05/2023,hogdp@gmail.com
ham,Hi. I'm always online on yahoo and would like to chat with you someday,06/11/2022,mnscq@gmail.com
ham,"Goodmorning,my grandfather expired..so am on leave today.",13/09/2022,hdypd@gmail.com
spam,Congratulations U can claim 2 VIP row A Tickets 2 C Blu in concert in November or Blu gift guaranteed Call 09061104276 to claim TS&Cs www.smsco.net cost£3.75max,25/05/2024,qtwqj@gmail.com
ham,Where are you ? What are you doing ? Are yuou working on getting the pc to your mom's ? Did you find a spot that it would work ? I need you,03/06/2023,mfdwe@gmail.com
ham,"Sure, I'll see if I can come by in a bit",02/02/2022,mkfin@gmail.com
ham,I agree. So i can stop thinkin about ipad. Can you please ask macho the same question.,21/06/2022,igasl@gmail.com
ham,Let's pool our money together and buy a bunch of lotto tickets. If we win I get &lt;#&gt; % u get &lt;#&gt; %. Deal?,12/11/2023,bniab@gmail.com
ham,Ok.,03/07/2022,lsrvi@gmail.com
ham,I had askd u a question some hours before. Its answer,26/04/2024,fccdy@gmail.com
ham,Watching tv lor. Nice one then i like lor.,13/12/2024,poopj@gmail.com
ham,I'm thinking that chennai forgot to come for auction..,30/05/2023,absju@gmail.com
ham,Then ü come n pick me at 530 ar?,14/07/2022,vaiar@gmail.com
ham,Early bird! Any purchases yet?,20/06/2022,tfhkm@gmail.com
ham,Went to pay rent. So i had to go to the bank to authorise the payment.,05/04/2024,jumzv@gmail.com
ham,"Erm … ill pick you up at about 6.45pm. That'll give enough time to get there, park and that.",22/05/2024,eoqwu@gmail.com
ham,HEY MATE! HOWS U HONEY?DID U AVE GOOD HOLIDAY? GIMMI DE GOSS!x,23/06/2023,gfxoa@gmail.com
ham,Howz pain.it will come down today.do as i said ystrday.ice and medicine.,07/11/2024,hymgx@gmail.com
ham,"chile, please! It's only a  &lt;DECIMAL&gt;  hour drive for me. I come down all the time and will be subletting feb-april for audition season.",17/07/2023,sczeg@gmail.com
ham,Yes ammae....life takes lot of turns you can only sit and try to hold the steering...,02/01/2023,muywg@gmail.com
ham,"Yeah that's what I thought, lemme know if anything's goin on later",12/03/2024,kghcw@gmail.com
ham,Mmmm.... I cant wait to lick it!,05/06/2023,cyizy@gmail.com
ham,Pls go there today  &lt;#&gt; . I dont want any excuses,28/11/2024,mvbby@gmail.com
spam,"Fantasy Football is back on your TV. Go to Sky Gamestar on Sky Active and play £250k Dream Team. Scoring starts on Saturday, so register now!SKY OPT OUT to 88088",18/09/2024,xffzs@gmail.com
ham,Can you plz tell me the ans. BSLVYL sent via fullonsms.com,20/04/2023,editd@gmail.com
ham,U in town alone?,18/06/2023,nzpyh@gmail.com
ham,I to am looking forward to all the sex cuddling.. Only two more sleeps,25/12/2023,hxrdy@gmail.com
ham,We have all rounder:)so not required:),29/05/2024,ntnia@gmail.com
ham,"No, its true..k,Do u knw dis no. &lt;#&gt; ?",13/06/2022,mnaei@gmail.com
ham,"Dont worry, 1 day very big lambu ji vl come..til then enjoy batchlor party:-)",03/05/2022,njsgl@gmail.com
ham,oh ya... Got hip hop open. Haha i was thinking can go for jazz then zoom to cine... Actually tonight i'm free leh... And there's a kb lesson tonight,13/06/2022,wltha@gmail.com
spam,Free msg: Single? Find a partner in your area! 1000s of real people are waiting to chat now!Send CHAT to 62220Cncl send STOPCS 08717890890£1.50 per msg,28/01/2022,gefhr@gmail.com
ham,I'm ok. Will do my part tomorrow,30/08/2023,bvqza@gmail.com
ham,"No! But we found a diff farm shop to buy some cheese. On way back now, can i call in?",24/08/2023,nbijq@gmail.com
ham,R u still working now?,07/10/2023,emugl@gmail.com
spam,"Win the newest Harry Potter and the Order of the Phoenix (Book 5) reply HARRY, answer 5 questions - chance to be the first among readers!",29/08/2024,yatub@gmail.com
ham,Yep. I do like the pink furniture tho.,19/09/2023,sdray@gmail.com
spam,Free Msg: Ringtone!From: http://tms. widelive.com/index. wml?id=1b6a5ecef91ff9*37819&first=true18:0430-JUL-05,27/05/2022,vxkxx@gmail.com
ham,"Customer place, i wil cal u sir.",30/03/2024,nmzfy@gmail.com
spam,"Oh my god! I've found your number again! I'm so glad, text me back xafter this msgs cst std ntwk chg £1.50",23/01/2022,rzdgg@gmail.com
ham,A pure hearted person can have a wonderful smile that makes even his/her enemies to feel guilty for being an enemy.. So catch the world with your smile..:) GOODMORNING &amp; HAVE A SMILEY SUNDAY..:),13/05/2023,wmket@gmail.com
ham,"THATS ALRITE GIRL, U KNOW GAIL IS NEVA WRONG!!TAKE CARE SWEET AND DONT WORRY.C U L8TR HUN!LOVE Yaxxx",22/03/2024,kwwzv@gmail.com
ham,"Theoretically yeah, he could be able to come",17/01/2024,celez@gmail.com
ham,"Alright we're hooked up, where you guys at",17/08/2023,iitsk@gmail.com
ham,"not that I know of, most people up here are still out of town",07/02/2024,tyooe@gmail.com
ham,No let me do the math. Your not good at it.,19/07/2022,hryjq@gmail.com
ham,Oh ok wait 4 me there... My lect havent finish,07/01/2023,psukz@gmail.com
ham,Yeah my usual guy's out of town but there're definitely people around I know,07/06/2023,bfjhx@gmail.com
ham,I am joining today formally.Pls keep praying.will talk later.,25/06/2022,mazth@gmail.com
ham,"Happy or sad , one thing about past is- ""Its no more"" GOOD MORNING :-):-).",17/09/2023,blnsm@gmail.com
ham,No. Did you multimedia message them or e-mail?,09/06/2023,fhiyw@gmail.com
ham,Okie but i scared u say i fat... Then u dun wan me already...,15/01/2023,bhxlr@gmail.com
ham,did u get that message,17/03/2022,pkvqg@gmail.com
ham,"Sorry sir, i will call you tomorrow.  senthil.hsbc",02/09/2023,nfllx@gmail.com
ham,What you need. You have a person to give na.,15/10/2024,jmnlg@gmail.com
ham,She left it very vague. She just said she would inform the person in accounting about the delayed rent and that i should discuss with the housing agency about my renting another place. But checking online now and all places around usc are  &lt;#&gt;  and up,23/08/2023,wspsu@gmail.com
ham,Hi juan. Im coming home on fri hey. Of course i expect a welcome party and lots of presents. Ill phone u when i get back. Loads of love nicky x x x x x x x x x,03/08/2023,fsktm@gmail.com
ham,Can you plz tell me the ans. BSLVYL sent via fullonsms.com,03/07/2024,nyhio@gmail.com
ham,"Short But Cute: ""Be a good person, but dont try to prove it.."" .Gud noon....",19/01/2024,flkcj@gmail.com
ham,"Gumby's has a special where a  &lt;#&gt; "" cheese pizza is $2 so I know what we're doin tonight",04/03/2023,gnthk@gmail.com
spam,A link to your picture has been sent. You can also use http://alto18.co.uk/wave/wave.asp?o=44345,16/03/2024,uqgql@gmail.com
ham,Like a personal sized or what,06/04/2022,pgsze@gmail.com
ham,"Same, I'm at my great aunts anniversary party in tarpon springs",08/05/2024,jqrnb@gmail.com
ham,Cab is available.they pick up and drop at door steps.,02/07/2023,aohui@gmail.com
ham,ok....take care.umma to you too...,23/07/2022,rkufw@gmail.com
ham,Unlimited texts. Limited minutes.,09/09/2023,luwip@gmail.com
spam,"Double Mins & 1000 txts on Orange tariffs. Latest Motorola, SonyEricsson & Nokia with Bluetooth FREE! Call MobileUpd8 on 08000839402 or call2optout/HF8",19/10/2022,pxvek@gmail.com
ham,No problem. We will be spending a lot of quality time together...,22/12/2022,pekpg@gmail.com
spam,URGENT This is our 2nd attempt to contact U. Your £900 prize from YESTERDAY is still awaiting collection. To claim CALL NOW 09061702893. ACL03530150PM,28/02/2024,abzbh@gmail.com
ham,Have you heard from this week?,30/01/2022,gdzeq@gmail.com
spam,Dear Dave this is your final notice to collect your 4* Tenerife Holiday or #5000 CASH award! Call 09061743806 from landline. TCs SAE Box326 CW25WX 150ppm,22/12/2023,fwxnf@gmail.com
ham,Yes. Last  practice,26/10/2024,kfikl@gmail.com
spam,tells u 2 call 09066358152 to claim £5000 prize. U have 2 enter all ur mobile & personal details @ the prompts. Careful!,19/06/2022,xyfoe@gmail.com
ham,No. Thank you. You've been wonderful,31/08/2023,ncpww@gmail.com
ham,Otherwise had part time job na-tuition..,16/02/2024,jnuoe@gmail.com
ham,Ü mean it's confirmed... I tot they juz say oni... Ok then...,11/02/2024,nyccz@gmail.com
ham,Okie,04/09/2023,mbdnm@gmail.com
ham,That depends. How would you like to be treated? :),19/12/2024,vukqr@gmail.com
ham,"Right on brah, see you later",17/02/2022,jvrvr@gmail.com
ham,Waiting in e car 4 my mum lor. U leh? Reach home already?,23/03/2023,hwguf@gmail.com
spam,Your 2004 account for 07XXXXXXXXX shows 786 unredeemed points. To claim call 08719181259 Identifier code: XXXXX Expires 26.03.05,20/02/2024,gwsys@gmail.com
spam,Do you want a new video handset? 750 anytime any network mins? Half Price Line Rental? Camcorder? Reply or call 08000930705 for delivery tomorrow,09/12/2023,hsfwd@gmail.com
ham,Went fast asleep dear.take care.,28/09/2022,cctdy@gmail.com
ham,No that just means you have a fat head,23/04/2022,njtju@gmail.com
ham,Sounds like a plan! Cardiff is still here and still cold! I'm sitting on the radiator!,06/05/2023,yjxul@gmail.com
ham,Serious? What like proper tongued her,22/12/2022,aupzi@gmail.com
ham,She.s good. She was wondering if you wont say hi but she.s smiling now. So how are you coping with the long distance,26/04/2022,ugqfp@gmail.com
ham,How i noe... She's in da car now... Later then c lar... I'm wearing shorts...,27/03/2022,clerw@gmail.com
spam,You have an important customer service announcement. Call FREEPHONE 0800 542 0825 now!,05/07/2023,dhkkt@gmail.com
ham,Yeah whatever lol,22/07/2022,uepkv@gmail.com
ham,Today is ACCEPT DAY..U Accept me as? Brother Sister Lover Dear1 Best1 Clos1 Lvblefrnd Jstfrnd Cutefrnd Lifpartnr Belovd Swtheart Bstfrnd No rply means enemy,31/07/2024,iiykk@gmail.com
ham,Ard 530 lor. I ok then message ü lor.,26/10/2022,avirj@gmail.com
ham,Ok. C u then.,01/12/2022,rrflc@gmail.com
ham,Eh ur laptop got no stock lei... He say mon muz come again to take a look c got a not...,17/01/2022,pqurl@gmail.com
ham,No need to ke qi... Ü too bored izzit y suddenly thk of this...,22/08/2023,acwbp@gmail.com
ham,I wish! I don't think its gonna snow that much. But it will be more than those flurries we usually get that melt before they hit the ground. Eek! We haven't had snow since &lt;#&gt; before I was even born!,22/06/2024,rugse@gmail.com
spam,FREE>Ringtone! Reply REAL or POLY eg REAL1 1. PushButton 2. DontCha 3. BabyGoodbye 4. GoldDigger 5. WeBeBurnin 1st tone FREE and 6 more when u join for £3/wk,16/09/2024,uugdl@gmail.com
ham,"Do 1 thing! Change that sentence into: ""Because i want 2 concentrate in my educational career im leaving here..""",20/06/2023,pollv@gmail.com
ham,"Oh really? perform, write a paper, go to a movie AND be home by midnight, huh?",12/06/2023,oyjtm@gmail.com
ham,Okay lor... Will they still let us go a not ah? Coz they will not know until later. We drop our cards into the box right?,22/01/2024,rqdfb@gmail.com
ham,How? Izzit still raining?,07/04/2022,pmiws@gmail.com
ham,As if i wasn't having enough trouble sleeping.,31/03/2023,myzdb@gmail.com
ham,I havent add ü yet right..,13/05/2022,hwvjn@gmail.com
ham,Lol ... I really need to remember to eat when I'm drinking but I do appreciate you keeping me company that night babe *smiles*,18/07/2024,esxym@gmail.com
ham,Babe ? I lost you ... Will you try rebooting ?,13/06/2023,fyqeb@gmail.com
ham,Yes. Nigh you cant aha.,10/04/2022,axtsw@gmail.com
ham,I thk ü gotta go home by urself. Cos i'll b going out shopping 4 my frens present.,11/04/2022,eatnx@gmail.com
ham,Nooooooo I'm gonna be bored to death all day. Cable and internet outage.,03/07/2022,enied@gmail.com
ham,Sos! Any amount i can get pls.,26/05/2023,nhwfd@gmail.com
ham,"Playin space poker, u?",17/12/2022,yauds@gmail.com
ham,How come guoyang go n tell her? Then u told her?,14/09/2023,imxuf@gmail.com
ham,You need to get up. Now.,29/01/2022,rmmvo@gmail.com
ham,They r giving a second chance to rahul dengra.,10/12/2024,abtox@gmail.com
ham,"Yeah, in fact he just asked if we needed anything like an hour ago. When and how much?",17/05/2022,bvumn@gmail.com
ham,WHEN THE FIRST STRIKE IS A RED ONE. THE BIRD + ANTELOPE BEGIN TOPLAY IN THE FIELDOF SELFINDEPENDENCE BELIEVE THIS + THE FLOWER OF CONTENTION WILL GROW.RANDOM!,04/06/2024,srgnk@gmail.com
ham,Y ü wan to go there? C doctor?,09/09/2022,xntas@gmail.com
ham,Does daddy have a bb now.,18/07/2023,dagyf@gmail.com
spam,"Free Msg: get Gnarls Barkleys ""Crazy"" ringtone TOTALLY FREE just reply GO to this message right now!",24/10/2023,xqacf@gmail.com
ham,She's borderline but yeah whatever.,11/03/2022,wiblb@gmail.com
ham,I got a call from a landline number. . . I am asked to come to anna nagar . . . I will go in the afternoon,01/07/2024,mbegj@gmail.com
ham,"Until 545 lor... Ya, can go 4 dinner together...",24/02/2023,manhq@gmail.com
ham,I will be gentle princess! We will make sweet gentle love...,17/03/2023,fxygw@gmail.com
ham,How u doin baby girl ?? hope u are okay every time I call ure phone is off! I miss u get in touch,07/02/2023,tqqhh@gmail.com
ham,"Sorry, went to bed early, nightnight",30/08/2024,wbcoq@gmail.com
ham,I like to think there's always the possibility of being in a pub later.,30/07/2024,pdsov@gmail.com
ham,HMM yeah if your not too grooved out! And im looking forward to my pound special :),26/06/2024,itsfb@gmail.com
ham,I got to video tape pple type in message lor. U so free wan 2 help me? Hee... Cos i noe u wan 2 watch infernal affairs so ask u along. Asking shuhui oso.,30/03/2022,mhkeo@gmail.com
ham,Hi dude hw r u da realy mising u today,30/05/2023,vodaz@gmail.com
ham,Me hungry buy some food good lei... But mum n yun dun wan juz buy a little bit...,31/10/2023,djtfq@gmail.com
spam,Refused a loan? Secured or Unsecured? Can't get credit? Call free now 0800 195 6669 or text back 'help' & we will!,14/09/2022,rzzdt@gmail.com
ham,I probably won't eat at all today. I think I'm gonna pop. How was your weekend? Did u miss me?,18/04/2022,sspms@gmail.com
ham,I knew it... U slept v late yest? Wake up so late...,15/10/2023,ldooh@gmail.com
ham,Haha... dont be angry with yourself... Take it as a practice for the real thing. =),10/12/2022,vbfdh@gmail.com
ham,Where is that one day training:-),18/07/2023,vwrdn@gmail.com
ham,So i could kiss and feel you next to me...,17/11/2022,chtse@gmail.com
ham,Have a nice day my dear.,01/11/2023,nmihb@gmail.com
ham,I sent lanre fakeye's Eckankar details to the mail box,23/04/2024,bfgqu@gmail.com
ham,Your dad is back in ph?,27/02/2022,auldn@gmail.com
spam,"You have been specially selected to receive a ""3000 award! Call 08712402050 BEFORE the lines close. Cost 10ppm. 16+. T&Cs apply. AG Promo",28/07/2024,dksfg@gmail.com
ham,If you ask her or she say any please message.,17/04/2024,wxryx@gmail.com
ham,"If e timing can, then i go w u lor...",17/02/2024,xkjdo@gmail.com
ham,Love you aathi..love u lot..,25/04/2022,cuxxj@gmail.com
ham,I was just callin to say hi. Take care bruv!,11/03/2024,ojynk@gmail.com
spam,YOU HAVE WON! As a valued Vodafone customer our computer has picked YOU to win a £150 prize. To collect is easy. Just call 09061743386,15/11/2023,rxokx@gmail.com
ham,Did u turn on the heater? The heater was on and set to &lt;#&gt; degrees.,05/11/2022,glxso@gmail.com
ham,Thanks for your message. I really appreciate your sacrifice. I'm not sure of the process of direct pay but will find out on my way back from the test tomorrow. I'm in class now. Do have a wonderful day.,26/04/2024,tembc@gmail.com
ham,"That's the trouble with classes that go well - you're due a dodgey one … Expecting mine tomo! See you for recovery, same time, same place",19/07/2023,axclc@gmail.com
spam,Free video camera phones with Half Price line rental for 12 mths and 500 cross ntwk mins 100 txts. Call MobileUpd8 08001950382 or Call2OptOut/674&,25/11/2024,bumcc@gmail.com
ham,WOT U UP 2 J?,29/05/2023,suzhr@gmail.com
ham,"Night night, see you tomorrow",08/04/2024,lscrd@gmail.com
ham,Roger that. We‘re probably going to rem in about 20,21/05/2024,muywu@gmail.com
ham,do u think that any girl will propose u today by seing ur bloody funky shit fucking face...............asssssholeeee................,12/11/2022,lmswo@gmail.com
ham,I wish u were here. I feel so alone,07/03/2024,tuxyg@gmail.com
spam,Great NEW Offer - DOUBLE Mins & DOUBLE Txt on best Orange tariffs AND get latest camera phones 4 FREE! Call MobileUpd8 free on 08000839402 NOW! or 2stoptxt T&Cs,01/09/2022,gymwe@gmail.com
ham,Reason is if the team budget is available at last they buy the unsold players for at base rate..,25/06/2023,oxmbi@gmail.com
ham,CERI U REBEL! SWEET DREAMZ ME LITTLE BUDDY!! C YA 2MORO! WHO NEEDS BLOKES,11/07/2024,cutsj@gmail.com
spam,ringtoneking 84484,24/01/2022,kmuho@gmail.com
ham,Huh i cant thk of more oredi how many pages do we have?,01/01/2024,xqnqa@gmail.com
ham,His frens go then he in lor. Not alone wif my mum n sis lor.,30/03/2023,ftafk@gmail.com
ham,Nationwide auto centre (or something like that) on Newport road. I liked them there,22/09/2022,vheop@gmail.com
ham,"Hey, I missed you tm of last night as my phone was on the charge ... *smiles* ... I am meeting a friend shortly",08/07/2022,dchxp@gmail.com
ham,"Whatever, juliana. Do whatever you want.",20/03/2023,ywzeu@gmail.com
ham,"Friendship is not a game to play, It is not a word to say, It doesn\'t start on March and ends on May, It is tomorrow, yesterday, today and e",28/04/2022,xwain@gmail.com
spam,Ringtone Club: Gr8 new polys direct to your mobile every week !,17/07/2022,qjcxz@gmail.com
ham,"Hello. Sort of out in town already. That . So dont rush home, I am eating nachos. Will let you know eta.",01/06/2023,yawee@gmail.com
ham,Ok lor. Anyway i thk we cant get tickets now cos like quite late already. U wan 2 go look 4 ur frens a not? Darren is wif them now...,23/01/2023,spgrd@gmail.com
spam,(Bank of Granite issues Strong-Buy) EXPLOSIVE PICK FOR OUR MEMBERS *****UP OVER 300% *********** Nasdaq Symbol CDGT That is a $5.00 per..,01/02/2024,hklwj@gmail.com
ham,I am on the way to ur home,13/10/2022,gfycw@gmail.com
ham,"Dizzamn, aight I'll ask my suitemates when I get back",22/04/2022,rxfvq@gmail.com
ham,"Nimbomsons. Yep phone knows that one. Obviously, cos thats a real word",29/03/2024,uidic@gmail.com
ham,I love to cuddle! I want to hold you in my strong arms right now...,25/07/2024,suuep@gmail.com
ham,R u in this continent?,14/08/2022,utkit@gmail.com
ham,We'll you pay over like  &lt;#&gt; yrs so its not too difficult,13/01/2024,wvemi@gmail.com
spam,Bored housewives! Chat n date now! 0871750.77.11! BT-national rate 10p/min only from landlines!,10/02/2024,bciok@gmail.com
spam,We tried to call you re your reply to our sms for a video mobile 750 mins UNLIMITED TEXT free camcorder Reply or call now 08000930705 Del Thurs,16/12/2024,kgqwd@gmail.com
ham,K...k...when will you give treat?,16/04/2024,rmpxd@gmail.com
spam,"This is the 2nd time we have tried to contact u. U have won the £400 prize. 2 claim is easy, just call 087104711148 NOW! Only 10p per minute. BT-national-rate",03/08/2024,sleca@gmail.com
ham,He's just gonna worry for nothing. And he won't give you money its no use.,09/10/2023,nxchu@gmail.com
ham,Did you get any gift? This year i didnt get anything. So bad,26/06/2023,euefl@gmail.com
ham,somewhere out there beneath the pale moon light someone think in of u some where out there where dreams come true... goodnite &amp; sweet dreams,14/06/2022,ezbav@gmail.com
ham,Well there's a pattern emerging of my friends telling me to drive up and come smoke with them and then telling me that I'm a weed fiend/make them smoke too much/impede their doing other things so you see how I'm hesitant,08/02/2023,gvpyf@gmail.com
ham,", ow u dey.i paid 60,400thousad.i told  u would call .",07/03/2022,mmgyn@gmail.com
ham,IM FINE BABES AINT BEEN UP 2 MUCH THO! SAW SCARY MOVIE YEST ITS QUITE FUNNY! WANT 2MRW AFTERNOON? AT TOWN OR MALL OR SUMTHIN?xx,14/06/2024,udxtt@gmail.com
ham,I'm reaching home in 5 min.,02/09/2022,vyjui@gmail.com
ham,"Forgot you were working today! Wanna chat, but things are ok so drop me a text when you're free / bored etc and i'll ring. Hope all is well, nose essay and all xx",08/10/2024,lgzjo@gmail.com
ham,Ha... Then we must walk to everywhere... Cannot take tram. My cousin said can walk to vic market from our hotel,27/02/2022,adgoq@gmail.com
spam,"Wan2 win a Meet+Greet with Westlife 4 U or a m8? They are currently on what tour? 1)Unbreakable, 2)Untamed, 3)Unkempt. Text 1,2 or 3 to 83049. Cost 50p +std text",13/10/2022,btasi@gmail.com
spam,Please call our customer service representative on FREEPHONE 0808 145 4742 between 9am-11pm as you have WON a guaranteed £1000 cash or £5000 prize!,05/01/2022,eywto@gmail.com
ham,Discussed with your mother ah?,14/03/2024,jbkdx@gmail.com
ham,Ok.,29/04/2024,cfsjs@gmail.com
ham,"Sorry, I can't text &amp; drive coherently, see you in twenty",21/07/2024,ugnkw@gmail.com
spam,You will be receiving this week's Triple Echo ringtone shortly. Enjoy it!,09/08/2024,jmhwh@gmail.com
ham,In which place i can get rooms cheap:-),12/09/2022,tzkyp@gmail.com
ham,Eek that's a lot of time especially since American Pie is like 8 minutes long. I can't stop singing it.,18/10/2024,etldb@gmail.com
ham,GRAN ONLYFOUND OUT AFEW DAYS AGO.CUSOON HONI,10/12/2023,raczu@gmail.com
spam,"U've been selected to stay in 1 of 250 top British hotels - FOR NOTHING! Holiday valued at £350! Dial 08712300220 to claim - National Rate Call. Bx526, SW73SS",03/12/2022,fbubq@gmail.com
ham,University of southern california.,13/06/2023,tpmmf@gmail.com
ham,We have to pick rayan macleran there.,04/08/2024,akzli@gmail.com
ham,U gd lor go shopping i got stuff to do. U wan 2 watch infernal affairs a not? Come lar...,25/07/2024,eggiy@gmail.com
ham,Well. Balls. Time to make calls,14/12/2022,lrmij@gmail.com
ham,Wat time ü wan today?,26/10/2022,ahozk@gmail.com
ham,&lt;#&gt;  in mca. But not conform.,25/11/2023,nqave@gmail.com
ham,Oh ok.. Wat's ur email?,29/05/2024,jjlmk@gmail.com
ham,"Yes, princess. Are you going to make me moan?",01/03/2024,aidte@gmail.com
ham,Lol its ok I didn't remember til last nite,12/01/2022,tmoyi@gmail.com
ham,"[…] anyway, many good evenings to u! s",19/07/2024,ykuyl@gmail.com
ham,"Cool, I'll text you in a few",10/01/2022,bixhz@gmail.com
ham,"Sorry vikky, i'm Watching olave mandara movie kano in trishul theatre wit my frnds..",13/09/2022,omwiv@gmail.com
ham,I'm very happy for you babe ! Woo hoo party on dude!,20/06/2024,sbxis@gmail.com
ham,I am taking you for italian food. How about a pretty dress with no panties? :),28/12/2024,umaxf@gmail.com
ham,Wot u up 2? Thout u were gonna call me!! Txt bak luv K,17/02/2023,tweqj@gmail.com
spam,YOU ARE CHOSEN TO RECEIVE A £350 AWARD! Pls call claim number 09066364311 to collect your award which you are selected to receive as a valued mobile customer.,09/09/2022,gxazg@gmail.com
ham,How are you holding up?,04/01/2022,bvhgk@gmail.com
ham,Dont flatter yourself... Tell that man of mine two pints of carlin in ten minutes please....,28/03/2023,jzrze@gmail.com
ham,Hope you are not scared!,01/02/2024,bvwux@gmail.com
ham,I cant pick the phone right now. Pls send a message,27/06/2024,jdpyl@gmail.com
ham,I'm at home n ready...,20/04/2024,vhywo@gmail.com
spam,Please call our customer service representative on FREEPHONE 0808 145 4742 between 9am-11pm as you have WON a guaranteed £1000 cash or £5000 prize!,21/01/2022,cgylj@gmail.com
ham,What time do u get out?,19/06/2024,zisim@gmail.com
ham,I am literally in bed and have been up for like  &lt;#&gt;  hours,12/10/2023,nadry@gmail.com
ham,"Yes, my reg is  Ciao!",23/03/2022,aagkx@gmail.com
ham,If You mean the website. Yes.,04/02/2022,ossfq@gmail.com
spam,Win a £1000 cash prize or a prize worth £5000,12/07/2024,ftklu@gmail.com
spam,"Thanks for your ringtone order, reference number X49.Your mobile will be charged 4.50. Should your tone not arrive please call customer services 09065989182",07/01/2024,jlxmj@gmail.com
ham,Lol or I could just starve and lose a pound by the end of the day.,21/11/2023,gmltl@gmail.com
ham,Yeah that's the impression I got,17/06/2024,lbajy@gmail.com
ham,Ok ok take care. I can understand.,19/02/2023,inlfw@gmail.com
ham,"Motivate Behind every darkness, there is a shining light waiting for you to find it... Behind every best friend, there is always trust and love... BSLVYL",14/04/2024,czcnr@gmail.com
ham,"Ya ok, then had dinner?",28/10/2022,msxoc@gmail.com
ham,I was slept that time.you there?,13/02/2024,mkfwi@gmail.com
ham,dont make ne plans for nxt wknd coz she wants us to come down then ok,19/10/2023,gnwxy@gmail.com
ham,When is school starting. Where will you stay. What's the weather like. And the food. Do you have a social support system like friends in the school. All these things are important.,08/12/2022,rfgia@gmail.com
ham,"Ha ha nan yalrigu heltini..Iyo kothi chikku, u shared many things wit me..so far i didn't told any body and even uttered a word abt u.. If ur trusting me so much how can i tell these to others.. Plz nxt time dont use those words to me..ok, chikku:-);-)B-)",23/03/2024,gklor@gmail.com
ham,Noice. Text me when you're here,20/12/2023,otiep@gmail.com
ham,Hi di is yijue we're meeting at 7 pm at esaplanade tonight.,21/11/2024,nwetc@gmail.com
spam,Moby Pub Quiz.Win a £100 High Street prize if u know who the new Duchess of Cornwall will be? Txt her first name to 82277.unsub STOP £1.50 008704050406 SP,05/04/2023,hjqfj@gmail.com
spam,"This weeks SavaMob member offers are now accessible. Just call 08709501522 for details! SavaMob, POBOX 139, LA3 2WU. Only £1.50/week. SavaMob - offers mobile!",16/04/2024,uzyga@gmail.com
ham,"Aight I've been set free, think you could text me blake's address? It occurs to me I'm not quite as sure what I'm doing as I thought I was",18/11/2024,hzsdv@gmail.com
ham,Hi dear we saw dear. We both are happy. Where you my battery is low,24/07/2023,kjohk@gmail.com
ham,How are you. Its been ages. How's abj,03/10/2022,byboj@gmail.com
ham,Prof: you have passed in all the papers in this sem congrats . . . . Student: Enna kalaachutaarama..!! Prof:???? Gud mrng!,06/03/2024,clqsd@gmail.com
ham,Dont kick coco when he's down,04/10/2022,uexxq@gmail.com
ham,Fyi I'm gonna call you sporadically starting at like  &lt;#&gt;  bc we are not not doin this shit,14/06/2024,hoduk@gmail.com
spam,"You are being contacted by our Dating Service by someone you know! To find out who it is, call from your mobile or landline 09064017305 PoBox75LDNS7",24/09/2023,fetqb@gmail.com
spam,TBS/PERSOLVO. been chasing us since Sept for£38 definitely not paying now thanks to your information. We will ignore them. Kath. Manchester.,15/08/2022,nnhgb@gmail.com
ham,Hope youre not having too much fun without me!! see u tomorrow love jess x,28/05/2023,lkrhd@gmail.com
ham,Ok i wont call or disturb any one. I know all are avoiding me. I am a burden for all,11/03/2023,kdrpr@gmail.com
ham,I've reached home n i bathe liao... U can call me now...,29/03/2022,ghzhb@gmail.com
spam,Loans for any purpose even if you have Bad Credit! Tenants Welcome. Call NoWorriesLoans.com on 08717111821,10/08/2023,anqax@gmail.com
ham,Was the actual exam harder than NBME,26/09/2023,apdav@gmail.com
ham,A lot of this sickness thing going round. Take it easy. Hope u feel better soon. Lol,03/03/2022,ulgla@gmail.com
ham,"God picked up a flower and dippeditinaDEW, lovingly touched itwhichturnedinto u, and the he gifted tomeandsaid,THIS FRIEND IS 4U",11/08/2023,hucfr@gmail.com
spam,87077: Kick off a new season with 2wks FREE goals & news to ur mobile! Txt ur club name to 87077 eg VILLA to 87077,22/05/2022,zspii@gmail.com
ham,Hey sathya till now we dint meet not even a single time then how can i saw the situation sathya.,07/04/2024,zcjgx@gmail.com
ham,Gam gone after outstanding innings.,13/04/2023,caaqd@gmail.com
ham,O i played smash bros  &lt;#&gt;  religiously.,14/03/2024,abplb@gmail.com
ham,"Sir, good morning. Hope you had a good weekend. I called to let you know that i was able to raise  &lt;#&gt;  from my dad. He however said he would make the rest available by mid feb. This amount is still quite short and i was hoping you would help. Do have a good day. Abiola",08/01/2024,axtzq@gmail.com
ham,Hurry home. Soup is DONE!,19/07/2023,rpjax@gmail.com
ham,No no. I will check all rooms befor activities,07/09/2022,cwnxi@gmail.com
ham,"Good afternoon, my love. It was good to see your words on YM and get your tm. Very smart move, my slave ... *smiles* ... I drink my coffee and await you.",04/01/2022,kjpqx@gmail.com
ham,Quite ok but a bit ex... U better go eat smth now else i'll feel guilty...,17/08/2024,mxhpk@gmail.com
spam,"Orange brings you ringtones from all time Chart Heroes, with a free hit each week! Go to Ringtones & Pics on wap. To stop receiving these tips reply STOP.",03/04/2022,ikbqr@gmail.com
ham,Lemme know when you're here,23/07/2024,luptn@gmail.com
spam,PRIVATE! Your 2003 Account Statement for 07973788240 shows 800 un-redeemed S. I. M. points. Call 08715203649 Identifier Code: 40533 Expires 31/10/04,23/10/2022,weauu@gmail.com
ham,He needs to stop going to bed and make with the fucking dealing,16/07/2022,maenq@gmail.com
ham,"How are you, my Love ? Are you with your brother ? Time to talk english with him ? *grins* Say : Hey Muhommad, Penny says hello from across the sea",29/01/2024,rayik@gmail.com
spam,We tried to call you re your reply to our sms for a video mobile 750 mins UNLIMITED TEXT + free camcorder Reply of call 08000930705 Now,02/09/2024,eavbd@gmail.com
ham,"Hey doc pls I want to get nice t shirt for my hubby nice fiting ones my budget is  &lt;#&gt; k help pls I will load d card abi hw,keep me posted luv. 2 mj",19/12/2022,zpowg@gmail.com
ham,I remain unconvinced that this isn't an elaborate test of my willpower,27/08/2023,dvcth@gmail.com
ham,"Life is nothing wen v get everything. But ""life is everything wen v miss something "". Real value of people wil be realized only in their absence.... gud mrng",08/01/2024,wyffz@gmail.com
ham,how are you? I miss you!,04/05/2022,thxqi@gmail.com
ham,I ain't answerin no phone at what is actually a pretty reasonable hour but I'm sleepy,21/05/2022,bnsnp@gmail.com
ham,"Hey , is * rite u put »10 evey mnth is that all?",02/04/2024,xhvvn@gmail.com
ham,i am going to bed now prin,22/05/2022,dipmo@gmail.com
ham,I think just yourself …Thanks and see you tomo,09/09/2023,uvtlv@gmail.com
ham,If u dun drive then how i go 2 sch.,10/08/2024,xrucp@gmail.com
ham,I not at home now lei...,02/06/2023,gqqka@gmail.com
spam,GSOH? Good with SPAM the ladies?U could b a male gigolo? 2 join the uk's fastest growing mens club reply ONCALL. mjzgroup. 08714342399.2stop reply STOP. msg@£1.50rcvd,28/10/2023,fwyov@gmail.com
ham,Ok then i will come to ur home after half an hour,13/06/2023,lakuo@gmail.com
spam,U have a secret admirer who is looking 2 make contact with U-find out who they R*reveal who thinks UR so special-call on 09058094599,30/05/2022,qwjys@gmail.com
ham,Do u hav any frnd by name ashwini in ur college?,25/08/2022,uurck@gmail.com
ham,Jus finish my lunch on my way home lor... I tot u dun wan 2 stay in sch today...,21/05/2024,ldudc@gmail.com
ham,K then 2marrow are you coming to class.,18/08/2023,figoh@gmail.com
spam,"HOT LIVE FANTASIES call now 08707500020 Just 20p per min NTT Ltd, PO Box 1327 Croydon CR9 5WB 0870 is a national rate call",04/12/2024,xegeq@gmail.com
ham,Pls send me your address sir.,06/08/2024,dtran@gmail.com
ham,I want to lick your pussy now...,02/07/2024,vuvxu@gmail.com
ham,"Yo, you gonna still be in stock tomorrow/today? I'm trying to get a dubsack",04/10/2024,vchhz@gmail.com
spam,URGENT! Your Mobile number has been awarded a <UKP>2000 prize GUARANTEED. Call 09061790125 from landline. Claim 3030. Valid 12hrs only 150ppm,28/06/2024,qhzuk@gmail.com
ham,"I'll see, but prolly yeah",15/01/2022,ypvln@gmail.com
ham,Thought we could go out for dinner. I'll treat you! Seem ok?,20/06/2024,uoxct@gmail.com
ham,Where are you ? What do you do ? How can you stand to be away from me ? Doesn't your heart ache without me ? Don't you wonder of me ? Don't you crave me ?,28/05/2022,xoytf@gmail.com
ham,Sorry. You never hear unless you book it. One was kinda a joke--thet were really looking for skinny white girls. The other was one line--you can only do so much on camera with that. Something like that they're casting on the look.,23/09/2022,hlkzg@gmail.com
ham,What you doing?how are you?,26/08/2024,whzjn@gmail.com
ham,"Sure thing big man. i have hockey elections at 6, shouldn‘t go on longer than an hour though",19/11/2023,rphwb@gmail.com
ham,Watch lor. I saw a few swatch one i thk quite ok. Ard 116 but i need 2nd opinion leh...,30/01/2022,uxkmx@gmail.com
ham,Hiya do u like the hlday pics looked horrible in them so took mo out! Hows the camp Amrca thing? Speak soon Serena:),28/03/2023,jxssw@gmail.com
ham,"Babe! How goes that day ? What are you up to ? I miss you already, my Love ... * loving kiss* ... I hope everything goes well.",19/06/2022,vhvvn@gmail.com
ham,Yunny... I'm goin to be late,25/08/2022,xcavw@gmail.com
ham,Doc prescribed me morphine cause the other pain meds aren't enough. Waiting for my mom to bring it. That med should kick in fast so I'm gonna try to be on later,24/12/2022,kqvgr@gmail.com
ham,"Cool, want me to go to kappa or should I meet you outside mu",30/04/2024,lulpt@gmail.com
ham,"Hey sexy buns ! Have I told you ? I adore you, loverboy. I hope you remember to thank your sister in law for those meatballs *grins* ... i love you, babe",08/12/2023,hzxvn@gmail.com
ham,May b approve panalam...but it should have more posts..,01/12/2022,dwnlo@gmail.com
spam,"SPJanuary Male Sale! Hot Gay chat now cheaper, call 08709222922. National rate from 1.5p/min cheap to 7.8p/min peak! To stop texts call 08712460324 (10p/min)",30/08/2022,phybn@gmail.com
ham,"Sorry, I'll call later",14/06/2023,xfvjj@gmail.com
ham,I dont thnk its a wrong calling between us,14/10/2024,eflac@gmail.com
ham,Me i'm not workin. Once i get job...,27/02/2024,owgpk@gmail.com
ham,And by when you're done I mean now,21/05/2024,kbxjn@gmail.com
ham,"Its Ur luck to Love someone. Its Ur fortune to Love the one who Loves U. But, its a miracle to Love a person who can't Love anyone except U... Gud nyt...",11/11/2022,odpvu@gmail.com
ham,Hi baby ive just got back from work and i was wanting to see u allday! I hope i didnt piss u off on the phone today. If u are up give me a call xxx,13/04/2022,gwrgg@gmail.com
spam,FreeMsg Today's the day if you are ready! I'm horny & live in your town. I love sex fun & games! Netcollex Ltd 08700621170150p per msg reply Stop to end,11/10/2022,uresf@gmail.com
ham,Is it your yahoo boys that bring in the perf? Or legal.,26/08/2022,phsyp@gmail.com
ham,No need to say anything to me. I know i am an outsider,12/11/2023,wgfzz@gmail.com
ham,have you ever had one foot before?,09/05/2024,qmrse@gmail.com
ham,Just got to  &lt;#&gt;,27/03/2023,veeuy@gmail.com
ham,"Good! No, don‘t need any receipts—well done! (…) Yes, please tell . What‘s her number, i could ring her",16/10/2023,vxxct@gmail.com
ham,"Ever green quote ever told by Jerry in cartoon ""A Person Who Irritates u Always Is the one Who Loves u Vry Much But Fails to Express It...!..!! :-) :-) gud nyt",02/11/2022,bezmb@gmail.com
ham,Leave it wif me lar... Ü wan to carry meh so heavy... Is da num 98321561 familiar to ü?,22/12/2023,llhth@gmail.com
ham,Beautiful truth : Expression of the face could Be seen by everyone... But the depression of heart Could be understood only By the Loved ones.. Gud Ni8;-),27/03/2023,qrgfg@gmail.com
ham,Infact happy new year. How are you where are you when are we seeing,22/09/2022,nflrg@gmail.com
spam,"In The Simpsons Movie released in July 2007 name the band that died at the start of the film? A-Green Day, B-Blue Day, C-Red Day. (Send A, B or C)",12/04/2024,ofsum@gmail.com
ham,That's a shame! Maybe cld meet for few hrs tomo?,26/10/2023,lrcva@gmail.com
ham,Lol I would but despite these cramps I like being a girl.,26/08/2023,fcsbh@gmail.com
ham,I cant wait for cornwall. Hope tonight isnt too bad as well but its rock night shite. Anyway im going for a kip now have a good night. Speak to you soon.,01/08/2022,aoksb@gmail.com
ham,Pls help me tell sura that i'm expecting a battery from hont. And that if should pls send me a message about how to download movies. Thanks,09/08/2022,jmotw@gmail.com
spam,Please call Amanda with regard to renewing or upgrading your current T-Mobile handset free of charge. Offer ends today. Tel 0845 021 3680 subject to T's and C's,30/05/2023,qysiw@gmail.com
ham,"Haven't found a way to get another app for your phone, eh ? Will you go to the net cafe ? Did you take that job? Geeee I need you babe. I crave to see you ...",02/01/2022,dgfbz@gmail.com
ham,I only work from mon to thurs but Sat i cant leh... Booked liao... Which other day u free?,15/05/2024,omwmm@gmail.com
ham,Ü comin to fetch us oredi...,16/05/2023,fvghv@gmail.com
ham,What's nannys address?,12/04/2024,mectf@gmail.com
spam,"URGENT!! Your 4* Costa Del Sol Holiday or £5000 await collection. Call 09050090044 Now toClaim. SAE, TC s, POBox334, Stockport, SK38xh, Cost£1.50/pm, Max10mins",12/07/2023,xjlno@gmail.com
ham,Haf u eaten? Wat time u wan me 2 come?,19/05/2024,fioqr@gmail.com
spam,Want a new Video Phone? 750 anytime any network mins? Half price line rental free text for 3 months? Reply or call 08000930705 for free delivery,22/01/2023,rohwi@gmail.com
ham,"Yo, call me when you get the chance, a friend of mine wanted me to ask you about a big order",16/02/2023,oslds@gmail.com
ham,This single single answers are we fighting? Plus i said am broke and you didnt reply,25/07/2023,ehwzc@gmail.com
ham,It certainly puts things into perspective when something like this happens,20/07/2024,etnsb@gmail.com
ham,Now got tv 2 watch meh? U no work today?,02/02/2023,ptvnw@gmail.com
ham,i felt so...not any conveying reason.. Ese he... What about me?,01/04/2024,pjgpx@gmail.com
spam,Had your mobile 11 months or more? U R entitled to Update to the latest colour mobiles with camera for Free! Call The Mobile Update Co FREE on 08002986030,06/11/2024,ipvfw@gmail.com
ham,How's it going? Got any exciting karaoke type activities planned? I'm debating whether to play football this eve. Feeling lazy though.,14/01/2023,sicnq@gmail.com
ham,I told that am coming on wednesday.,27/10/2024,wakpz@gmail.com
ham,"Its ok, called mom instead have fun",11/04/2022,lztne@gmail.com
spam,"Dear Voucher Holder, To claim this weeks offer, at your PC please go to http://www.wtlp.co.uk/text. Ts&Cs apply.",25/03/2023,mybty@gmail.com
ham,Well if I'm that desperate I'll just call armand again,30/03/2023,iryte@gmail.com
ham,Are you at work right now ?,27/05/2023,ybqkb@gmail.com
spam,Congrats! Nokia 3650 video camera phone is your Call 09066382422 Calls cost 150ppm Ave call 3mins vary from mobiles 16+ Close 300603 post BCM4284 Ldn WC1N3XX,12/09/2024,uoijx@gmail.com
ham,Haven't heard anything and he's not answering my texts so I'm guessing he flaked. That said the jb is fantastic,17/06/2024,hfvos@gmail.com
ham,"Mmmmmm ... I love you,so much, Ahmad ... I can't wait for this year to begin as every second takes me closer to being at your side. Happy New Year, my love!!",27/05/2024,yxnff@gmail.com
ham,Pls what's the full name of joke's school cos fees in university of florida seem to actually be  &lt;#&gt; k. Pls holla back,02/08/2023,nfphg@gmail.com
ham,"Sorry, I'll call later",11/09/2022,kzcxd@gmail.com
ham,Ok... But they said i've got wisdom teeth hidden inside n mayb need 2 remove.,13/01/2022,crtge@gmail.com
ham,And pls pls drink plenty plenty water,22/03/2022,csadw@gmail.com
ham,How are you doing. How's the queen. Are you going for the royal wedding,27/01/2023,ytkau@gmail.com
ham,He's in lag. That's just the sad part but we keep in touch thanks to skype,15/09/2022,xxhhv@gmail.com
ham,Ok lor then we go tog lor...,25/10/2022,ikzit@gmail.com
ham,Two teams waiting for some players,25/05/2023,jbdsr@gmail.com
ham,Can ü send me a copy of da report?,26/07/2024,tgqrh@gmail.com
ham,"swhrt how u dey,hope ur ok, tot about u 2day.love n miss.take care.",19/06/2023,ospgi@gmail.com
ham,"Ok da, i already planned. I wil pick you.",22/12/2024,lpyzu@gmail.com
spam,"Urgent! Please call 0906346330. Your ABTA complimentary 4* Spanish Holiday or £10,000 cash await collection SAE T&Cs BOX 47 PO19 2EZ 150ppm 18+",24/09/2023,gzqgx@gmail.com
ham,"Sorry, I'll call later in meeting",18/11/2024,ckdug@gmail.com
ham,I just really need shit before tomorrow and I know you won't be awake before like 6,24/12/2022,mbpqs@gmail.com
ham,I'm good. Have you registered to vote?,05/10/2022,kryvp@gmail.com
ham,"Hmm ok, i'll stay for like an hour cos my eye is really sore!",09/05/2024,iyqgo@gmail.com
ham,Dear got bus directly to calicut,04/01/2022,oeqav@gmail.com
ham,Mm umma ask vava also to come tell him can play later together,20/03/2022,emsid@gmail.com
ham,"Well the general price is  &lt;#&gt; /oz, let me know if/when/how much you want",26/03/2022,gjtec@gmail.com
ham,"Sorry, I'll call later",22/04/2022,vkbxp@gmail.com
ham,"Each Moment in a day,has its own value-Morning brings hope,afternoon brings faith,Evening brings luv,Night brings rest,Wish u find them all today.Good Morning",08/07/2023,bgqwf@gmail.com
ham,&lt;#&gt;  w jetton ave if you forgot,25/01/2023,otuqf@gmail.com
ham,Ok i'm coming home now.,01/04/2024,yxjyl@gmail.com
ham,Can not use foreign stamps in this country.,11/02/2023,rzttp@gmail.com
spam,"Double mins and txts 4 6months FREE Bluetooth on Orange. Available on Sony, Nokia Motorola phones. Call MobileUpd8 on 08000839402 or call2optout/N9DX",02/02/2024,mjxaf@gmail.com
ham,"Sorry, it's a lot of friend-of-a-friend stuff, I'm just now about to talk to the actual guy who wants to buy",20/12/2024,hhecu@gmail.com
spam,FREE for 1st week! No1 Nokia tone 4 ur mob every week just txt NOKIA to 8007 Get txting and tell ur mates www.getzed.co.uk POBox 36504 W45WQ norm150p/tone 16+,01/03/2022,ufdce@gmail.com
spam,"Want to funk up ur fone with a weekly new tone reply TONES2U 2 this text. www.ringtones.co.uk, the original n best. Tones 3GBP network operator rates apply",02/07/2024,onbll@gmail.com
spam,"cmon babe, make me horny, *turn* me on! Txt me your fantasy now babe -) Im hot, sticky and need you now. All replies cost £1.50. 2 cancel send STOP",05/12/2023,cytxq@gmail.com
ham,I will come tomorrow di,30/09/2022,tbgzt@gmail.com
ham,Wylie update: my weed dealer carlos went to freedom and had a class with lunsford,14/02/2022,romkr@gmail.com
ham,Are you happy baby ? Are you alright ? Did you take that job ? I hope your fine. I send you a kiss to make you smile from across the sea ... *kiss* *kiss*,22/12/2024,fpawx@gmail.com
ham,C movie is juz last minute decision mah. Juz watch 2 lar but i tot ü not interested.,22/02/2024,wuttx@gmail.com
ham,How are you enjoying this semester? Take care brother.,24/08/2024,njcbt@gmail.com
spam,IMPORTANT INFORMATION 4 ORANGE USER 0796XXXXXX. TODAY IS UR LUCKY DAY!2 FIND OUT WHY LOG ONTO http://www.urawinner.com THERE'S A FANTASTIC PRIZEAWAITING YOU!,15/08/2024,aiqoh@gmail.com
ham,"Get the door, I'm here",24/04/2023,toezr@gmail.com
ham,"Lets use it next week, princess :)",03/02/2022,cbken@gmail.com
ham,Or i go home first lar ü wait 4 me lor.. I put down my stuff first..,05/05/2022,xhfhk@gmail.com
ham,I want kfc its Tuesday. Only buy 2 meals ONLY 2. No gravy. Only 2 Mark. 2!,30/08/2023,dhcbl@gmail.com
ham,No da:)he is stupid da..always sending like this:)don believe any of those message.pandy is a mental:),05/09/2024,wguld@gmail.com
ham,Oi when you gonna ring,13/01/2024,dvpam@gmail.com
spam,Missed call alert. These numbers called but left no message. 07008009200,17/09/2023,cribr@gmail.com
ham,I attended but nothing is there.,31/12/2024,fwzuo@gmail.com
ham,Ard 530 like dat lor. We juz meet in mrt station then ü dun haf to come out.,01/02/2023,qrnuv@gmail.com
ham,No dear i was sleeping :-P,02/07/2023,mntxj@gmail.com
ham,Er mw im filled tuth is aight,11/12/2022,vwpvb@gmail.com
ham,Will be office around 4 pm. Now i am going hospital.,06/02/2022,aejjm@gmail.com
ham,Actually i'm waiting for 2 weeks when they start putting ad.,17/06/2024,tcoyu@gmail.com
ham,Anything lor if they all go then i go lor...,02/06/2023,algpp@gmail.com
ham,U free on sat rite? U wan 2 watch infernal affairs wif me n darren n mayb xy?,11/09/2024,sgjrv@gmail.com
ham,"Plz note: if anyone calling from a mobile Co. &amp; asks u to type # &lt;#&gt;  or # &lt;#&gt; . Do not do so. Disconnect the call,coz it iz an attempt of 'terrorist' to make use of the sim card no. Itz confirmd by nokia n motorola n has been verified by CNN IBN.",27/12/2022,xrlas@gmail.com
ham,Yo you around? A friend of mine's lookin to pick up later tonight,20/08/2023,pjsuf@gmail.com
ham,Stupid auto correct on my phone,07/05/2022,yakpx@gmail.com
ham,Double eviction this week - Spiral and Michael and good riddance to them!,09/04/2023,rydcy@gmail.com
ham,"The world suffers a lot... Not because of the violence of bad people. But because of the silence of good people!, Gud night....",28/09/2024,xeyvy@gmail.com
ham,"Ok thats cool. Its , just off either raglan rd or edward rd. Behind the cricket ground. Gimme ring when ur closeby see you tuesday.",21/01/2022,pkgcc@gmail.com
ham,Buy one egg for me da..please:),26/11/2022,kzuzq@gmail.com
ham,Have you started in skye,11/11/2022,kxhxq@gmail.com
ham,Have you bookedthe hut? And also your time off? How are you by the way?,13/06/2024,laian@gmail.com
ham,And several to you sir.,26/01/2022,wzynz@gmail.com
ham,U really pig leh sleep so much. My dad wake me up at 10 smth 2 eat lunch today.,03/05/2023,zdlmt@gmail.com
ham,I'm at home. Please call,05/05/2023,lkvfu@gmail.com
ham,My love ... I hope your not doing anything drastic. Don't you dare sell your pc or your phone ...,17/11/2022,zggoh@gmail.com
ham,Now only i reached home. . . I am very tired now. . I will come tomorro,13/04/2023,zxzmk@gmail.com
spam,FREEMSG: Our records indicate you may be entitled to 3750 pounds for the Accident you had. To claim for free reply with YES to this msg. To opt out text STOP,31/01/2024,xysji@gmail.com
spam,"U can WIN £100 of Music Gift Vouchers every week starting NOW Txt the word DRAW to 87066 TsCs www.Idew.com SkillGame, 1Winaweek, age16. 150ppermessSubscription",23/12/2024,royhi@gmail.com
ham,Life style garments account no please.,01/10/2022,ddtye@gmail.com
ham,Lol wtf random. Btw is that your lunch break,21/12/2022,lqzot@gmail.com
ham,"Sez, hows u & de arab boy? Hope u r all good give my love 2 evry1 love ya eshxxxxxxxxxxx",14/01/2024,rdlqs@gmail.com
ham,"The LAY MAN! Just to let you know you are missed and thought off. Do have a great day. And if you can send me bimbo and ugo's numbers, ill appreciate. Safe",09/06/2022,nttcq@gmail.com
ham,Detroit. The home of snow. Enjoy it.,18/01/2023,zkqzz@gmail.com
spam,Show ur colours! Euro 2004 2-4-1 Offer! Get an England Flag & 3Lions tone on ur phone! Click on the following service message for info!,11/04/2022,lplxj@gmail.com
ham,Okie...,15/07/2022,toqhv@gmail.com
ham,"Aight, I'm chillin in a friend's room so text me when you're on the way",19/07/2024,gqxce@gmail.com
ham,Is toshiba portege m100 gd?,25/12/2024,lggyw@gmail.com
ham,Well welp is sort of a semiobscure internet thing,17/10/2023,lzztv@gmail.com
spam,Text PASS to 69669 to collect your polyphonic ringtones. Normal gprs charges apply only. Enjoy your tones,03/04/2024,vjtik@gmail.com
spam,"accordingly. I repeat, just text the word ok on your mobile phone and send",07/02/2022,jpnmg@gmail.com
ham,Loosu go to hospital. De dont let it careless.,06/11/2023,iiowc@gmail.com
ham,How much for an eighth?,22/11/2023,xkgtj@gmail.com
ham,Omg Joanna is freaking me out. She's looked thru all my friends to find photos of me. And then she's asking about stuff on my MySpace which I haven't even logged on in like a year. :/,05/02/2023,pycta@gmail.com
ham,"Send ur birthdate with month and year, I will tel u ur LIFE PARTNER'S name. and the method of calculation. Reply must.",12/11/2023,vrsnh@gmail.com
ham,Juz now havent woke up so a bit blur blur... Can? Dad went out liao... I cant cum now oso...,08/04/2023,xyvef@gmail.com
ham,"How about clothes, jewelry, and trips?",22/02/2023,bphge@gmail.com
spam,Block Breaker now comes in deluxe format with new features and great graphics from T-Mobile. Buy for just £5 by replying GET BBDELUXE and take the challenge,22/04/2023,labdk@gmail.com
ham,Aah! A cuddle would be lush! I'd need lots of tea and soup before any kind of fumbling!,31/05/2024,uxpwf@gmail.com
spam,important information 4 orange user . today is your lucky day!2find out why log onto http://www.urawinner.com THERE'S A FANTASTIC SURPRISE AWAITING YOU!,24/04/2023,scbmf@gmail.com
ham,I am late. I will be there at,16/01/2023,zydod@gmail.com
ham,Sad story of a Man - Last week was my b'day. My Wife did'nt wish me. My Parents forgot n so did my Kids . I went to work. Even my Colleagues did not wish.,08/02/2023,hzlib@gmail.com
ham,Are you plans with your family set in stone ?,12/09/2023,aejjc@gmail.com
ham,Pls dont forget to study,10/02/2024,pjetp@gmail.com
ham,You'll never believe this but i have actually got off at taunton. Wow,08/04/2024,grefx@gmail.com
ham,"Den only weekdays got special price... Haiz... Cant eat liao... Cut nails oso muz wait until i finish drivin wat, lunch still muz eat wat...",05/12/2024,fyhcs@gmail.com
ham,She just broke down a list of reasons why nobody's in town and I can't tell if she's being sarcastic or just faggy,04/05/2024,ehfuj@gmail.com
ham,&lt;DECIMAL&gt; m but its not a common car here so its better to buy from china or asia. Or if i find it less expensive. I.ll holla,18/06/2024,bzpkd@gmail.com
ham,The greatest test of courage on earth is to bear defeat without losing heart....gn tc,03/09/2024,qfrbr@gmail.com
ham,SORRY IM STIL FUCKED AFTER LAST NITE WENT TOBED AT 430 GOT UP 4 WORK AT 630,30/09/2024,awcuc@gmail.com
ham,Hey so whats the plan this sat?,22/08/2022,lqshh@gmail.com
ham,Beauty sleep can help ur pimples too.,30/11/2023,qwidq@gmail.com
ham,Great. Hope you are using your connections from mode men also cos you can never know why old friends can lead you to today,22/04/2022,bwwrs@gmail.com
spam,Natalja (25/F) is inviting you to be her friend. Reply YES-440 or NO-440 See her: www.SMS.ac/u/nat27081980 STOP? Send STOP FRND to 62468,14/01/2024,eloew@gmail.com
ham,Where to get those?,09/08/2023,hkwrb@gmail.com
ham,"Kind of. Just missed train cos of asthma attack, nxt one in half hr so driving in. not sure where to park.",25/05/2024,xnsua@gmail.com
ham,Ball is moving a lot.will spin in last :)so very difficult to bat:),25/11/2022,vtijm@gmail.com
ham,Haiyoh... Maybe your hamster was jealous of million,28/12/2022,fiipw@gmail.com
ham,Can you please send me my aunty's number,11/03/2024,sqjvj@gmail.com
ham,I'm glad. You are following your dreams.,18/05/2022,xhuhf@gmail.com
ham,I've reached home finally...,01/03/2023,ctxlo@gmail.com
spam,"URGENT. Important information for 02 user. Today is your lucky day! 2 find out why , log onto http://www.urawinner.com there is a fantastic surprise awaiting you !",22/12/2022,akvbp@gmail.com
spam,WINNER!! As a valued network customer you have been selected to receivea £900 prize reward! To claim call 09061701461. Claim code KL341. Valid 12 hours only.,15/08/2024,ovzbh@gmail.com
ham,"Wn u r hurt by d prsn who s close 2 u, do fight wit dem. Coz somtimes dis fight saves a relation bt being quiet leaves nothin in a relation.. Gud eveB-)",03/01/2022,dexfn@gmail.com
ham,U can call now...,12/06/2022,cyoov@gmail.com
ham,"Science tells that chocolate will melt under the sunlight. Please don't walk under the sunlight. BCoz,I don't want to loss a sweet friend.",18/12/2024,abhhi@gmail.com
ham,Yes. I come to nyc for audiitions and am trying to relocate.,28/12/2024,hlwdo@gmail.com
ham,I pocked you up there before,29/12/2022,ionkc@gmail.com
ham,Congrats. That's great. I wanted to tell you not to tell me your score cos it might make me relax. But its motivating me so thanks for sharing,21/05/2023,asill@gmail.com
ham,I wud never mind if u dont miss me or if u dont need me.. But u wil really hurt me wen u need me &amp; u dont tell me......... Take care:-),17/07/2024,zyvbw@gmail.com
ham,Hey mr whats the name of that bill brison book the one about language and words,31/07/2024,ixfxi@gmail.com
ham,"Okay, good, no problem, and thanx!",14/07/2023,ysvwd@gmail.com
ham,"For you information, IKEA is spelled with all caps. That is not yelling. when you thought i had left you, you were sitting on the bed among the mess when i came in. i said we were going after you got home from class. please don't try and bullshit me. It makes me want to listen to you less.",24/03/2024,noxtr@gmail.com
ham,Call me when u're done...,18/10/2023,qzcvw@gmail.com
ham,G.W.R,28/01/2023,znejt@gmail.com
ham,You best watch what you say cause I get drunk as a motherfucker,12/03/2024,efmte@gmail.com
spam,Kit Strip - you have been billed 150p. Netcollex Ltd. PO Box 1013 IG11 OJA,10/03/2023,vcipa@gmail.com
spam,HMV BONUS SPECIAL 500 pounds of genuine HMV vouchers to be won. Just answer 4 easy questions. Play Now! Send HMV to 86688 More info:www.100percent-real.com,05/06/2023,wtmru@gmail.com
spam,Please CALL 08712402578 immediately as there is an urgent message waiting for you,11/02/2022,wptoj@gmail.com
spam,thesmszone.com lets you send free anonymous and masked messages..im sending this message from there..do you see the potential for abuse???,16/02/2024,pftdp@gmail.com
spam,"WELL DONE! Your 4* Costa Del Sol Holiday or £5000 await collection. Call 09050090044 Now toClaim. SAE, TCs, POBox334, Stockport, SK38xh, Cost£1.50/pm, Max10mins",02/05/2022,fgutg@gmail.com
ham,Hurt me... Tease me... Make me cry... But in the end of my life when i die plz keep one rose on my grave and say STUPID I MISS U.. HAVE A NICE DAY BSLVYL,25/12/2022,qnzbd@gmail.com
ham,"Erm... Woodland avenue somewhere. Do you get the parish magazine, his telephone number will be in there.",11/10/2022,jtjay@gmail.com
ham,Are there TA jobs available? Let me know please cos i really need to start working,16/05/2024,xawqf@gmail.com
ham,Aiyar hard 2 type. U later free then tell me then i call n scold n tell u.,30/01/2022,wiiix@gmail.com
ham,Yup i'm free...,29/06/2022,oyrnd@gmail.com
ham,"Good good, billy mates all gone. Just been jogging, again! Did enjoy concert?",13/06/2023,kerdp@gmail.com
ham,Yo come over carlos will be here soon,13/06/2022,vcqyp@gmail.com
ham,Awww dat is sweet! We can think of something to do he he! Have a nice time tonight ill probably txt u later cos im lonely :( xxx.,30/04/2024,drqks@gmail.com
ham,I guess it is useless calling u 4 something important.,12/07/2022,afsfk@gmail.com
ham,Ha ha - had popped down to the loo when you hello-ed me. Hello!,17/07/2023,fjfyd@gmail.com
ham,He dint tell anything. He is angry on me that why you told to abi.,13/03/2022,ofelv@gmail.com
spam,Someone U know has asked our dating service 2 contact you! Cant Guess who? CALL 09058091854 NOW all will be revealed. PO BOX385 M6 6WU,10/08/2022,jwbsm@gmail.com
ham,It so happens that there r 2waxsto do wat you want. She can come and ill get her medical insurance. And she'll be able to deliver and have basic care. I'm currently shopping for the right medical insurance for her. So just give me til friday morning. Thats when i.ll see the major person that can guide me to the right insurance.,12/02/2024,mzeep@gmail.com
ham,I keep ten rs in my shelf:) buy two egg.,13/03/2024,lcyug@gmail.com
ham,"I wasn't well babe, i have swollen glands at my throat ... What did you end up doing ?",28/04/2023,xgyab@gmail.com
ham,Is ur changes 2 da report big? Cos i've already made changes 2 da previous report.,19/01/2023,zvqhf@gmail.com
ham,Captain is in our room:),30/09/2023,qqjzp@gmail.com
ham,"I can't speak, bcaz mobile have problem. I can listen you but you cann't listen my voice. So i calls you later.",07/06/2023,zkcea@gmail.com
ham,HIYA STU WOT U UP 2.IM IN SO MUCH TRUBLE AT HOME AT MOMENT EVONE HATES ME EVEN U! WOT THE HELL AV I DONE NOW? Y WONT U JUST TELL ME TEXT BCK PLEASE LUV DAN,25/05/2022,mocba@gmail.com
ham,S...i will take mokka players only:),06/11/2022,jjrsy@gmail.com
ham,Are you still playing with gautham?,21/01/2022,biqfs@gmail.com
ham,Hey mr  and I are going to the sea view and having a couple of gays I mean games! Give me a bell when ya finish,25/01/2023,umzfq@gmail.com
ham,"K, jason says he's gonna be around so I'll be up there around  &lt;#&gt;",21/06/2023,krmbt@gmail.com
ham,Sorry . I will be able to get to you. See you in the morning.,19/07/2022,atsjg@gmail.com
ham,Aight well keep me informed,02/08/2023,nxrmv@gmail.com
ham,I am not having her number sir,01/05/2022,fbzgj@gmail.com
ham,Am only searching for good dual sim mobile pa.,29/07/2023,eplmo@gmail.com
ham,That seems unnecessarily hostile,06/03/2023,zbozj@gmail.com
ham,Dude got a haircut. Now its breezy up there,22/03/2023,zvjge@gmail.com
spam,"Congrats! 2 mobile 3G Videophones R yours. call 09061744553 now! videochat wid ur mates, play java games, Dload polyH music, noline rentl. bx420. ip4. 5we. 150pm",20/03/2022,lhjqb@gmail.com
ham,1Apple/Day=No Doctor. 1Tulsi Leaf/Day=No Cancer. 1Lemon/Day=No Fat. 1Cup Milk/day=No Bone Problms 3 Litres Watr/Day=No Diseases Snd ths 2 Whom U Care..:-),11/07/2022,edksp@gmail.com
ham,i thought we were doing a king of the hill thing there.,19/09/2024,zixqm@gmail.com
ham,Nope i'll come online now..,11/08/2022,seyto@gmail.com
ham,ALSO TELL HIM I SAID HAPPY BIRTHDAY,23/06/2023,bndga@gmail.com
ham,Y bishan lei... I tot ü say lavender?,03/11/2024,bvnnp@gmail.com
ham,Boo what time u get out? U were supposed to take me shopping today. :(,05/10/2024,uyejw@gmail.com
ham,"Now u sound like manky scouse boy steve,like! I is travelling on da bus home.wot has u inmind 4 recreation dis eve?",12/03/2024,dqxxj@gmail.com
ham,"Fyi I'm taking a quick shower, be at epsilon in like  &lt;#&gt;  min",01/09/2023,qagei@gmail.com
ham,on a Tuesday night r u 4 real,22/07/2024,tgwuk@gmail.com
ham,Yes when is the appt again?,11/12/2022,mfvkj@gmail.com
ham,Just got outta class gonna go gym.,20/02/2023,uwtgl@gmail.com
ham,I want to sent  &lt;#&gt; mesages today. Thats y. Sorry if i hurts,13/10/2022,dmkdc@gmail.com
ham,Ü all write or wat..,21/09/2024,hvqbw@gmail.com
ham,Ha! I wouldn't say that I just didn't read anything into way u seemed. I don't like 2 be judgemental....i save that for fridays in the pub!,30/06/2022,qgiai@gmail.com
ham,Its a valentine game. . . send dis msg to all ur friends. . If 5 answers r d same then someone really loves u. . Ques- which colour suits me the best?,12/01/2022,jroiu@gmail.com
ham,Hi:)did you asked to waheeda fathima about leave?,06/04/2023,yzwau@gmail.com
ham,Enjoy urself tmr...,04/02/2024,smilv@gmail.com
ham,You still around? I could use a half-8th,22/04/2024,mqaco@gmail.com
spam,U 447801259231 have a secret admirer who is looking 2 make contact with U-find out who they R*reveal who thinks UR so special-call on 09058094597,23/05/2024,fehom@gmail.com
ham,You give us back my id proof and  &lt;#&gt;  rs. We wont allow you to work. We will come to your home within days,06/07/2024,azmwy@gmail.com
ham,Ü bot notes oredi... Cos i juz rem i got...,26/02/2023,jwhar@gmail.com
ham,Yes. Rent is very expensive so its the way we save.,02/06/2022,gbufm@gmail.com
ham,"Night has ended for another day, morning has come in a special way. May you smile like the sunny rays and leaves your worries at the blue blue bay. Gud mrng",27/12/2024,cypwu@gmail.com
ham,Hows the pain dear?y r u smiling?,06/09/2024,okxss@gmail.com
ham,"Fun fact: although you would think armand would eventually build up a tolerance or some shit considering how much he smokes, he gets fucked up in like 2 hits",31/05/2024,acgvu@gmail.com
spam,important information 4 orange user 0789xxxxxxx. today is your lucky day!2find out why log onto http://www.urawinner.com THERE'S A FANTASTIC SURPRISE AWAITING YOU!,14/01/2022,mcvyv@gmail.com
ham,"Sorry, I can't help you on this.",14/01/2024,gjfbh@gmail.com
ham,Great. So should i send you my account number.,28/05/2024,zucxq@gmail.com
ham,"HELLOGORGEOUS, HOWS U? MY FONE WAS ON CHARGE LST NITW WEN U TEXD ME. HOPEU AD A NICE WKEND AS IM SURE U DID LOOKIN 4WARD 2 C-IN U 2MRW LUV JAZ",30/01/2022,atrrv@gmail.com
spam,"Our dating service has been asked 2 contact U by someone shy! CALL 09058091870 NOW all will be revealed. POBox84, M26 3UZ 150p",12/08/2022,wkwzx@gmail.com
ham,Ü only send me the contents page...,02/06/2022,nfjdy@gmail.com
ham,"Night sweet, sleep well! I've just been to see The Exorcism of Emily Rose and may never sleep again! Hugs and snogs!",25/05/2024,mdirq@gmail.com
ham,"Don't Think About ""What u Have Got"" Think About ""How to Use It That You Have Got"" gooD ni8",13/11/2023,qycwe@gmail.com
ham,"I can't right this second, gotta hit people up first",11/03/2022,ntecf@gmail.com
ham,"Evry Emotion dsn't hav Words.Evry Wish dsn't hav Prayrs.. If u Smile,D World is wit u.Othrwise even d Drop of Tear dsn't lik 2 Stay wit u.So b happy.. Good morning, keep smiling:-)",13/01/2024,emtrb@gmail.com
ham,So what about you. What do you remember,26/09/2022,hzhbg@gmail.com
ham,Ujhhhhhhh computer shipped out with address to sandiago and parantella lane. Wtf. Poop.,04/05/2023,xbmau@gmail.com
ham,Mm yes dear look how i am hugging you both. :-P,14/10/2024,ngdhe@gmail.com
ham,I like dis sweater fr mango but no more my size already so irritating.,28/01/2024,vubvx@gmail.com
ham,1 I don't have her number and 2 its gonna be a massive pain in the ass and i'd rather not get involved if that's possible,18/02/2024,ctgck@gmail.com
ham,Anytime lor...,15/06/2023,vqrip@gmail.com
spam,Do you want a new Video handset? 750 any time any network mins? UNLIMITED TEXT? Camcorder? Reply or Call now 08000930705 for del Sat AM,20/05/2023,fhwpl@gmail.com
ham,Purity of friendship between two is not about smiling after reading the forwarded message..Its about smiling just by seeing the name. Gud evng,07/04/2023,xkcmm@gmail.com
spam,"Ur balance is now £600. Next question: Complete the landmark, Big, A. Bob, B. Barry or C. Ben ?. Text A, B or C to 83738. Good luck!",27/07/2023,eutbr@gmail.com
ham,Me fine..absolutly fine,28/06/2024,bvhxu@gmail.com
ham,K and you're sure I don't have to have consent forms to do it :V,25/11/2023,uemkt@gmail.com
spam,Ur TONEXS subscription has been renewed and you have been charged £4.50. You can choose 10 more polys this month. www.clubzed.co.uk *BILLING MSG*,08/06/2024,suhfe@gmail.com
spam,"If you don't, your prize will go to another customer. T&C at www.t-c.biz 18+ 150p/min Polo Ltd Suite 373 London W1J 6HL Please call back if busy",16/09/2024,mpbcz@gmail.com
ham,How much is torch in 9ja.,04/12/2024,wswdx@gmail.com
ham,"Doing nothing, then u not having dinner w us?",03/11/2024,yioeo@gmail.com
ham,How are you. Just checking up on you,17/08/2023,fisgf@gmail.com
ham,Done it but internet connection v slow and can‘t send it. Will try again later or first thing tomo.,17/08/2022,zqkuj@gmail.com
ham,Mathews or tait or edwards or anderson,01/08/2022,qemkg@gmail.com
ham,yeah sure thing mate haunt got all my stuff sorted but im going sound anyway promoting hex for .by the way who is this? dont know number. Joke,21/12/2022,zhjlz@gmail.com
ham,No need lar i go engin? Cos my sis at arts today...,21/08/2022,ycxgv@gmail.com
ham,Thanks honey but still haven't heard anything I will leave it a bit longer so not 2 crowd him and will try later - great advice thanks hope cardiff is still there!,09/08/2022,zelhl@gmail.com
spam,Do you want a New Nokia 3510i Colour Phone Delivered Tomorrow? With 200 FREE minutes to any mobile + 100 FREE text + FREE camcorder Reply or Call 8000930705,03/05/2024,yghhh@gmail.com
ham,", im .. On the snowboarding trip. I was wondering if your planning to get everyone together befor we go..a meet and greet kind of affair? Cheers,",10/08/2022,xsenz@gmail.com
ham,S.i'm watching it in live..,22/03/2024,qmfiw@gmail.com
ham,"see you then, we're all christmassy here!",18/04/2022,ndlhx@gmail.com
ham,"K I'm ready,  &lt;#&gt; ?",22/05/2023,yakam@gmail.com
ham,"Do you know why god created gap between your fingers..? So that, One who is made for you comes &amp; fills those gaps by holding your hand with LOVE..!",02/10/2023,lllrx@gmail.com
ham,The greatest test of courage on earth is to bear defeat without losing heart....gn tc,10/09/2022,synrm@gmail.com
ham,what are your new years plans?,24/05/2022,xpvzx@gmail.com
spam,RECPT 1/3. You have ordered a Ringtone. Your order is being processed...,23/11/2022,ecvbe@gmail.com
ham,Baaaaaaaabe! Wake up ! I miss you ! I crave you! I need you!,08/07/2022,aarex@gmail.com
ham,"Only just got this message, not ignoring you. Yes, i was. Shopping that is",21/08/2024,oohsx@gmail.com
ham,Dear :-/ why you mood off. I cant drive so i brother to drive,13/10/2024,xkotb@gmail.com
ham,When did dad get back.,01/02/2023,eepek@gmail.com
ham,"Can you tell Shola to please go to college of medicine and visit the academic department, tell the academic secretary what the current situation is and ask if she can transfer there. She should ask someone to check Sagamu for the same thing and lautech. Its vital she completes her medical education in Nigeria. Its less expensive much less expensive. Unless she will be getting citizen rates in new zealand.",06/05/2023,ewgmv@gmail.com
ham,Yes just finished watching days of our lives. I love it.,19/05/2023,htuti@gmail.com
ham,Juz go google n search 4 qet...,29/04/2024,kgzxq@gmail.com
ham,Many times we lose our best ones bcoz we are,21/11/2022,lgzxg@gmail.com
ham,"Good FRIENDS CaRE for each Other.. CLoSE Friends UNDERSTaND each Other... and TRUE Friends STaY forever beyond words, beyond time. Gud ni8",03/03/2023,zcidt@gmail.com
ham,Just getting back home,10/10/2022,mdfup@gmail.com
ham,"Sorry, I'll call later  &lt;#&gt; mins",19/03/2023,pjlkv@gmail.com
ham,Dun need to use dial up juz open da browser n surf...,16/02/2023,rakqe@gmail.com
spam,As one of our registered subscribers u can enter the draw 4 a 100 G.B. gift voucher by replying with ENTER. To unsubscribe text STOP,14/09/2024,vvwmo@gmail.com
ham,"Awesome, plan to get here any time after like  &lt;#&gt; , I'll text you details in a wee bit",18/05/2023,xrann@gmail.com
ham,Take care and sleep well.you need to learn to change in life.you only need to get CONVINCED on that.i will wait but no more conversations between us.GET CONVINCED by that time.Your family is over for you in many senses.respect them but not overemphasise.or u have no role in my life.,11/05/2023,zqymm@gmail.com
spam,"For your chance to WIN a FREE Bluetooth Headset then simply reply back with ""ADP""",25/08/2023,niyoh@gmail.com
ham,You also didnt get na hi hi hi hi hi,10/12/2022,sypwi@gmail.com
ham,Ya but it cant display internal subs so i gotta extract them,14/07/2022,bdbjs@gmail.com
ham,If i said anything wrong sorry de:-),02/05/2023,knaoz@gmail.com
ham,Sad story of a Man - Last week was my b'day. My Wife did'nt wish me. My Parents forgot n so did my Kids . I went to work. Even my Colleagues did not wish.,05/02/2022,ujrvv@gmail.com
ham,How stupid to say that i challenge god.You dont think at all on what i write instead you respond immed.,17/01/2022,qdlnl@gmail.com
ham,"Yeah I should be able to, I'll text you when I'm ready to meet up",25/02/2022,oxevc@gmail.com
ham,V skint too but fancied few bevies.waz gona go meet &othrs in spoon but jst bin watchng planet earth&sofa is v comfey; If i dont make it hav gd night,07/04/2022,ddhdy@gmail.com
ham,"says that he's quitting at least5times a day so i wudn't take much notice of that. Nah, she didn't mind. Are you gonna see him again? Do you want to come to taunton tonight? U can tell me all about !",20/03/2023,xfnaw@gmail.com
ham,"When you get free, call me",13/10/2022,jbsvj@gmail.com
ham,How have your little darlings been so far this week? Need a coffee run tomo?Can't believe it's that time of week already …,07/09/2023,bserz@gmail.com
ham,Ok i msg u b4 i leave my house.,19/08/2022,rwdaf@gmail.com
ham,Still at west coast... Haiz... Ü'll take forever to come back...,11/07/2022,xsaap@gmail.com
ham,MMM ... Fuck .... Merry Christmas to me,02/04/2024,rlzpa@gmail.com
ham,alright. Thanks for the advice. Enjoy your night out. I'ma try to get some sleep...,26/06/2023,zqbpc@gmail.com
ham,Update your face book status frequently :),20/10/2023,reamr@gmail.com
ham,Just now saw your message.it k da:),06/10/2024,qozzf@gmail.com
ham,Was it something u ate?,30/07/2024,akbsc@gmail.com
ham,So what did the bank say about the money?,12/07/2024,yoejn@gmail.com
ham,Aiyar dun disturb u liao... Thk u have lots 2 do aft ur cupboard come...,06/05/2024,huyle@gmail.com
ham,Hey they r not watching movie tonight so i'll prob b home early...,01/01/2024,mkode@gmail.com
ham,Yar lor... How u noe? U used dat route too?,26/05/2023,yynjc@gmail.com
ham,2mro i am not coming to gym machan. Goodnight.,11/06/2022,wibap@gmail.com
ham,Dont think you need yellow card for uk travel. Ask someone that has gone before. If you do its just  &lt;#&gt; bucks,08/10/2023,kfsrg@gmail.com
ham,Can u look 4 me in da lib i got stuff havent finish yet.,07/08/2023,jhlfa@gmail.com
ham,Sounds great! Im going to sleep now. Have a good night!,10/02/2024,yjpfb@gmail.com
spam,Don't b floppy... b snappy & happy! Only gay chat service with photo upload call 08718730666 (10p/min). 2 stop our texts call 08712460324,17/07/2022,opokj@gmail.com
ham,"House-Maid is the murderer, coz the man was murdered on  &lt;#&gt; th January.. As public holiday all govt.instituitions are closed,including post office..understand?",24/11/2022,xvsod@gmail.com
ham,How come u got nothing to do?,23/05/2022,hnrsl@gmail.com
ham,Nothing will ever be easy. But don't be looking for a reason not to take a risk on life and love,02/10/2024,aazvs@gmail.com
ham,i want to grasp your pretty booty :),19/11/2023,eoqfs@gmail.com
ham,I've got it down to a tea. not sure which flavour,10/12/2024,jfuvq@gmail.com
ham,I'm going 2 orchard now laready me reaching soon. U reaching?,10/11/2024,sozmo@gmail.com
ham,Dear i am not denying your words please,27/01/2023,aqdky@gmail.com
ham,You know my old Dom I told you about yesterday ? His name is Roger? He got in touch with me last night and wants me to meet him today at 2 pm,06/07/2022,evhin@gmail.com
ham,COME BACK TO TAMPA FFFFUUUUUUU,10/09/2023,muztx@gmail.com
ham,"2 celebrate my bday, y else?",16/08/2024,sjjlz@gmail.com
ham,Merry christmas to u too annie!,23/03/2022,gtbtl@gmail.com
ham,Please tell me you have some of that special stock you were talking about,25/12/2024,qyjzz@gmail.com
ham,I sent them. Do you like?,01/08/2024,yocmr@gmail.com
spam,"Urgent UR awarded a complimentary trip to EuroDisinc Trav, Aco&Entry41 Or £1000. To claim txt DIS to 87121 18+6*£1.50(moreFrmMob. ShrAcomOrSglSuplt)10, LS1 3AJ",04/04/2022,agghd@gmail.com
ham,"Awesome, be there in a minute",18/11/2022,elowr@gmail.com
ham,"And that is the problem. You walk around in ""julianaland"" oblivious to what is going on around you. I say the same things constantly and they go in one ear and out the other while you go off doing whatever you want to do. It's not that you don't know why I'm upset--it's that you don't listen when i tell you WHAT is going to upset me. Then you want to be surprised when I'm mad.",13/03/2023,yajoc@gmail.com
ham,I've told you everything will stop. Just dont let her get dehydrated.,14/11/2024,mevqy@gmail.com
ham,Or I guess  &lt;#&gt;  min,24/05/2023,efucs@gmail.com
ham,I'm home. Ard wat time will u reach?,25/09/2024,fcdic@gmail.com
ham,"Storming msg: Wen u lift d phne, u say ""HELLO"" Do u knw wt is d real meaning of HELLO?? . . . It's d name of a girl..! . . . Yes.. And u knw who is dat girl?? ""Margaret Hello"" She is d girlfrnd f Grahmbell who invnted telphone... . . . . Moral:One can 4get d name of a person, bt not his girlfrnd... G o o d n i g h t . . .@",11/12/2022,vqkjz@gmail.com
ham,"If you want to mapquest it or something look up ""usf dogwood drive"", that's the tiny street where the parking lot is",16/01/2023,kqluo@gmail.com
ham,Aight should I just plan to come up later tonight?,11/09/2022,wewqs@gmail.com
ham,Die... I accidentally deleted e msg i suppose 2 put in e sim archive. Haiz... I so sad...,05/10/2023,jpiga@gmail.com
spam,"Welcome to UK-mobile-date this msg is FREE giving you free calling to 08719839835. Future mgs billed at 150p daily. To cancel send ""go stop"" to 89123",16/06/2022,oyxlh@gmail.com
ham,This is wishing you a great day. Moji told me about your offer and as always i was speechless. You offer so easily to go to great lengths on my behalf and its stunning. My exam is next friday. After that i will keep in touch more. Sorry.,08/05/2022,xoneq@gmail.com
ham,"Thanks again for your reply today. When is ur visa coming in. And r u still buying the gucci and bags. My sister things are not easy, uncle john also has his own bills so i really need to think about how to make my own money. Later sha.",27/11/2022,kfybu@gmail.com
ham,"Sorry I flaked last night, shit's seriously goin down with my roommate, what you up to tonight?",27/09/2024,qpviw@gmail.com
ham,He said i look pretty wif long hair wat. But i thk he's cutting quite short 4 me leh.,03/03/2023,ilrjg@gmail.com
ham,Ranjith cal drpd Deeraj and deepak 5min hold,29/04/2023,pyyml@gmail.com
ham,CHEERS FOR CALLIN BABE.SOZI CULDNT TALKBUT I WANNATELL U DETAILS LATER WENWECAN CHAT PROPERLY X,13/02/2024,atwos@gmail.com
ham,Hey u still at the gym?,15/10/2023,daqlp@gmail.com
ham,"She said,'' do u mind if I go into the bedroom for a minute ? '' ''OK'', I sed in a sexy mood. She came out 5 minuts latr wid a cake...n My Wife,",09/10/2024,nwnzm@gmail.com
ham,Much better now thanks lol,07/07/2022,mfgtu@gmail.com
ham,"Nothing, smsing u n xy lor. Sorry lor da guys neva c u in person but they sort of know u lor. So u wan 2 meet them xy ask me 2 bring u along 4 our next meeting.",31/10/2022,iyhaw@gmail.com
ham,"Lemme know when I can swing by and pick up, I'm free basically any time after 1 all this semester",30/11/2023,jmeua@gmail.com
ham,Wa... U so efficient... Gee... Thanx...,14/07/2023,xzofi@gmail.com
spam,3. You have received your mobile content. Enjoy,30/10/2022,xsztn@gmail.com
ham,S but not able to sleep.,22/01/2024,ltjfy@gmail.com
spam,Want explicit SEX in 30 secs? Ring 02073162414 now! Costs 20p/min,18/04/2023,rcqte@gmail.com
ham,We will meet soon princess! Ttyl!,18/06/2022,qaixc@gmail.com
ham,I'll pick you up at about 5.15pm to go to taunton if you still want to come.,01/05/2023,skyee@gmail.com
ham,Oh :-)only 4 outside players allowed to play know,17/07/2023,iwhbn@gmail.com
ham,I anything lor.,13/11/2022,mlnmj@gmail.com
ham,Erutupalam thandiyachu,12/05/2024,btqun@gmail.com
ham,"Y cant u try new invention to fly..i'm not joking.,",05/06/2022,imimx@gmail.com
ham,No..its ful of song lyrics..,17/11/2023,qhxsn@gmail.com
ham,"What do u reckon as need 2 arrange transport if u can't do it, thanks",23/07/2023,bgzuq@gmail.com
ham,True lov n care wil nevr go unrecognized. though somone often makes mistakes when valuing it. but they will definitly undrstnd once when they start missing it.,11/02/2023,hozcn@gmail.com
ham,Shopping? Eh ger i toking abt syd leh...Haha,06/02/2022,ldqul@gmail.com
ham,What not under standing.,04/04/2024,iquip@gmail.com
ham,have * good weekend.,27/02/2024,kgfqq@gmail.com
ham,Miss call miss call khelate kintu opponenter miss call dhorte lage. Thats d rule. One with great phone receiving quality wins.,03/05/2024,oqjfr@gmail.com
ham,Call me when you get the chance plz &lt;3,08/05/2023,ciuqh@gmail.com
ham,The new deus ex game comin early next yr,25/12/2023,rrjqc@gmail.com
ham,My computer just fried the only essential part we don't keep spares of because my fucking idiot roommates looovvve leaving the thing running on full  &lt;#&gt; /7,03/02/2024,frhwv@gmail.com
ham,"My friend, she's studying at warwick, we've planned to go shopping and to concert tmw, but it may be canceled, havn't seen  for ages, yeah we should get together sometime!",14/12/2024,nwnyb@gmail.com
ham,Probably a couple hours tops,21/04/2024,fdonh@gmail.com
ham,"LOL .. *grins* .. I'm not babe, but thanks for thinking of me!",28/02/2023,ajwaa@gmail.com
ham,Man this bus is so so so slow. I think you're gonna get there before me,01/07/2022,qbtqe@gmail.com
ham,Hope this text meets you smiling. If not then let this text give you a reason to smile. Have a beautiful day.,11/09/2024,aqkct@gmail.com
ham,"In case you wake up wondering where I am, I forgot I have to take care of something for grandma today, should be done before the parade",06/05/2024,jtjjz@gmail.com
ham,Ok,16/09/2024,fmeht@gmail.com
spam,"Latest Nokia Mobile or iPOD MP3 Player +£400 proze GUARANTEED! Reply with: WIN to 83355 now! Norcorp Ltd.£1,50/Mtmsgrcvd18+",11/06/2024,rooyd@gmail.com
spam,"SMS SERVICES. for your inclusive text credits, pls goto www.comuk.net login= 3qxj9 unsubscribe with STOP, no extra charge. help 08702840625.COMUK. 220-CM2 9AE",03/11/2024,qqaye@gmail.com
ham,Nvm take ur time.,02/06/2023,tqfnn@gmail.com
ham,So wat's da decision?,04/05/2024,rpisk@gmail.com
ham,Wot is u up 2 then bitch?,22/08/2024,rlxpo@gmail.com
ham,Stupid.its not possible,22/09/2023,jxznt@gmail.com
ham,She told to hr that he want posting in chennai:)because i'm working here:),27/09/2024,nogsc@gmail.com
spam,Mobile Club: Choose any of the top quality items for your mobile. 7cfca1a,15/03/2024,acelr@gmail.com
ham,When are you guys leaving?,18/01/2023,mntfy@gmail.com
ham,He neva grumble but i sad lor... Hee... Buy tmr lor aft lunch. But we still meetin 4 lunch tmr a not. Neva hear fr them lei. Ü got a lot of work ar?,23/07/2023,gbkzs@gmail.com
ham,Not able to do anything.,09/09/2023,dnsla@gmail.com
ham,Ü takin linear algebra today?,16/11/2023,kaxlq@gmail.com
ham,This weekend is fine (an excuse not to do too much decorating),10/12/2022,ajjpp@gmail.com
ham,"Sorry I missed you babe. I was up late and slept in. I hope you enjoy your driving lesson, boytoy. I miss you too ... *teasing kiss*",13/08/2023,yswye@gmail.com
ham,Now project pa. After that only i can come.,14/01/2024,txbaj@gmail.com
spam,Money i have won wining number 946 wot do i do next,31/08/2024,fvzgy@gmail.com
ham,"Sure, whenever you show the fuck up &gt;:(",11/09/2023,jfhxy@gmail.com
ham,That was random saw my old roomate on campus. He graduated,26/05/2022,zrhre@gmail.com
spam,"Congrats! 2 mobile 3G Videophones R yours. call 09061744553 now! videochat wid ur mates, play java games, Dload polyH music, noline rentl. bx420. ip4. 5we. 150pm",21/09/2024,kytvh@gmail.com
ham,"Men always needs a beautiful, intelligent, caring, loving, adjustable, cooperative wife. But the law allows only one wife....",27/11/2023,ygwpi@gmail.com
ham,That sucks. So what do you got planned for your yo valentine? I am your yo valentine aren't I?,30/12/2023,lkiwa@gmail.com
ham,"Just got part Nottingham - 3 hrs 63miles. Good thing i love my man so much, but only doing 40mph. Hey ho",31/08/2022,phkzw@gmail.com
ham,What to think no one saying clearly. Ok leave no need to ask her. I will go if she come or not,27/12/2023,ocspx@gmail.com
ham,Hi good mornin.. Thanku wish u d same..,27/09/2023,aadjc@gmail.com
ham,DO U WANT 2 MEET UP 2MORRO,14/07/2024,ajqsq@gmail.com
ham,Actually I decided I was too hungry so I haven't left yet :V,06/09/2022,szyvj@gmail.com
ham,I've sent ü my part..,08/09/2023,pumuj@gmail.com
ham,Cos i was out shopping wif darren jus now n i called him 2 ask wat present he wan lor. Then he started guessing who i was wif n he finally guessed darren lor.,12/06/2022,jtapt@gmail.com
spam,"I want some cock! My hubby's away, I need a real man 2 satisfy me. Txt WIFE to 89938 for no strings action. (Txt STOP 2 end, txt rec £1.50ea. OTBox 731 LA1 7WS. )",15/09/2023,jmhia@gmail.com
ham,Understand. his loss is my gain :) so do you work? School?,15/08/2024,ucomg@gmail.com
ham,HOW ARE U? I HAVE MISSED U! I HAVENT BEEN UP 2 MUCH A BIT BORED WITH THE HOLIDAY WANT 2 GO BAK 2 COLLEGE! SAD ISNT IT?xx,10/12/2024,jzlvg@gmail.com
ham,"Hiya, probably coming home * weekend after next",25/06/2023,cfrjr@gmail.com
ham,Don't forget though that I love you .... And I walk beside you. Watching over you and keeping your heart warm.,28/03/2023,axnht@gmail.com
ham,I wish things were different. I wonder when i will be able to show you how much i value you. Pls continue the brisk walks no drugs without askin me please and find things to laugh about. I love you dearly.,16/09/2024,vhuqo@gmail.com
ham,Ok both our days. So what are you making for dinner tonite? Am I invited?,04/11/2024,tisxp@gmail.com
spam,Gr8 new service - live sex video chat on your mob - see the sexiest dirtiest girls live on ur phone - 4 details text horny to 89070 to cancel send STOP to 89070,10/02/2023,cjgcv@gmail.com
ham,I have no money 4 steve mate! !,22/06/2023,xphgg@gmail.com
ham,IM LATE TELLMISS IM ON MY WAY,27/05/2023,unxqx@gmail.com
ham,Never blame a day in ur life. Good days give u happiness. Bad days give u experience. Both are essential in life! All are Gods blessings! good morning.:,12/04/2022,zdrkx@gmail.com
ham,Normally i use to drink more water daily:),16/06/2024,gzxas@gmail.com
ham,Dare i ask... Any luck with sorting out the car?,14/01/2024,plcaj@gmail.com
ham,"Party's at my place at usf, no charge (but if you can contribute in any way it is greatly appreciated) and yeah, we got room for one more",26/03/2024,kvuit@gmail.com
ham,"Urgh, coach hot, smells of chip fat! Thanks again, especially for the duvet (not a predictive text word).",23/01/2023,tlngk@gmail.com
ham,Hiya. How was last night? I've been naughty and bought myself clothes and very little ... Ready for more shopping tho! What kind of time do you wanna meet?,25/05/2024,kayel@gmail.com
spam,FreeMsg Hi baby wow just got a new cam moby. Wanna C a hot pic? or Fancy a chat?Im w8in 4uTxt / rply CHAT to 82242 Hlp 08712317606 Msg150p 2rcv,20/01/2023,sosha@gmail.com
ham,I've been trying to reach him without success,15/01/2024,jmbdo@gmail.com
ham,when you and derek done with class?,29/09/2023,lstvi@gmail.com
ham,Never y lei... I v lazy... Got wat? Dat day ü send me da url cant work one...,09/11/2024,gmmbb@gmail.com
ham,Never try alone to take the weight of a tear that comes out of ur heart and falls through ur eyes... Always remember a STUPID FRIEND is here to share... BSLVYL,21/11/2024,immwz@gmail.com
ham,Hey mate. Spoke to the mag people. We‘re on.  the is deliver by the end of the month. Deliver on the 24th sept. Talk later.,10/11/2023,otqcp@gmail.com
ham,Hope you are having a good week. Just checking in,09/08/2022,grljy@gmail.com
ham,"Haha, my friend tyler literally just asked if you could get him a dubsack",28/07/2024,fjpmr@gmail.com
ham,Hey! do u fancy meetin me at 4 at cha  hav a lil beverage on me. if not txt or ring me and we can meet up l8r. quite tired got in at 3 v.pist ;) love Pete x x x,15/10/2023,voxtt@gmail.com
ham,Great. Have a safe trip. Dont panic surrender all.,03/09/2023,gfiac@gmail.com
ham,"SYMPTOMS when U are in love: ""1.U like listening songs 2.U get stopped where u see the name of your beloved 3.U won't get angry when your",03/02/2024,gyffu@gmail.com
ham,Sun ah... Thk mayb can if dun have anythin on... Thk have to book e lesson... E pilates is at orchard mrt u noe hor...,17/07/2024,gqqyb@gmail.com
ham,Try to do something dear. You read something for exams,15/12/2024,ndfma@gmail.com
ham,"7 wonders in My WORLD 7th You 6th Ur style 5th Ur smile 4th Ur Personality 3rd Ur Nature 2nd Ur SMS and 1st ""Ur Lovely Friendship""... good morning dear",18/02/2023,ptpqi@gmail.com
ham,Gettin rdy to ship comp,11/11/2023,kttgk@gmail.com
ham,I am in hospital da. . I will return home in evening,05/01/2023,megtr@gmail.com
ham,PISS IS TALKING IS SOMEONE THAT REALISE U THAT POINT THIS AT IS IT.(NOW READ IT BACKWARDS),29/09/2022,itpmg@gmail.com
ham,Think + da. You wil do.,29/07/2024,dadol@gmail.com
ham,I'm awake oh. What's up.,16/11/2024,iugyx@gmail.com
ham,Good afternoon my boytoy. How goes that walking here and there day ? Did you get that police abstract? Are you still out and about? I wake and miss you babe,08/11/2022,tgvfj@gmail.com
ham,How much u trying to get?,13/03/2024,bbbdr@gmail.com
ham,"Come around  &lt;DECIMAL&gt; pm vikky..i'm otside nw, il come by tht time",17/01/2024,ppcuh@gmail.com
ham,Tell me again what your address is,14/03/2024,ajphh@gmail.com
ham,"Honeybee Said: *I'm d Sweetest in d World* God Laughed &amp; Said: *Wait,U Havnt Met d Person Reading This Msg* MORAL: Even GOD Can Crack Jokes! GM+GN+GE+GN:)",06/05/2023,zezze@gmail.com
ham,Should i buy him a blackberry bold 2 or torch. Should i buy him new or used. Let me know. Plus are you saying i should buy the  &lt;#&gt; g wifi ipad. And what are you saying about the about the  &lt;#&gt; g?,01/12/2023,trfow@gmail.com
ham,But you were together so you should be thinkin about him,25/12/2024,qzzbv@gmail.com
ham,hiya hows it going in sunny africa? hope u r avin a good time. give that big old silver back a big kiss from me.,29/05/2024,uwthk@gmail.com
ham,At WHAT TIME should i come tomorrow,27/12/2024,rmgpr@gmail.com
spam,Wanna have a laugh? Try CHIT-CHAT on your mobile now! Logon by txting the word: CHAT and send it to No: 8883 CM PO Box 4217 London W1A 6ZF 16+ 118p/msg rcvd,09/05/2022,wsubp@gmail.com
ham,"CHA QUITEAMUZING THATSCOOL BABE,PROBPOP IN & CU SATTHEN HUNNY 4BREKKIE! LOVE JEN XXX. PSXTRA LRG PORTIONS 4 ME PLEASE ",02/05/2023,owbaa@gmail.com
ham,Omg how did u know what I ate?,25/07/2023,ymnnn@gmail.com
spam,URGENT! This is the 2nd attempt to contact U!U have WON £1000CALL 09071512432 b4 300603t&csBCM4235WC1N3XX.callcost150ppmmobilesvary. max£7. 50,25/09/2022,qwvgx@gmail.com
ham,:( but your not here....,19/05/2023,vfdsz@gmail.com
ham,Not directly behind... Abt 4 rows behind ü...,19/02/2022,ravxj@gmail.com
spam,Congratulations ur awarded 500 of CD vouchers or 125gift guaranteed & Free entry 2 100 wkly draw txt MUSIC to 87066,12/05/2024,gerco@gmail.com
spam,"Had your contract mobile 11 Mnths? Latest Motorola, Nokia etc. all FREE! Double Mins & Text on Orange tariffs. TEXT YES for callback, no to remove from records",14/02/2024,vbuhi@gmail.com
spam,"Urgent! call 09066350750 from your landline. Your complimentary 4* Ibiza Holiday or 10,000 cash await collection SAE T&Cs PO BOX 434 SK3 8WP 150 ppm 18+",17/09/2024,pckmt@gmail.com
ham,No plans yet. What are you doing ?,30/07/2024,cqzgm@gmail.com
ham,Hi ....My engagement has been fixd on  &lt;#&gt; th of next month. I know its really shocking bt....hmm njan vilikkam....t ws al of a sudn;-(.,16/03/2023,edbll@gmail.com
ham,Not course. Only maths one day one chapter with in one month we can finish.,27/05/2022,ehtdu@gmail.com
ham,Wow didn't think it was that common. I take it all back ur not a freak! Unless u chop it off:-),01/01/2024,kphmt@gmail.com
spam,"For ur chance to win a £250 wkly shopping spree TXT: SHOP to 80878. T's&C's www.txt-2-shop.com custcare 08715705022, 1x150p/wk",16/04/2023,jxcuh@gmail.com
ham,Noooooooo please. Last thing I need is stress. For once in your life be fair.,22/01/2024,xjmsn@gmail.com
spam,U have a Secret Admirer who is looking 2 make contact with U-find out who they R*reveal who thinks UR so special-call on 09065171142-stopsms-08718727870150ppm,29/01/2024,ztdop@gmail.com
spam,"Mila, age23, blonde, new in UK. I look sex with UK guys. if u like fun with me. Text MTALK to 69866.18 . 30pp/txt 1st 5free. £1.50 increments. Help08718728876",07/03/2022,rayhu@gmail.com
ham,"I'll see if I can swing by in a bit, got some things to take care of here firsg",28/06/2023,aojex@gmail.com
ham,I wanted to wish you a Happy New Year and I wanted to talk to you about some legal advice to do with when Gary and I split but in person. I'll make a trip to Ptbo for that. I hope everything is good with you babe and I love ya :),08/11/2024,vlrcc@gmail.com
ham,Have you not finished work yet or something?,29/01/2022,wlkyo@gmail.com
ham,Tomorrow i am not going to theatre. . . So i can come wherever u call me. . . Tell me where and when to come tomorrow,25/01/2022,iousm@gmail.com
spam,Well done ENGLAND! Get the official poly ringtone or colour flag on yer mobile! text TONE or FLAG to 84199 NOW! Opt-out txt ENG STOP. Box39822 W111WX £1.50,14/07/2022,qyjfm@gmail.com
ham,Right it wasnt you who phoned it was someone with a number like yours!,11/07/2022,xezir@gmail.com
ham,It's ok i wun b angry. Msg u aft i come home tonight.,13/02/2024,efbho@gmail.com
ham,I had a good time too. Its nice to do something a bit different with my weekends for a change. See ya soon,24/02/2022,tduxl@gmail.com
ham,Yo sorry was in the shower sup,21/03/2023,ipjza@gmail.com
ham,"Carlos is down but I have to pick it up from him, so I'll swing by usf in a little bit",19/10/2023,rzcmk@gmail.com
ham,Full heat pa:-) i have applyed oil pa.,30/04/2022,xonux@gmail.com
ham,I'm stuck in da middle of da row on da right hand side of da lt...,23/05/2024,hnrue@gmail.com
ham,Have you laid your airtel line to rest?,16/08/2022,kenmi@gmail.com
ham,Hi did u decide wot 2 get 4 his bday if not ill prob jus get him a voucher frm virgin or sumfing,17/05/2024,hdvnk@gmail.com
spam,FreeMsg: Txt: CALL to No: 86888 & claim your reward of 3 hours talk time to use from your phone now! Subscribe6GBP/mnth inc 3hrs 16 stop?txtStop,12/10/2022,hparz@gmail.com
ham,"Hey j! r u feeling any better, hopeSo hunny. i amnow feelin ill & ithink i may have tonsolitusaswell! damn iam layin in bedreal bored. lotsof luv me xxxx",17/08/2022,zkfwy@gmail.com
ham,And I don't plan on staying the night but I prolly won't be back til late,27/03/2022,atrov@gmail.com
ham,THANX 4 PUTTIN DA FONE DOWN ON ME!!,01/05/2023,yaifn@gmail.com
ham,"I need an 8th but I'm off campus atm, could I pick up in an hour or two?",08/10/2024,pxduv@gmail.com
ham,"Oh... Haha... Den we shld had went today too... Gee, nvm la... Kaiez, i dun mind goin jazz oso... Scared hiphop open cant catch up...",25/02/2024,odrtv@gmail.com
ham,Been running but only managed 5 minutes and then needed oxygen! Might have to resort to the roller option!,11/09/2023,miwgv@gmail.com
ham,We live in the next  &lt;#&gt; mins,12/11/2024,efnhu@gmail.com
ham,Y de asking like this.,23/07/2024,nyjde@gmail.com
ham,Just glad to be talking to you.,19/10/2022,hdint@gmail.com
ham,Wat time ü finish?,27/03/2024,mzhrh@gmail.com
ham,Sorry da. I gone mad so many pending works what to do.,13/04/2022,nikeh@gmail.com
ham,How much you got for cleaning,11/08/2022,enfrq@gmail.com
ham,hows my favourite person today? r u workin hard? couldn't sleep again last nite nearly rang u at 4.30,04/12/2022,idyst@gmail.com
spam,Sunshine Quiz! Win a super Sony DVD recorder if you canname the capital of Australia? Text MQUIZ to 82277. B,10/09/2022,qiknh@gmail.com
ham,Ü called dad oredi...,03/05/2023,jqokx@gmail.com
ham,Good. do you think you could send me some pix? I would love to see your top and bottom...,21/11/2024,vemcj@gmail.com
ham,Nvm... I'm going to wear my sport shoes anyway... I'm going to be late leh.,24/07/2022,ojzvv@gmail.com
ham,"Sorry, I'll call later In meeting.",20/05/2024,bxkxm@gmail.com
ham,THIS IS A LONG FUCKIN SHOWR,03/03/2022,utuhk@gmail.com
ham,"Received, understood n acted upon!",18/03/2024,mucam@gmail.com
ham,They finally came to fix the ceiling.,08/07/2023,eegit@gmail.com
ham,"U need my presnts always bcz U cant mis love. ""jeevithathile irulinae neekunna prakasamanu sneham"" prakasam ennal prabha 'That mns prabha is'LOVE' Got it. Dont mis me....",04/10/2022,muppp@gmail.com
ham,Jus finish blowing my hair. U finish dinner already?,24/04/2024,dlahh@gmail.com
ham,I'm on the bus. Love you,16/06/2023,ehqcd@gmail.com
ham,Lol ... I knew that .... I saw him in the dollar store,19/01/2023,lrtjc@gmail.com
spam,Please call our customer service representative on 0800 169 6031 between 10am-9pm as you have WON a guaranteed £1000 cash or £5000 prize!,05/07/2022,lgtnr@gmail.com
spam,Todays Voda numbers ending with 7634 are selected to receive a £350 reward. If you have a match please call 08712300220 quoting claim code 7684 standard rates apply.,13/06/2024,ekefc@gmail.com
ham,Only saturday and sunday holiday so its very difficult:),15/07/2023,xknjl@gmail.com
ham,Everybody had fun this evening. Miss you.,23/01/2022,ulrgq@gmail.com
ham,"Got hella gas money, want to go on a grand nature adventure with galileo in a little bit?",16/08/2024,nfkue@gmail.com
ham,"I'm in a meeting, call me later at",09/07/2023,spyrx@gmail.com
ham,Oh wow thats gay. Will firmware update help,26/07/2022,xkrxa@gmail.com
ham,These won't do. Have to move on to morphine,26/10/2023,gjfhu@gmail.com
ham,How come i din c ü... Yup i cut my hair...,02/07/2023,ixnxv@gmail.com
ham,K k pa Had your lunch aha.,22/08/2024,bnewx@gmail.com
ham,Oh ho. Is this the first time u use these type of words,23/06/2024,teqke@gmail.com
ham,Captain vijaykanth is doing comedy in captain tv..he is drunken :),15/07/2024,gefuc@gmail.com
ham,Of course. I guess god's just got me on hold right now.,09/11/2022,myxdy@gmail.com
ham,Do you hide anythiing or keeping distance from me,26/05/2024,tpgth@gmail.com
ham,Havent.,06/05/2023,isjfx@gmail.com
spam,You are being ripped off! Get your mobile content from www.clubmoby.com call 08717509990 poly/true/Pix/Ringtones/Games six downloads for only 3,11/11/2023,dyocl@gmail.com
ham,Sorry i din lock my keypad.,25/12/2022,hfcre@gmail.com
ham,Did u got that persons story,14/04/2024,yevfx@gmail.com
ham,Are you planning to come chennai?,24/07/2022,znxec@gmail.com
spam,We tried to contact you re your reply to our offer of a Video Phone 750 anytime any network mins Half Price Line Rental Camcorder Reply or call 08000930705,22/03/2023,dzxai@gmail.com
ham,God created gap btwn ur fingers so dat sum1 vry special will fill those gaps by holding ur hands.. Now plz dont ask y he created so much gap between legs !!!,22/07/2023,xapfr@gmail.com
ham,We are okay. Going to sleep now. Later,03/07/2023,ipsbh@gmail.com
ham,"Please protect yourself from e-threats. SIB never asks for sensitive information like Passwords,ATM/SMS PIN thru email. Never share your password with anybody.",18/04/2022,qfpts@gmail.com
ham,"Finally it has happened..! Aftr decades..! BEER is now cheaper than PETROL! The goverment expects us to ""DRINK"". . . But don't ""DRIVE """,17/10/2024,zdjyp@gmail.com
spam,A £400 XMAS REWARD IS WAITING FOR YOU! Our computer has randomly picked you from our loyal mobile customers to receive a £400 reward. Just call 09066380611,11/05/2024,dozfh@gmail.com
ham,Where r e meeting tmr?,31/03/2023,szkdw@gmail.com
ham,Lol yes. But it will add some spice to your day.,24/08/2024,xoeyv@gmail.com
ham,Hope you are having a great day.,14/05/2023,pdnpl@gmail.com
ham,Our Prasanth ettans mother passed away last night. Just pray for her and family.,24/10/2024,dnsct@gmail.com
ham,"K, I'll work something out",24/04/2022,gsfyq@gmail.com
spam,PRIVATE! Your 2003 Account Statement for shows 800 un-redeemed S. I. M. points. Call 08718738002 Identifier Code: 48922 Expires 21/11/04,19/02/2024,bxllq@gmail.com
ham,This message is from a great Doctor in India:-): 1) Do not drink APPY FIZZ. It contains Cancer causing age,27/01/2022,hfdgc@gmail.com
ham,I cant pick the phone right now. Pls send a message,12/08/2023,ofoon@gmail.com
ham,You call him and tell now infront of them. Call him now.,03/04/2024,hcquu@gmail.com
ham,Ok no prob...,03/10/2024,cqcpt@gmail.com
ham,Ladies first and genus second k .,25/08/2024,jfpls@gmail.com
ham,No. Yes please. Been swimming?,24/11/2023,ivgyq@gmail.com
ham,Mum not going robinson already.,05/06/2022,yocyq@gmail.com
ham,Ok set let u noe e details later...,13/10/2024,miupq@gmail.com
ham,Not..tel software name..,29/10/2024,jciup@gmail.com
ham,I send the print  outs da.,12/09/2024,geetg@gmail.com
ham,IM REALY SOZ IMAT MY MUMS 2NITE WHAT ABOUT 2MORO,22/11/2022,bovoc@gmail.com
ham,"When I was born, GOD said, ""Oh No! Another IDIOT"". When you were born, GOD said, ""OH No! COMPETITION"". Who knew, one day these two will become FREINDS FOREVER!",29/12/2022,kgnso@gmail.com
ham,"I didnt get ur full msg..sometext is missing, send it again",24/05/2022,bivep@gmail.com
ham,"Probably not, I'm almost out of gas and I get some cash tomorrow",30/11/2024,adjjf@gmail.com
spam,"Customer service announcement. We recently tried to make a delivery to you but were unable to do so, please call 07099833605 to re-schedule. Ref:9280114",20/01/2024,zetxs@gmail.com
ham,I forgot 2 ask ü all smth.. There's a card on da present lei... How? Ü all want 2 write smth or sign on it?,18/06/2022,qwzha@gmail.com
ham,I'm leaving my house now.,26/05/2024,cwdbk@gmail.com
spam,"Hi babe its Chloe, how r u? I was smashed on saturday night, it was great! How was your weekend? U been missing me? SP visionsms.com Text stop to stop 150p/text",03/03/2024,ibriq@gmail.com
ham,Ü ready then call me...,30/04/2024,vsfsp@gmail.com
ham,Wewa is 130. Iriver 255. All 128 mb.,02/02/2024,qmfjr@gmail.com
ham,It is a good thing I'm now getting the connection to bw,24/12/2024,hfzrb@gmail.com
ham,Sry da..jst nw only i came to home..,28/10/2024,wdzzk@gmail.com
ham,"That's cool he'll be here all night, lemme know when you're around",22/04/2024,mgqsj@gmail.com
ham,Are you staying in town ?,10/02/2024,ahudl@gmail.com
ham,"Haha yeah, 2 oz is kind of a shitload",31/03/2023,wlslw@gmail.com
ham,Ok u can take me shopping when u get paid =D,17/02/2024,xzxow@gmail.com
ham,"My life Means a lot to me, Not because I love my life, But because I love the people in my life, The world calls them friends, I call them my World:-).. Ge:-)..",28/03/2024,bcctg@gmail.com
ham,"Alright we'll bring it to you, see you in like  &lt;#&gt;  mins",05/02/2022,etdfj@gmail.com
ham,But pls dont play in others life.,09/03/2024,xpbgy@gmail.com
ham,Eatin my lunch...,16/11/2024,vzndu@gmail.com
ham,Hmmm.but you should give it on one day..,03/04/2022,lmoud@gmail.com
ham,"Didn't try, g and I decided not to head out",21/12/2024,nyknh@gmail.com
ham,Ok no prob,27/10/2022,lmiav@gmail.com
ham,Surly ill give it to you:-) while coming to review.,10/09/2023,dyabe@gmail.com
ham,"By march ending, i should be ready. But will call you for sure. The problem is that my capital never complete. How far with you. How's work and the ladies",24/11/2022,gzyst@gmail.com
ham,Tessy..pls do me a favor. Pls convey my birthday wishes to Nimya..pls dnt forget it. Today is her birthday Shijas,07/06/2024,penge@gmail.com
ham,Pls give her the food preferably pap very slowly with loads of sugar. You can take up to an hour to give it. And then some water. Very very slowly.,09/08/2024,jxdjy@gmail.com
spam,"URGENT! Your Mobile No 07808726822 was awarded a £2,000 Bonus Caller Prize on 02/09/03! This is our 2nd attempt to contact YOU! Call 0871-872-9758 BOX95QU",19/11/2023,eqwpj@gmail.com
ham,A guy who gets used but is too dumb to realize it.,03/05/2024,xfvwu@gmail.com
ham,"Okey dokey, i‘ll be over in a bit just sorting some stuff out.",28/10/2023,fmldt@gmail.com
ham,Don no da:)whats you plan?,04/01/2024,unznz@gmail.com
ham,Yes fine,06/02/2022,ilyhk@gmail.com
spam,"WIN: We have a winner! Mr. T. Foley won an iPod! More exciting prizes soon, so keep an eye on ur mobile or visit www.win-82050.co.uk",17/11/2023,lncrf@gmail.com
ham,I liked the new mobile,09/01/2022,cutuz@gmail.com
ham,Anytime...,16/05/2023,vuoog@gmail.com
ham,Mmmmmmm *snuggles into you* ...*deep contented sigh* ... *whispers* ... I fucking love you so much I can barely stand it ...,16/09/2024,ukpys@gmail.com
ham,Yar but they say got some error.,13/11/2024,mvkdn@gmail.com
ham,Hey anyway i have to :-),08/11/2022,yhaov@gmail.com
ham,Wow so healthy. Old airport rd lor. Cant thk of anything else. But i'll b bathing my dog later.,28/09/2024,kkoxr@gmail.com
ham,Wif my family booking tour package.,07/07/2022,ommjb@gmail.com
ham,"Did you say bold, then torch later. Or one torch and 2bold?",04/05/2024,rsrif@gmail.com
ham,"Haha awesome, I might need to take you up on that, what you doin tonight?",25/03/2024,lkale@gmail.com
ham,Ya i knw u vl giv..its ok thanks kano..anyway enjoy wit ur family wit 1st salary..:-);-),06/02/2024,wkyuv@gmail.com
ham,Huh so slow i tot u reach long ago liao... U 2 more days only i 4 more leh...,09/04/2023,odbzc@gmail.com
ham,Thats cool princess! I will cover your face in hot sticky cum :),14/12/2023,ovkyg@gmail.com
ham,Big brother‘s really scraped the barrel with this shower of social misfits,27/03/2022,hbgau@gmail.com
ham,Oops i thk i dun haf enuff... I go check then tell ü..,29/04/2023,gvghc@gmail.com
ham,S:)8 min to go for lunch:),12/02/2022,fbjgc@gmail.com
ham,"Hey. What happened? U switch off ur cell d whole day. This isnt good. Now if u do care, give me a call tomorrow.",18/08/2023,frvhd@gmail.com
ham,"K will do, addie &amp; I are doing some art so I'll be here when you get home",03/02/2024,aipbm@gmail.com
ham,My uncles in Atlanta. Wish you guys a great semester.,08/01/2024,imbra@gmail.com
ham,"Aiyo... Her lesson so early... I'm still sleepin, haha... Okie, u go home liao den confirm w me lor...",28/05/2022,lsbqw@gmail.com
ham,Forgot to tell ü smth.. Can ü like number the sections so that it's clearer..,20/03/2022,qpiyg@gmail.com
ham,"Yup. Anything lor, if u dun wan it's ok...",31/01/2023,ekrjf@gmail.com
ham,"I'm home, my love ... If your still awake ... *loving kiss*",07/10/2024,weitw@gmail.com
ham,HELLO PEACH! MY CAKE TASTS LUSH!,14/02/2023,rdxfs@gmail.com
spam,"FREE GAME. Get Rayman Golf 4 FREE from the O2 Games Arcade. 1st get UR games settings. Reply POST, then save & activ8. Press 0 key for Arcade. Termsapply",30/05/2024,ivbim@gmail.com
ham,"There'll be a minor shindig at my place later tonight, you interested?",15/03/2022,hczaa@gmail.com
ham,Jason says it's cool if we pick some up from his place in like an hour,06/12/2024,ocesu@gmail.com
spam,"Had your mobile 10 mths? Update to the latest Camera/Video phones for FREE. KEEP UR SAME NUMBER, Get extra free mins/texts. Text YES for a call",05/12/2022,ffwrg@gmail.com
ham,I (Career Tel) have added u as a contact on INDYAROCKS.COM to send FREE SMS. To remove from phonebook - sms NO to  &lt;#&gt;,25/02/2023,nvfnt@gmail.com
ham,I've reached already.,06/04/2023,leako@gmail.com
ham,I dont know ask to my brother. Nothing problem some thing that. Just i told .,22/12/2022,wtofq@gmail.com
ham,K:)eng rocking in ashes:),27/04/2024,azkdy@gmail.com
ham,Wat time r ü going to xin's hostel?,14/09/2023,hiemx@gmail.com
ham,Good Morning my Dear Shijutta........... Have a great &amp; successful day.,29/06/2024,wivno@gmail.com
spam,Buy Space Invaders 4 a chance 2 win orig Arcade Game console. Press 0 for Games Arcade (std WAP charge) See o2.co.uk/games 4 Terms + settings. No purchase,01/06/2024,mguwa@gmail.com
ham,Oh k:)after that placement there ah?,19/03/2022,fmsli@gmail.com
ham,"Not for possession, especially not first offense",05/03/2023,cyfon@gmail.com
ham,"Nt only for driving even for many reasons she is called BBD..thts it chikku, then hw abt dvg cold..heard tht vinobanagar violence hw is the condition..and hw ru ? Any problem?",02/03/2023,yfvlp@gmail.com
ham,I bought the test yesterday. Its something that lets you know the exact day u ovulate.when will get 2u in about 2 to 3wks. But pls pls dont fret. I know u r worried. Pls relax. Also is there anything in ur past history u need to tell me?,20/01/2024,fdjot@gmail.com
ham,We have pizza if u want,03/04/2023,cnoqj@gmail.com
ham,"I keep seeing weird shit and bein all ""woah"" then realising it's actually reasonable and I'm all ""oh""",01/10/2023,hwgcl@gmail.com
ham,Many more happy returns of the day. I wish you happy birthday.,18/07/2024,ytogx@gmail.com
ham,Ya very nice. . .be ready on thursday,29/12/2024,muwqd@gmail.com
ham,I am in hospital da. . I will return home in evening,02/04/2023,oqmyb@gmail.com
ham,Thinking of u ;) x,11/10/2024,trmvr@gmail.com
spam,Camera - You are awarded a SiPix Digital Camera! call 09061221066 fromm landline. Delivery within 28 days.,17/01/2024,ejudf@gmail.com
ham,Orh i tot u say she now still dun believe.,25/05/2022,fcovj@gmail.com
ham,"When you just put in the + sign, choose my number and the pin will show. Right?",25/12/2023,gajdh@gmail.com
ham,The beauty of life is in next second.. which hides thousands of secrets. I wish every second will be wonderful in ur life...!! gud n8,03/05/2022,qzrbo@gmail.com
ham,Thanx u darlin!im cool thanx. A few bday drinks 2 nite. 2morrow off! Take care c u soon.xxx,09/03/2023,ciuom@gmail.com
ham,"If you're still up, maybe leave the credit card so I can get gas when I get back like he told me to",17/02/2023,xyyey@gmail.com
spam,Your weekly Cool-Mob tones are ready to download !This weeks new Tones include: 1) Crazy Frog-AXEL F>>> 2) Akon-Lonely>>> 3) Black Eyed-Dont P >>>More info in n,12/12/2022,ivthf@gmail.com
ham,Well boy am I glad G wasted all night at applebees for nothing,18/06/2024,hqonu@gmail.com
spam,Cashbin.co.uk (Get lots of cash this weekend!) www.cashbin.co.uk Dear Welcome to the weekend We have got our biggest and best EVER cash give away!! These..,13/06/2023,nsnpe@gmail.com
ham,Ok lor... Or u wan me go look 4 u?,04/07/2024,prcmu@gmail.com
ham,U wan 2 haf lunch i'm in da canteen now.,03/03/2024,qphjc@gmail.com
ham,Don't make life too stressfull.. Always find time to Laugh.. It may not add years to your Life! But surely adds more life to ur years!! Gud ni8..swt dreams..,05/12/2022,xmtwl@gmail.com
ham,"hey, looks like I was wrong and one of the kappa guys numbers is still on my phone, if you want I can text him and see if he's around",02/02/2022,ptcsi@gmail.com
spam,URGENT! Your Mobile number has been awarded with a £2000 prize GUARANTEED. Call 09061790121 from land line. Claim 3030. Valid 12hrs only 150ppm,14/09/2023,uhujj@gmail.com
spam,Thanks 4 your continued support Your question this week will enter u in2 our draw 4 £100 cash. Name the NEW US President? txt ans to 80082,30/12/2022,kzugn@gmail.com
ham,I'm home. Doc gave me pain meds says everything is fine.,15/07/2022,devxp@gmail.com
ham,It's é only $140 ard...É rest all ard $180 at least...Which is é price 4 é 2 bedrm ($900),18/12/2022,htxxa@gmail.com
ham,Me too! Have a lovely night xxx,14/03/2023,uxxvq@gmail.com
ham,Prepare to be pleasured :),14/02/2024,chvng@gmail.com
ham,Hi.:)technical support.providing assistance to us customer through call and email:),31/10/2024,zsjzp@gmail.com
ham,if you text on your way to cup stop that should work. And that should be BUS,13/05/2022,cndax@gmail.com
ham,Whens your radio show?,04/06/2022,ohieh@gmail.com
spam,Your unique user ID is 1172. For removal send STOP to 87239 customer services 08708034412,08/02/2022,fywso@gmail.com
ham,I'm not sure if its still available though,08/02/2023,tgjrh@gmail.com
ham,watever reLation u built up in dis world only thing which remains atlast iz lonlines with lotz n lot memories! feeling..,23/04/2024,azmae@gmail.com
ham,CHEERS LOU! YEAH WAS A GOODNITE SHAME U NEVA CAME! C YA GAILxx,07/03/2022,uwixm@gmail.com
ham,Hi..i got the money da:),25/05/2022,teghq@gmail.com
ham,"Hi, Mobile no.  &lt;#&gt;  has added you in their contact list on www.fullonsms.com It s a great place to send free sms to people For more visit fullonsms.com",26/09/2024,lntnv@gmail.com
ham,Ok then u tell me wat time u coming later lor.,15/11/2022,ymvce@gmail.com
ham,U repeat e instructions again. Wat's e road name of ur house?,14/02/2023,kdprf@gmail.com
ham,"So many people seems to be special at first sight, But only very few will remain special to you till your last sight.. Maintain them till life ends.. Sh!jas",21/07/2024,qevjc@gmail.com
ham,Quite lor. But dun tell him wait he get complacent...,29/09/2022,lashd@gmail.com
ham,Sorry completely forgot * will pop em round this week if your still here?,25/08/2023,zyjsw@gmail.com
ham,U R THE MOST BEAUTIFUL GIRL IVE EVER SEEN. U R MY BABY COME AND C ME IN THE COMMON ROOM,26/11/2022,wkuqy@gmail.com
ham,O we cant see if we can join denis and mina? Or does denis want alone time,29/12/2022,rlnym@gmail.com
ham,Sen told that he is going to join his uncle finance in cbe,22/01/2024,ftbro@gmail.com
ham,Yup... Hey then one day on fri we can ask miwa and jiayin take leave go karaoke,02/07/2022,tcayc@gmail.com
ham,"Call me, i am senthil from hsbc.",04/02/2022,llttj@gmail.com
ham,"Especially since i talk about boston all up in my personal statement, lol! I woulda changed that if i had realized it said nyc! It says boston now.",15/12/2023,fqpvj@gmail.com
ham,Indeed and by the way it was either or - not both !,03/05/2023,jokbv@gmail.com
spam,"Urgent -call 09066649731from Landline. Your complimentary 4* Ibiza Holiday or £10,000 cash await collection SAE T&Cs PO BOX 434 SK3 8WP 150ppm 18+",05/03/2024,rhcys@gmail.com
ham,Holy living christ what is taking you so long,28/10/2024,pfpcm@gmail.com
ham,Ü thk of wat to eat tonight.,19/12/2023,frgcy@gmail.com
ham,"Thanx. Yup we coming back on sun. Finish dinner going back 2 hotel now. Time flies, we're tog 4 exactly a mth today. Hope we'll haf many more mths to come...",13/11/2022,zneri@gmail.com
ham,We're on the opposite side from where we dropped you off,08/10/2023,otivx@gmail.com
ham,Yup. Izzit still raining heavily cos i'm in e mrt i can't c outside.,24/06/2022,lfaho@gmail.com
ham,Send me your resume:-),22/12/2022,bxnmi@gmail.com
ham,Gd luck 4 ur exams :-),28/08/2022,nulkf@gmail.com
ham,Or u ask they all if next sat can a not. If all of them can make it then i'm ok lor.,05/05/2023,poxsw@gmail.com
ham,Sorry that was my uncle. I.ll keep in touch,01/10/2023,bjvtf@gmail.com
ham,Saw Guys and Dolls last night with Patrick Swayze it was great,04/03/2023,ukoqw@gmail.com
spam,URGENT This is our 2nd attempt to contact U. Your £900 prize from YESTERDAY is still awaiting collection. To claim CALL NOW 09061702893,01/10/2024,gcrif@gmail.com
spam,Santa calling! Would your little ones like a call from Santa Xmas Eve? Call 09077818151 to book you time. Calls1.50ppm last 3mins 30s T&C www.santacalling.com,03/11/2022,apsyp@gmail.com
ham,Just come home. I don't want u to be miserable,27/05/2022,yakag@gmail.com
ham,I dont know why she.s not getting your messages,11/08/2024,mpgnk@gmail.com
ham,"its cool but tyler had to take off so we're gonna buy for him and drop it off at his place later tonight. Our total order is a quarter, you got enough?",03/04/2024,qrzdn@gmail.com
ham,"The guy at the car shop who was flirting with me got my phone number from the paperwork and called and texted me. I'm nervous because of course now he may have my address. Should i call his boss and tell him, knowing this may get him fired?",11/07/2022,mbdkh@gmail.com
ham,Reverse is cheating. That is not mathematics.,15/12/2024,szkru@gmail.com
ham,How do you plan to manage that,18/12/2024,hjoej@gmail.com
ham,"Er, hello, things didn‘t quite go to plan – is limping slowly home followed by aa and with exhaust hanging off",30/10/2024,zattp@gmail.com
ham,Sorry for the delay. Yes masters,16/11/2023,hkfql@gmail.com
ham,Call me when u finish then i come n pick u.,03/12/2024,pqlxk@gmail.com
spam,PRIVATE! Your 2004 Account Statement for 078498****7 shows 786 unredeemed Bonus Points. To claim call 08719180219 Identifier Code: 45239 Expires 06.05.05,16/07/2022,xrrpj@gmail.com
ham,What's up my own oga. Left my phone at home and just saw ur messages. Hope you are good. Have a great weekend.,31/10/2022,hoiii@gmail.com
ham,"Don't worry though, I understand how important it is that I be put in my place with a poorly thought out punishment in the face of the worst thing that has ever happened to me. Brb gonna go kill myself",29/06/2023,afdou@gmail.com
ham,"Honey, can you pls find out how much they sell Predicte in Nigeria. And how many times can it be used. Its very important to have a reply before monday",29/04/2024,vnmfn@gmail.com
ham,E admin building there? I might b slightly earlier... I'll call u when i'm reaching...,05/01/2023,yjiyw@gmail.com
ham,"fyi I'm at usf now, swing by the room whenever",01/07/2022,eezri@gmail.com
ham,i can call in  &lt;#&gt;  min if thats ok,06/07/2023,lkzws@gmail.com
ham,Ummmmmaah Many many happy returns of d day my dear sweet heart.. HAPPY BIRTHDAY dear,11/01/2023,ozttm@gmail.com
ham,Ü no home work to do meh...,10/09/2023,gcpwn@gmail.com
ham,Anything is valuable in only 2 situations: First- Before getting it... Second- After loosing it...,07/10/2024,msciw@gmail.com
ham,Me too. Mark is taking forever to pick up my prescription and the pain is coming back.,27/12/2023,dbgxz@gmail.com
ham,How's ur paper?,10/07/2022,lqmqb@gmail.com
ham,Got smaller capacity one? Quite ex...,21/02/2022,dyybn@gmail.com
spam,Check Out Choose Your Babe Videos @ sms.shsex.netUN fgkslpoPW fgkslpo,16/08/2024,yliop@gmail.com
ham,Im good! I have been thinking about you...,25/10/2022,azyot@gmail.com
spam,u r a winner U ave been specially selected 2 receive £1000 cash or a 4* holiday (flights inc) speak to a live operator 2 claim 0871277810710p/min (18 ),09/03/2023,wdbpy@gmail.com
ham,:-) :-),11/06/2024,gbduq@gmail.com
ham,Not thought bout it... || Drink in tap & spile at seven. || Is that pub on gas st off broad st by canal. || Ok?,09/03/2023,mmvjd@gmail.com
ham,I am going to sleep. I am tired of travel.,12/01/2023,nhljo@gmail.com
ham,"Haha, just what I was thinkin",03/05/2022,cfmlz@gmail.com
ham,Yup but it's not giving me problems now so mayb i'll jus leave it...,27/10/2024,uddtq@gmail.com
ham,Lol no. Just trying to make your day a little more interesting,28/05/2022,skaue@gmail.com
ham,"How long before you get reply, just defer admission til next semester",11/06/2024,nmunt@gmail.com
ham,"The word ""Checkmate"" in chess comes from the Persian phrase ""Shah Maat"" which means; ""the king is dead.."" Goodmorning.. Have a good day..:)",20/10/2022,gerld@gmail.com
ham,Po de :-):):-):-):-). No need job aha.,18/02/2024,vvpmy@gmail.com
ham,Rats. Hey did u ever vote for the next themes?,04/10/2024,xdujo@gmail.com
spam,"New Mobiles from 2004, MUST GO! Txt: NOKIA to No: 89545 & collect yours today! From ONLY £1. www.4-tc.biz 2optout 087187262701.50gbp/mtmsg18 TXTAUCTION.",28/12/2024,znbfw@gmail.com
ham,I hope your pee burns tonite.,09/09/2023,oxyos@gmail.com
ham,"OH RITE. WELL IM WITH MY BEST MATE PETE, WHO I WENT OUT WITH 4 A WEEK+ NOW WERE 2GEVA AGAIN. ITS BEEN LONGER THAN A WEEK.",19/04/2024,unqix@gmail.com
ham,Yay can't wait to party together!,09/08/2023,atmgf@gmail.com
ham,....photoshop makes my computer shut down.,04/08/2023,gcnih@gmail.com
ham,All boys made fun of me today. Ok i have no problem. I just sent one message just for fun,19/12/2022,fvsxh@gmail.com
ham,That's one of the issues but california is okay. No snow so its manageable,24/02/2023,jbnsf@gmail.com
spam,PRIVATE! Your 2003 Account Statement for shows 800 un-redeemed S. I. M. points. Call 08715203652 Identifier Code: 42810 Expires 29/10/0,19/06/2024,ikopb@gmail.com
ham,"Hmmm.... Mayb can try e shoppin area one, but forgot e name of hotel...",10/04/2024,rsnsf@gmail.com
ham,"Awesome, that gonna be soon or later tonight?",20/09/2023,bcfcq@gmail.com
ham,I need details about that online job.,06/05/2022,orjnb@gmail.com
spam,YOU HAVE WON! As a valued Vodafone customer our computer has picked YOU to win a £150 prize. To collect is easy. Just call 09061743386,03/12/2024,olgmy@gmail.com
ham,Missing you too.pray inshah allah,12/05/2024,qrlxi@gmail.com
ham,Pls help me tell Ashley that i cant find her number oh,27/05/2022,ehymh@gmail.com
ham,I am in escape theatre now. . Going to watch KAVALAN in a few minutes,10/10/2024,esbpv@gmail.com
ham,S.this will increase the chance of winning.,18/06/2024,uigkv@gmail.com
ham,either way works for me. I am  &lt;#&gt;  years old. Hope that doesnt bother you.,15/01/2024,zvugu@gmail.com
ham,Maybe you should find something else to do instead???,07/02/2024,dzojj@gmail.com
ham,Gain the rights of a wife.dont demand it.i am trying as husband too.Lets see,15/10/2022,wyvks@gmail.com
ham,I liked your new house,23/02/2022,dvnok@gmail.com
ham,I'm fine. Hope you are also,09/06/2024,brqmm@gmail.com
ham,"Also north carolina and texas atm, you would just go to the gre site and pay for the test results to be sent.",26/10/2024,jaoda@gmail.com
ham,Same to u...,20/06/2024,rhkao@gmail.com
ham,yes baby! I need to stretch open your pussy!,20/05/2023,keumw@gmail.com
ham,Thanks  and ! Or bomb and date as my phone wanted to say!,29/11/2024,ifzpa@gmail.com
ham,Ok...,16/06/2023,hqpzt@gmail.com
ham,"Hey, a guy I know is breathing down my neck to get him some bud, anyway you'd be able to get a half track to usf tonight?",13/11/2022,ppbrj@gmail.com
ham,"Response is one of d powerful weapon 2 occupy a place in others 'HEART'... So, always give response 2 who cares 4 U""... Gud night..swt dreams..take care",02/09/2023,nnbfr@gmail.com
ham,Nokia phone is lovly..,16/04/2024,cgfoo@gmail.com
spam,**FREE MESSAGE**Thanks for using the Auction Subscription Service. 18 . 150p/MSGRCVD 2 Skip an Auction txt OUT. 2 Unsubscribe txt STOP CustomerCare 08718726270,28/05/2023,qbzht@gmail.com
spam,Bored housewives! Chat n date now! 0871750.77.11! BT-national rate 10p/min only from landlines!,04/02/2024,pfyda@gmail.com
ham,Sorry da..today i wont come to play..i have driving clas..,24/12/2023,hktcp@gmail.com
ham,I'm really sorry I lit your hair on fire,30/09/2023,yrhuk@gmail.com
ham,"Oh! Shit, I thought that was your trip! Loooooool ... That just makes SO much more sense now ... *grins* and the sofa reference was ... The ""sleep on a couch"" link you sent me ... Wasn't that how you went on your trip ? Oh ... And didn't your babe go with you for that celebration with your rents?",25/06/2023,oomtk@gmail.com
ham,Okey dokey swashbuckling stuff what oh.,05/06/2023,ealau@gmail.com
ham,"Watching cartoon, listening music &amp; at eve had to go temple &amp; church.. What about u?",27/11/2024,xhter@gmail.com
ham,1. Tension face 2. Smiling face 3. Waste face 4. Innocent face 5.Terror face 6.Cruel face 7.Romantic face 8.Lovable face 9.decent face  &lt;#&gt; .joker face.,18/02/2023,vwgdu@gmail.com
ham,Dip's cell dead. So i m coming with him. U better respond else we shall come back.,13/01/2022,yrzlo@gmail.com
ham,Well. You know what i mean. Texting,31/12/2023,cbynf@gmail.com
ham,Hi dis is yijue i would be happy to work wif ü all for gek1510...,22/01/2022,zlazp@gmail.com
ham,Lol! Oops sorry! Have fun.,29/01/2024,smakg@gmail.com
ham,Wat happened to the cruise thing,02/06/2023,heviw@gmail.com
ham,"I know dat feelin had it with Pete! Wuld get with em , nuther place nuther time mayb?",05/12/2024,pgxtd@gmail.com
spam,lyricalladie(21/F) is inviting you to be her friend. Reply YES-910 or NO-910. See her: www.SMS.ac/u/hmmross STOP? Send STOP FRND to 62468,19/11/2024,jwuen@gmail.com
ham,The world's most happiest frnds never have the same characters... Dey just have the best understanding of their differences...,18/10/2022,wxtgk@gmail.com
spam,No 1 POLYPHONIC tone 4 ur mob every week! Just txt PT2 to 87575. 1st Tone FREE ! so get txtin now and tell ur friends. 150p/tone. 16 reply HL 4info,29/11/2024,bxpqm@gmail.com
ham,Yeah just open chat and click friend lists. Then make the list. Easy as pie,12/09/2022,cmnom@gmail.com
ham,alright tyler's got a minor crisis and has to be home sooner than he thought so be here asap,20/04/2022,qffei@gmail.com
ham,When/where do I pick you up,23/02/2024,htkey@gmail.com
ham,As usual u can call me ard 10 smth.,22/02/2023,wpqxq@gmail.com
ham,"New Theory: Argument wins d SITUATION, but loses the PERSON. So dont argue with ur friends just.. . . . kick them &amp; say, I'm always correct.!",16/05/2022,iakrs@gmail.com
ham,For many things its an antibiotic and it can be used for chest abdomen and gynae infections even bone infections.,21/04/2022,xauqi@gmail.com
ham,Poor girl can't go one day lmao,27/11/2024,mojrt@gmail.com
ham,Or just do that 6times,14/11/2023,xufaj@gmail.com
spam,Todays Vodafone numbers ending with 4882 are selected to a receive a £350 award. If your number matches call 09064019014 to receive your £350 award.,11/07/2024,rottu@gmail.com
ham,You have to pls make a note of all she.s exposed to. Also find out from her school if anyone else was vomiting. Is there a dog or cat in the house? Let me know later.,30/01/2024,mpiey@gmail.com
ham,"Japanese Proverb: If one Can do it, U too Can do it, If none Can do it,U must do it Indian version: If one Can do it, LET HIM DO it.. If none Can do it,LEAVE it!! And finally Kerala version: If one can do it, Stop him doing it.. If none can do it, Make a strike against it ...",01/12/2022,ayrio@gmail.com
ham,Sounds like there could be a lot of time spent in that chastity device boy ... *grins* ... Or take your beatings like a good dog. Going to lounge in a nice long bath now ?,08/09/2022,imcun@gmail.com
ham,Its worse if if uses half way then stops. Its better for him to complete it.,22/05/2024,zekjb@gmail.com
ham,Miserable. They don't tell u that the side effects of birth control are massive gut wrenching cramps for the first 2 months. I didn't sleep at all last night.,25/12/2024,seana@gmail.com
ham,Send me the new number,15/07/2022,abkrf@gmail.com
ham,Convey my regards to him,02/06/2023,wfsmf@gmail.com
spam,Want the latest Video handset? 750 anytime any network mins? Half price line rental? Reply or call 08000930705 for delivery tomorrow,06/11/2024,phlal@gmail.com
ham,2 and half years i missed your friendship:-),04/10/2022,vcich@gmail.com
ham,I cant pick the phone right now. Pls send a message,27/09/2023,glymv@gmail.com
ham,Oh for fuck's sake she's in like tallahassee,04/12/2023,pucpe@gmail.com
ham,"Haha, that was the first person I was gonna ask",01/06/2024,tziio@gmail.com
spam,"ou are guaranteed the latest Nokia Phone, a 40GB iPod MP3 player or a £500 prize! Txt word: COLLECT to No: 83355! IBHltd LdnW15H 150p/Mtmsgrcvd18",31/07/2022,zofub@gmail.com
ham,Taka lor. Wat time u wan 2 come n look 4 us?,07/09/2024,ttkzd@gmail.com
spam,* FREE* POLYPHONIC RINGTONE Text SUPER to 87131 to get your FREE POLY TONE of the week now! 16 SN PoBox202 NR31 7ZS subscription 450pw,02/05/2023,auaxe@gmail.com
ham,I;m reaching in another 2 stops.,16/11/2023,crhln@gmail.com
ham,"no, i *didn't* mean to post it. I wrote it, and like so many other times i've ritten stuff to you, i let it sit there. it WAS what i was feeling at the time. I was angry. Before i left, i hit send, then stop. It wasn't there. I checked on my phone when i got to my car. It wasn't there. You said you didn't sleep, you were bored. So why wouldn't THAT be the time to clean, fold laundry, etc.? At least make the bed?",02/01/2022,rtmdb@gmail.com
spam,Warner Village 83118 C Colin Farrell in SWAT this wkend @Warner Village & get 1 free med. Popcorn!Just show msg+ticket@kiosk.Valid 4-7/12. C t&c @kiosk. Reply SONY 4 mre film offers,15/07/2023,hmrub@gmail.com
ham,Will you come online today night,02/08/2024,iiyvy@gmail.com
ham,Then anything special?,30/12/2024,jexga@gmail.com
ham,"I'm in solihull, | do you want anything?",17/11/2024,yihmz@gmail.com
ham,Will do. Have a good day,13/10/2024,wcvis@gmail.com
ham,WE REGRET TO INFORM U THAT THE NHS HAS MADE A MISTAKE.U WERE NEVER ACTUALLY BORN.PLEASE REPORT 2 YOR LOCAL HOSPITAL 2B TERMINATED.WE R SORRY 4 THE INCONVENIENCE,29/02/2024,gycof@gmail.com
ham,Love that holiday Monday feeling even if I have to go to the dentists in an hour,17/10/2024,jddbk@gmail.com
ham,I am on the way to tirupur.,22/12/2022,ditia@gmail.com
spam,"Goal! Arsenal 4 (Henry, 7 v Liverpool 2 Henry scores with a simple shot from 6 yards from a pass by Bergkamp to give Arsenal a 2 goal margin after 78 mins.",06/03/2022,vbplk@gmail.com
ham,You've already got a flaky parent. It'snot supposed to be the child's job to support the parent...not until they're The Ride age anyway. I'm supposed to be there to support you. And now i've hurt you. unintentional. But hurt nonetheless.,11/10/2024,czghe@gmail.com
ham,We took hooch for a walk toaday and i fell over! Splat! Grazed my knees and everything! Should have stayed at home! See you tomorrow!,21/07/2023,vdnul@gmail.com
ham,"Just dropped em off, omw back now",01/02/2023,liybe@gmail.com
spam,"This is the 2nd time we have tried 2 contact u. U have won the 750 Pound prize. 2 claim is easy, call 08712101358 NOW! Only 10p per min. BT-national-rate",27/06/2023,ilill@gmail.com
ham,Sitting in mu waiting for everyone to get out of my suite so I can take a shower,12/12/2024,sodvb@gmail.com
ham,Re your call; You didn't see my facebook huh?,08/10/2024,bypjy@gmail.com
ham,"G says you never answer your texts, confirm/deny",03/12/2022,jrjlt@gmail.com
ham,"Its so common hearin How r u? Wat r u doing? How was ur day? So let me ask u something different. Did u smile today? If not, do it now.... Gud evng.",08/07/2022,kkwfy@gmail.com
ham,Hi Dear Call me its urgnt. I don't know whats your problem. You don't want to work or if you have any other problem at least tell me. Wating for your reply.,07/05/2022,kijrb@gmail.com
ham,Oh yah... We never cancel leh... Haha,09/05/2023,cyito@gmail.com
ham,We can go 4 e normal pilates after our intro...,25/10/2022,mrmey@gmail.com
ham,Ok... Let u noe when i leave my house.,31/10/2024,kswed@gmail.com
ham,"Oh yes, why is it like torture watching england?",06/01/2024,zqntz@gmail.com
ham,Wanna do some art?! :D,17/05/2023,oosjq@gmail.com
ham,Just hopeing that wasn‘t too pissed up to remember and has gone off to his sisters or something!,14/12/2023,ifwpp@gmail.com
spam,"Got what it takes 2 take part in the WRC Rally in Oz? U can with Lucozade Energy! Text RALLY LE to 61200 (25p), see packs or lucozade.co.uk/wrc & itcould be u!",06/11/2024,bggfg@gmail.com
spam,"Hi, the SEXYCHAT girls are waiting for you to text them. Text now for a great night chatting. send STOP to stop this service",25/01/2024,flexv@gmail.com
ham,"Good morning, my boytoy! How's those yummy lips ? Where's my sexy buns now ? What do you do ? Do you think of me ? Do you crave me ? Do you need me ?",20/01/2023,xohli@gmail.com
ham,Match started.india  &lt;#&gt;  for 2,31/08/2022,ynwyf@gmail.com
ham,Once free call me sir.,22/10/2023,oyogg@gmail.com
ham,Hey do you want anything to buy:),28/11/2023,unxdd@gmail.com
ham,"Hey babe, how's it going ? Did you ever figure out where your going for New Years ?",17/10/2023,fsqkn@gmail.com
ham,K..k.:)congratulation ..,28/04/2022,tumch@gmail.com
ham,G wants to know where the fuck you are,19/06/2023,kowdx@gmail.com
ham,No it was cancelled yeah baby! Well that sounds important so i understand my darlin give me a ring later on this fone love Kate x,22/04/2022,qyoas@gmail.com
ham,Tomarrow i want to got to court. At  &lt;DECIMAL&gt; . So you come to bus stand at 9.,14/06/2023,weuup@gmail.com
ham,Ü go home liao? Ask dad to pick me up at 6...,19/09/2024,exiyo@gmail.com
ham,Omg you can make a wedding chapel in frontierville? Why do they get all the good stuff?,05/03/2022,egfdf@gmail.com
ham,"I'm eatin now lor, but goin back to work soon... E mountain deer show huh... I watch b4 liao, very nice...",06/12/2024,amefp@gmail.com
ham,Check mail.i have mailed varma and kept copy to you regarding membership.take care.insha allah.,17/02/2022,lzdgu@gmail.com
ham,Wrong phone! This phone! I answer this one but assume the other is people i don't well,17/06/2024,ojccb@gmail.com
ham,"Anyway I don't think I can secure anything up here, lemme know if you want me to drive down south and chill",26/07/2023,rslmn@gmail.com
ham,I'm already back home so no probably not,02/08/2022,slpsh@gmail.com
spam,Great News! Call FREEFONE 08006344447 to claim your guaranteed £1000 CASH or £2000 gift. Speak to a live operator NOW!,27/04/2023,dmspi@gmail.com
spam,"Hi this is Amy, we will be sending you a free phone number in a couple of days, which will give you an access to all the adult parties...",05/05/2024,yebaf@gmail.com
ham,I am in bus on the way to calicut,08/03/2022,wqtuv@gmail.com
ham,Hi its me you are probably having too much fun to get this message but i thought id txt u cos im bored! and james has been farting at me all night,28/04/2023,uzimi@gmail.com
ham,hi baby im sat on the bloody bus at the mo and i wont be home until about 7:30 wanna do somethin later? call me later ortxt back jess xx,19/02/2023,kmuov@gmail.com
spam,"Welcome to Select, an O2 service with added benefits. You can now call our specially trained advisors FREE from your mobile by dialling 402.",14/10/2023,xmhlp@gmail.com
ham,I lost 4 pounds since my doc visit last week woot woot! Now I'm gonna celebrate by stuffing my face!,30/04/2024,kzujr@gmail.com
ham,U coming back 4 dinner rite? Dad ask me so i re confirm wif u...,27/12/2023,hrzzu@gmail.com
ham,Doing my masters. When will you buy a bb cos i have for sale and how's bf,25/01/2024,zizqk@gmail.com
ham,"Ahhhh...just woken up!had a bad dream about u tho,so i dont like u right now :) i didnt know anything about comedy night but i guess im up for it.",24/09/2022,zyzfw@gmail.com
ham,I'm vivek:)i got call from your number.,07/03/2022,rusnn@gmail.com
ham,Why didn't u call on your lunch?,14/06/2022,cnasu@gmail.com
ham,"What i mean was i left too early to check, cos i'm working a 9-6.",27/09/2022,wgsrs@gmail.com
ham,I want  &lt;#&gt;  rs da:)do you have it?,15/09/2022,gqdny@gmail.com
ham,"A bit of Ur smile is my hppnss, a drop of Ur tear is my sorrow, a part of Ur heart is my life, a heart like mine wil care for U, forevr as my GOODFRIEND",07/07/2023,atrfz@gmail.com
ham,Yup ok...,01/03/2023,klemt@gmail.com
ham,I want to see your pretty pussy...,12/10/2023,lmame@gmail.com
spam,Dear Voucher holder Have your next meal on us. Use the following link on your pc 2 enjoy a 2 4 1 dining experiencehttp://www.vouch4me.com/etlp/dining.asp,21/04/2023,armve@gmail.com
ham,"A few people are at the game, I'm at the mall with iouri and kaila",05/03/2022,ufgpy@gmail.com
spam,URGENT! We are trying to contact U. Todays draw shows that you have won a £2000 prize GUARANTEED. Call 09058094507 from land line. Claim 3030. Valid 12hrs only,23/12/2022,wsxds@gmail.com
spam,You can donate £2.50 to UNICEF's Asian Tsunami disaster support fund by texting DONATE to 864233. £2.50 will be added to your next bill,29/04/2023,qnjsc@gmail.com
ham,Future is not what we planned for tomorrow.....! it is the result of what we do today...! Do the best in present... enjoy the future.,12/08/2022,dtmdc@gmail.com
ham,I will cme i want to go to hos 2morow. After that i wil cme. This what i got from her dear what to do. She didnt say any time,16/10/2022,fswxe@gmail.com
ham,We are supposed to meet to discuss abt our trip... Thought xuhui told you? In the afternoon. Thought we can go for lesson after that,14/06/2022,msivy@gmail.com
ham,Hey come online! Use msn... We are all there,10/06/2024,qxvpf@gmail.com
ham,I'm fine. Hope you are good. Do take care.,06/05/2022,sdmhm@gmail.com
ham,Oops I was in the shower when u called. Hey a parking garage collapsed at university hospital. See I'm not crazy. Stuff like that DOES happen.,25/11/2024,laaft@gmail.com
ham,Aiyo u so poor thing... Then u dun wan 2 eat? U bathe already?,08/07/2022,iusgb@gmail.com
ham,Yar... I tot u knew dis would happen long ago already.,25/08/2022,ngqjj@gmail.com
ham,You are gorgeous! keep those pix cumming :) thank you!,11/02/2024,ydvfj@gmail.com
ham,"A boy was late 2 home. His father: ""POWER OF FRNDSHIP""",02/12/2023,jpgnl@gmail.com
ham,JADE ITS PAUL. Y DIDNT U TXT ME? DO U REMEMBER ME FROM BARMED? I WANT 2 TALK 2 U! TXT ME,10/05/2024,nhgma@gmail.com
ham,Spending new years with my brother and his family. Lets plan to meet next week. Are you ready to be spoiled? :),25/10/2023,stigf@gmail.com
ham,So what u doing today?,26/02/2024,wqnwk@gmail.com
ham,I said its okay. Sorry,23/05/2022,dfsgd@gmail.com
ham,Slept? I thinkThis time ( &lt;#&gt;  pm) is not dangerous,09/01/2023,svtww@gmail.com
ham,Networking job is there.,11/11/2022,gurlc@gmail.com
spam,goldviking (29/M) is inviting you to be his friend. Reply YES-762 or NO-762 See him: www.SMS.ac/u/goldviking STOP? Send STOP FRND to 62468,02/07/2023,pbhlt@gmail.com
ham,Dont let studying stress you out. L8r.,13/08/2024,ankfe@gmail.com
ham,That's y u haf 2 keep me busy...,15/07/2024,jcfmc@gmail.com
ham,No rushing. I'm not working. I'm in school so if we rush we go hungry.,28/06/2024,htejq@gmail.com
ham,Which channel:-):-):):-).,22/06/2022,nnalu@gmail.com
ham,So your telling me I coulda been your real Valentine and I wasn't? U never pick me for NOTHING!!,01/11/2022,jgnhi@gmail.com
spam,Phony £350 award - Todays Voda numbers ending XXXX are selected to receive a £350 award. If you have a match please call 08712300220 quoting claim code 3100 standard rates app,20/09/2023,jdrxo@gmail.com
ham,"We made it! Eta at taunton is 12:30 as planned, hope that‘s still okday?! Good to see you! :-xx",03/03/2023,hbwzp@gmail.com
ham,I'm hungry buy smth home...,03/01/2023,drmeb@gmail.com
ham,"HEY KATE, HOPE UR OK... WILL GIVE U A BUZ WEDLUNCH. GO OUTSOMEWHERE 4 ADRINK IN TOWN..CUD GO 2WATERSHD 4 A BIT? PPL FROMWRK WILL BTHERE. LOVE PETEXXX.",16/02/2024,jzycm@gmail.com
ham,My drive can only be read. I need to write,25/07/2023,brprs@gmail.com
ham,"Just looked it up and addie goes back Monday, sucks to be her",16/04/2024,crgml@gmail.com
ham,Happy new year. Hope you are having a good semester,14/12/2024,qzkub@gmail.com
ham,Esplanade lor. Where else...,03/05/2024,rpbvw@gmail.com
ham,Can you talk with me..,06/07/2023,evtgu@gmail.com
ham,"Hmph. Go head, big baller.",27/03/2022,xqgnu@gmail.com
ham,Well its not like you actually called someone a punto. That woulda been worse.,01/06/2024,wcsom@gmail.com
ham,"Nope. Since ayo travelled, he has forgotten his guy",22/03/2023,ntssb@gmail.com
ham,You still around? Looking to pick up later,22/03/2022,xrwvn@gmail.com
spam,CDs 4u: Congratulations ur awarded £500 of CD gift vouchers or £125 gift guaranteed & Freeentry 2 £100 wkly draw xt MUSIC to 87066 TnCs www.ldew.com1win150ppmx3age16,21/01/2024,mydyd@gmail.com
ham,There's someone here that has a year  &lt;#&gt;  toyota camry like mr olayiwola's own. Mileage is  &lt;#&gt; k.its clean but i need to know how much will it sell for. If i can raise the dough for it how soon after landing will it sell. Holla back.,29/03/2023,ykvzk@gmail.com
ham,Guess which pub im in? Im as happy as a pig in clover or whatever the saying is!,01/07/2024,xcgth@gmail.com
ham,ILL B DOWN SOON,10/04/2023,hsohy@gmail.com
ham,Oh k. . I will come tomorrow,07/07/2022,jafcx@gmail.com
ham,Go fool dont cheat others ok,26/09/2024,wlybq@gmail.com
ham,"My mobile number.pls sms ur mail id.convey regards to achan,amma.Rakhesh.Qatar",19/05/2024,frdpq@gmail.com
ham,"By the way, 'rencontre' is to meet again. Mountains dont....",09/09/2022,ygbfe@gmail.com
spam,You have WON a guaranteed £1000 cash or a £2000 prize. To claim yr prize call our customer service representative on 08714712412 between 10am-7pm Cost 10p,01/12/2023,qklll@gmail.com
ham,U attend ur driving lesson how many times a wk n which day?,05/11/2023,arcso@gmail.com
ham,"Uncle G, just checking up on you. Do have a rewarding month",15/03/2024,nqjre@gmail.com
ham,Hello boytoy ! Geeee ... I'm missing you today. I like to send you a tm and remind you I'm thinking of you ... And you are loved ... *loving kiss*,28/12/2022,usirw@gmail.com
ham,I think the other two still need to get cash but we can def be ready by 9,31/03/2022,xqzom@gmail.com
ham,Hey gals...U all wanna meet 4 dinner at nìte?,26/07/2022,rptkf@gmail.com
spam,Dear 0776xxxxxxx U've been invited to XCHAT. This is our final attempt to contact u! Txt CHAT to 86688 150p/MsgrcvdHG/Suite342/2Lands/Row/W1J6HL LDN 18yrs,04/04/2022,qdvgj@gmail.com
ham,Babe ! What are you doing ? Where are you ? Who are you talking to ? Do you think of me ? Are you being a good boy? Are you missing me? Do you love me ?,04/08/2023,ammkd@gmail.com
ham,Great! How is the office today?,01/12/2024,qbakj@gmail.com
ham,"It's cool, we can last a little while. Getting more any time soon?",07/02/2022,vuhds@gmail.com
ham,:-( sad puppy noise,19/02/2022,afzpz@gmail.com
ham,Yes its possible but dint try. Pls dont tell to any one k,14/06/2024,ejuxl@gmail.com
ham,Anyway holla at me whenever you're around because I need an excuse to go creep on people in sarasota,02/02/2024,srvcr@gmail.com
ham,Where you. What happen,25/06/2024,xwyby@gmail.com
ham,I was gonna ask you lol but i think its at 7,21/07/2023,pdaik@gmail.com
spam,Ur cash-balance is currently 500 pounds - to maximize ur cash-in now send GO to 86688 only 150p/meg. CC: 08718720201 HG/Suite342/2lands Row/W1j6HL,15/09/2022,keikp@gmail.com
spam,PRIVATE! Your 2003 Account Statement for shows 800 un-redeemed S.I.M. points. Call 08715203685 Identifier Code:4xx26 Expires 13/10/04,28/01/2023,zmhiy@gmail.com
ham,Go chase after her and run her over while she's crossing the street,06/11/2022,ynbft@gmail.com
spam,I'd like to tell you my deepest darkest fantasies. Call me 09094646631 just 60p/min. To stop texts call 08712460324 (nat rate),02/04/2024,jwxbm@gmail.com
ham,Is there coming friday is leave for pongal?do you get any news from your work place.,21/11/2024,iswro@gmail.com
ham,Hey... Very inconvenient for your sis a not huh?,23/09/2023,xszsr@gmail.com
ham,Ok i vl..do u know i got adsense approved..,13/06/2022,mqzgp@gmail.com
ham,"* Was really good to see you the other day dudette, been missing you!",18/05/2022,xrvql@gmail.com
ham,I want to go to perumbavoor,12/10/2024,tjiyn@gmail.com
ham,How many times i told in the stage all use to laugh. You not listen aha.,22/06/2024,psmdn@gmail.com
spam,You won't believe it but it's true. It's Incredible Txts! Reply G now to learn truly amazing things that will blow your mind. From O2FWD only 18p/txt,26/03/2022,dqqcp@gmail.com
ham,(You didn't hear it from me),30/03/2022,movbo@gmail.com
ham,Thanks for being there for me just to talk to on saturday. You are very dear to me. I cherish having you as a brother and role model.,06/12/2023,dndbr@gmail.com
ham,Pls clarify back if an open return ticket that i have can be preponed for me to go back to kerala.,19/01/2024,jsnuo@gmail.com
spam,Natalie (20/F) is inviting you to be her friend. Reply YES-165 or NO-165 See her: www.SMS.ac/u/natalie2k9 STOP? Send STOP FRND to 62468,11/10/2024,ghxym@gmail.com
ham,She ran off with a younger man. we will make pretty babies together :),07/10/2022,kzrzr@gmail.com
spam,Jamster! To get your free wallpaper text HEART to 88888 now! T&C apply. 16 only. Need Help? Call 08701213186.,25/09/2022,vmpsp@gmail.com
ham,O ic lol. Should play 9 doors sometime yo,23/02/2024,ecxqq@gmail.com
ham,"Dunno, my dad said he coming home 2 bring us out 4 lunch. Yup i go w u lor. I call u when i reach school lor...",26/05/2024,vioai@gmail.com
ham,"We have sent JD for Customer Service cum Accounts Executive to ur mail id, For details contact us",01/06/2022,wbwbn@gmail.com
ham,Desires- u going to doctor 4 liver. And get a bit stylish. Get ur hair managed. Thats it.,15/01/2023,fbife@gmail.com
ham,Hmmm.still we dont have opener?,06/11/2023,vqejn@gmail.com
ham,Yeah so basically any time next week you can get away from your mom &amp; get up before 3,15/01/2023,khjkf@gmail.com
ham,"Edison has rightly said, ""A fool can ask more questions than a wise man can answer"" Now you know why all of us are speechless during ViVa.. GM,GN,GE,GNT:-)",31/05/2022,gaqgz@gmail.com
ham,I will vote for wherever my heart guides me,12/10/2023,jjfnk@gmail.com
ham,With my sis lor... We juz watched italian job.,14/03/2024,soytp@gmail.com
ham,"Tick, tick, tick .... Where are you ? I could die of loneliness you know ! *pouts* *stomps feet* I need you ...",07/01/2022,oxkzd@gmail.com
ham,Lmao you know me so well...,13/06/2023,hbukx@gmail.com
spam,Double Mins & Double Txt & 1/2 price Linerental on Latest Orange Bluetooth mobiles. Call MobileUpd8 for the very latest offers. 08000839402 or call2optout/LF56,05/07/2024,zpgkj@gmail.com
ham,Am on a train back from northampton so i'm afraid not! I'm staying skyving off today ho ho! Will be around wednesday though. Do you fancy the comedy club this week by the way?,23/11/2023,rzyjr@gmail.com
ham,Goodnight da thangam I really miss u dear.,30/05/2024,zaoxj@gmail.com
ham,Hey next sun 1030 there's a basic yoga course... at bugis... We can go for that... Pilates intro next sat.... Tell me what time you r free,24/07/2023,awvme@gmail.com
ham,"Geeeee ... Your internet is really bad today, eh ?",21/01/2023,fobei@gmail.com
spam,Free video camera phones with Half Price line rental for 12 mths and 500 cross ntwk mins 100 txts. Call MobileUpd8 08001950382 or Call2OptOut/674,28/08/2023,zhrnj@gmail.com
ham,I think i am disturbing her da,20/07/2024,wutfp@gmail.com
ham,"Sorry, I'll call you  later. I am in meeting sir.",31/01/2023,htbfj@gmail.com
ham,Havent stuck at orchard in my dad's car. Going 4 dinner now. U leh? So r they free tonight?,28/01/2023,quepo@gmail.com
ham,Ok i also wan 2 watch e 9 pm show...,27/10/2022,pchsn@gmail.com
ham,I dunno lei... Like dun haf...,08/06/2023,kkdso@gmail.com
ham,But your brother transfered only  &lt;#&gt;  +  &lt;#&gt; . Pa.,30/10/2022,btelf@gmail.com
ham,I calls you later. Afternoon onwords mtnl service get problem in south mumbai. I can hear you but you cann't listen me.,21/11/2022,rarkc@gmail.com
spam,83039 62735=£450 UK Break AccommodationVouchers terms & conditions apply. 2 claim you mustprovide your claim number which is 15541,06/01/2022,aipgp@gmail.com
ham,Talk to g and x about that,16/07/2022,hzjab@gmail.com
ham,Hai dear friends... This is my new &amp; present number..:) By Rajitha Raj (Ranju),29/11/2023,ngirt@gmail.com
spam,5p 4 alfie Moon's Children in need song on ur mob. Tell ur m8s. Txt Tone charity to 8007 for Nokias or Poly charity for polys: zed 08701417012 profit 2 charity.,11/01/2024,laoso@gmail.com
ham,As in different styles?,15/02/2022,xksxw@gmail.com
spam,WIN a £200 Shopping spree every WEEK Starting NOW. 2 play text STORE to 88039. SkilGme. TsCs08714740323 1Winawk! age16 £1.50perweeksub.,12/11/2024,ovaxz@gmail.com
ham,Gud ni8 dear..slp well..take care..swt dreams..Muah..,15/12/2022,czmml@gmail.com
ham,I want to sent  &lt;#&gt; mesages today. Thats y. Sorry if i hurts,14/05/2024,ndvyu@gmail.com
spam,"This is the 2nd attempt to contract U, you have won this weeks top prize of either £1000 cash or £200 prize. Just call 09066361921",21/05/2022,ctsnr@gmail.com
ham,"Well, i'm glad you didn't find it totally disagreeable ... Lol",26/03/2024,isxhm@gmail.com
ham,"Guy, no flash me now. If you go call me, call me. How madam. Take care oh.",01/06/2023,wqvgj@gmail.com
spam,Do you want a New Nokia 3510i colour phone DeliveredTomorrow? With 300 free minutes to any mobile + 100 free texts + Free Camcorder reply or call 08000930705.,23/12/2022,kxntp@gmail.com
ham,Mark works tomorrow. He gets out at 5. His work is by your house so he can meet u afterwards.,18/10/2022,jhssw@gmail.com
ham,"Keep ur problems in ur heart, b'coz nobody will fight for u. Only u &amp; u have to fight for ur self &amp; win the battle. -VIVEKANAND- G 9t.. SD..
ham	Yeah, give me a call if you've got a minute
ham	HI BABE UAWAKE?FEELLIKW SHIT.JUSTFOUND OUT VIA ALETTER THATMUM GOTMARRIED 4thNOV.BEHIND OURBACKS  FUCKINNICE!SELFISH,DEVIOUSBITCH.ANYWAY,IL CALL U""",16/07/2024,crgks@gmail.com
ham,Amazing : If you rearrange these letters it gives the same meaning... Dormitory = Dirty room Astronomer = Moon starer The eyes = They see Election results = Lies lets recount Mother-in-law = Woman Hitler Eleven plus two =Twelve plus one Its Amazing... !:-),27/07/2023,rkinx@gmail.com
ham,Aiya we discuss later lar... Pick ü up at 4 is it?,27/05/2024,vayds@gmail.com
ham,Hey happy birthday...,02/12/2023,fdbba@gmail.com
ham,Sorry i missed your call. Can you please call back.,16/06/2022,lmkpd@gmail.com
ham,Omg if its not one thing its another. My cat has worms :/ when does this bad day end?,22/11/2024,oowna@gmail.com
ham,"Good morning, im suffering from fever and dysentry ..will not be able to come to office today.",13/11/2023,txwna@gmail.com
ham,I wont do anything de.,03/03/2024,rgdyc@gmail.com
ham,What type of stuff do you sing?,20/02/2023,cxluq@gmail.com
ham,"St andre, virgil's cream",28/06/2023,qefxe@gmail.com
ham,No no. I will check all rooms befor activities,29/03/2024,ztncs@gmail.com
ham,"My fri ah... Okie lor,goin 4 my drivin den go shoppin after tt...",08/09/2023,cjlue@gmail.com
ham,Gokila is talking with you aha:),16/09/2022,sbciu@gmail.com
ham,"Hi Shanil,Rakhesh here.thanks,i have exchanged the uncut diamond stuff.leaving back. Excellent service by Dino and Prem.",19/01/2022,rjykq@gmail.com
ham,K.k.this month kotees birthday know?,20/01/2023,qsiko@gmail.com
ham,But i'm really really broke oh. No amount is too small even  &lt;#&gt;,30/05/2022,vlwen@gmail.com
ham,Sorry about that this is my mates phone and i didnt write it love Kate,20/12/2022,hqbcs@gmail.com
spam,"TheMob>Hit the link to get a premium Pink Panther game, the new no. 1 from Sugababes, a crazy Zebra animation or a badass Hoody wallpaper-all 4 FREE!",12/07/2022,krmee@gmail.com
ham,"Ah, well that confuses things, doesnt it? I thought was friends with now. Maybe i did the wrong thing but i already sort of invited -tho he may not come cos of money.",13/11/2023,jiakq@gmail.com
ham,"Aight, call me once you're close",16/04/2023,axlmk@gmail.com
ham,Nope thats fine. I might have a nap tho!,09/01/2023,svxyp@gmail.com
spam,This msg is for your mobile content order It has been resent as previous attempt failed due to network error Queries to customersqueries@netvision.uk.com,27/11/2023,kthan@gmail.com
ham,In other news after hassling me to get him weed for a week andres has no money. HAUGHAIGHGTUJHYGUJ,03/07/2023,onydq@gmail.com
ham,"A Boy loved a gal. He propsd bt she didnt mind. He gv lv lttrs, Bt her frnds threw thm. Again d boy decided 2 aproach d gal , dt time a truck was speeding towards d gal. Wn it was about 2 hit d girl,d boy ran like hell n saved her. She asked 'hw cn u run so fast?' D boy replied ""Boost is d secret of my energy"" n instantly d girl shouted ""our energy"" n Thy lived happily 2gthr drinking boost evrydy Moral of d story:- I hv free msgs:D;): gud ni8",15/09/2022,bipdb@gmail.com
ham,I wnt to buy a BMW car urgently..its vry urgent.but hv a shortage of  &lt;#&gt; Lacs.there is no source to arng dis amt. &lt;#&gt; lacs..thats my prob,15/01/2022,jhgsj@gmail.com
ham,Ding me on ya break fassyole! Blacko from londn,01/10/2024,dqbqw@gmail.com
ham,I REALLY NEED 2 KISS U I MISS U MY BABY FROM UR BABY 4EVA,29/07/2024,kxsts@gmail.com
ham,"The sign of maturity is not when we start saying big things.. But actually it is, when we start understanding small things... *HAVE A NICE EVENING* BSLVYL",26/07/2022,zagdp@gmail.com
ham,Oh you got many responsibilities.,29/08/2022,rizew@gmail.com
spam,You have 1 new message. Please call 08715205273,20/04/2022,ypobv@gmail.com
ham,I've reached sch already...,09/06/2022,rzvlz@gmail.com
spam,December only! Had your mobile 11mths+? You are entitled to update to the latest colour camera mobile for Free! Call The Mobile Update VCo FREE on 08002986906,19/05/2022,cljji@gmail.com
ham,U definitely need a module from e humanities dis sem izzit? U wan 2 take other modules 1st?,28/03/2022,flfkr@gmail.com
ham,Argh why the fuck is nobody in town ;_;,02/04/2024,mocla@gmail.com
spam,"Get 3 Lions England tone, reply lionm 4 mono or lionp 4 poly. 4 more go 2 www.ringtones.co.uk, the original n best. Tones 3GBP network operator rates apply.",28/12/2023,xcprq@gmail.com
ham,Thanks. Fills me with complete calm and reassurance!,31/10/2023,rcgtc@gmail.com
ham,Aslamalaikkum....insha allah tohar beeen muht albi mufti mahfuuz...meaning same here....,19/10/2022,gqgiy@gmail.com
ham,Are you driving or training?,04/08/2022,cfsst@gmail.com
ham,Lol for real. She told my dad I have cancer,15/05/2022,cxufq@gmail.com
spam,PRIVATE! Your 2003 Account Statement for 078,08/09/2024,mqqzn@gmail.com
ham,"Oops I did have it,  &lt;#&gt; ?",26/10/2024,zghop@gmail.com
ham,NOT ENUFCREDEIT TOCALL.SHALL ILEAVE UNI AT 6 +GET A BUS TO YOR HOUSE?,11/02/2022,fkekf@gmail.com
ham,"Hi Chikku, send some nice msgs",22/03/2023,mborw@gmail.com
ham,"He is impossible to argue with and he always treats me like his sub, like he never released me ... Which he did and I will remind him of that if necessary",29/06/2024,egueg@gmail.com
ham,"After my work ah... Den 6 plus lor... U workin oso rite... Den go orchard lor, no other place to go liao...",17/12/2023,yogfs@gmail.com
ham,"To the wonderful Okors, have a great month. We cherish you guys and wish you well each day. MojiBiola",25/10/2023,lnbuw@gmail.com
ham,Cuz ibored. And don wanna study,25/06/2022,dwjzf@gmail.com
ham,Wot about on wed nite I am 3 then but only til 9!,21/03/2023,qfosd@gmail.com
ham,"Rose for red,red for blood,blood for heart,heart for u. But u for me.... Send tis to all ur friends.. Including me.. If u like me.. If u get back, 1-u r poor in relation! 2-u need some 1 to support 3-u r frnd 2 many 4-some1 luvs u 5+- some1 is praying god to marry u.:-) try it....",19/04/2022,glgit@gmail.com
ham,Any way where are you and what doing.,10/08/2023,vdlmx@gmail.com
ham,That sucks. I'll go over so u can do my hair. You'll do it free right?,20/12/2024,ixrea@gmail.com
ham,it's still not working. And this time i also tried adding zeros. That was the savings. The checking is  &lt;#&gt;,06/12/2022,hthht@gmail.com
ham,"Hmm... Dunno leh, mayb a bag 4 goigng out dat is not too small. Or jus anything except perfume, smth dat i can keep.",04/03/2023,lmqia@gmail.com
ham,Sday only joined.so training we started today:),30/08/2024,nrbzc@gmail.com
ham,Sorry * was at the grocers.,14/01/2022,dxfmo@gmail.com
ham,There are some nice pubs near here or there is Frankie n Bennys near the warner cinema?,25/01/2023,crmmk@gmail.com
spam,"YOU VE WON! Your 4* Costa Del Sol Holiday or £5000 await collection. Call 09050090044 Now toClaim. SAE, TC s, POBox334, Stockport, SK38xh, Cost£1.50/pm, Max10mins",14/08/2022,iguwz@gmail.com
ham,Yup... I havent been there before... You want to go for the yoga? I can call up to book,06/12/2023,yjfbu@gmail.com
ham,Oh shut it. Omg yesterday I had a dream that I had 2 kids both boys. I was so pissed. Not only about the kids but them being boys. I even told mark in my dream that he was changing diapers cause I'm not getting owed in the face.,09/08/2022,efbye@gmail.com
ham,Yeah I imagine he would be really gentle. Unlike the other docs who treat their patients like turkeys.,15/03/2022,xrkmu@gmail.com
spam,FREE for 1st week! No1 Nokia tone 4 ur mobile every week just txt NOKIA to 8077 Get txting and tell ur mates. www.getzed.co.uk POBox 36504 W45WQ 16+ norm150p/tone,09/09/2022,tmznw@gmail.com
ham,Now that you have started dont stop. Just pray for more good ideas and anything i see that can help you guys i.ll forward you a link.,10/07/2024,uilvd@gmail.com
ham,Hi darlin im on helens fone im gonna b up the princes 2 nite please come up tb love Kate,18/05/2024,kctvj@gmail.com
ham,I'm in office now da:)where are you?,18/06/2022,vuawb@gmail.com
ham,Aiyar u so poor thing... I give u my support k... Jia you! I'll think of u...,09/05/2022,shslm@gmail.com
ham,Oh unintentionally not bad timing. Great. Fingers  the trains play along! Will give fifteen min warning.,12/11/2023,gyomx@gmail.com
spam,Get your garden ready for summer with a FREE selection of summer bulbs and seeds worth £33:50 only with The Scotsman this Saturday. To stop go2 notxt.co.uk,12/03/2024,vtvdc@gmail.com
ham,K..then come wenever u lik to come and also tel vikky to come by getting free time..:-),02/04/2023,vbbvg@gmail.com
ham,Pls call me da. What happen.,24/12/2024,wjbkn@gmail.com
ham,"Happy new year to u and ur family...may this new year bring happiness , stability and tranquility to ur vibrant colourful life:):)",04/06/2023,rvhfp@gmail.com
ham,No problem with the renewal. I.ll do it right away but i dont know his details.,28/08/2022,odktf@gmail.com
ham,Idk. I'm sitting here in a stop and shop parking lot right now bawling my eyes out because i feel like i'm a failure in everything. Nobody wants me and now i feel like i'm failing you.,18/08/2023,nbdmf@gmail.com
ham,Haven't left yet so probably gonna be here til dinner,11/05/2023,tnkif@gmail.com
ham,"Like  &lt;#&gt; , same question",22/06/2024,wdatg@gmail.com
ham,MY NEW YEARS EVE WAS OK. I WENT TO A PARTY WITH MY BOYFRIEND. WHO IS THIS SI THEN HEY,06/11/2024,zwjqw@gmail.com
ham,"Sir, I need Velusamy sir's date of birth and company bank facilities details.",17/08/2023,osmrl@gmail.com
ham,K k:) sms chat with me.,01/11/2023,ufexf@gmail.com
ham,I will come with karnan car. Please wait till 6pm will directly goto doctor.,07/08/2024,exfxf@gmail.com
ham,No but the bluray player can,04/01/2022,txgbj@gmail.com
ham,Ok... Then r we meeting later?,20/12/2024,ljqfb@gmail.com
ham,Lol no. I just need to cash in my nitros. Hurry come on before I crash out!,07/11/2023,eggzd@gmail.com
ham,Just send a text. We'll skype later.,08/01/2023,zbeom@gmail.com
ham,Ok leave no need to ask,04/10/2022,inyxq@gmail.com
spam,"Congrats 2 mobile 3G Videophones R yours. call 09063458130 now! videochat wid ur mates, play java games, Dload polypH music, noline rentl. bx420. ip4. 5we. 150p",16/12/2022,iepng@gmail.com
ham,Ü still got lessons?  Ü in sch?,01/03/2022,qkvvg@gmail.com
ham,Y she dun believe leh? I tot i told her it's true already. I thk she muz c us tog then she believe.,22/12/2024,aeujn@gmail.com
ham,Oh did you charge camera,17/05/2024,mjfwa@gmail.com
ham,"I‘ve got some salt, you can rub it in my open wounds if you like!",06/09/2022,nkoed@gmail.com
ham,Now i'm going for lunch.,03/06/2022,xefkd@gmail.com
ham,I'm in school now n i'll be in da lab doing some stuff give me a call when ü r done.,14/12/2023,qgrhl@gmail.com
ham,Oh k. . I will come tomorrow,16/06/2022,ebkst@gmail.com
ham,"Aight, text me tonight and we'll see what's up",11/05/2023,ghzgj@gmail.com
ham,U 2.,22/04/2023,cpysx@gmail.com
ham,Water logging in desert. Geoenvironmental implications.,03/06/2022,xbmwm@gmail.com
ham,Raji..pls do me a favour. Pls convey my Birthday wishes to Nimya. Pls. Today is her birthday.,17/08/2022,zrmhj@gmail.com
ham,Company is very good.environment is terrific and food is really nice:),22/10/2023,skhet@gmail.com
ham,"Very strange.  and  are watching the 2nd one now but i'm in bed. Sweet dreams, miss u",23/03/2022,utnfm@gmail.com
spam,SMS AUCTION - A BRAND NEW Nokia 7250 is up 4 auction today! Auction is FREE 2 join & take part! Txt NOKIA to 86021 now!,28/07/2023,levkm@gmail.com
ham,"Hi hope u r both ok, he said he would text and he hasn't, have u seen him, let me down gently please",28/12/2024,alspp@gmail.com
ham,"Babe! I fucking love you too !! You know? Fuck it was so good to hear your voice. I so need that. I crave it. I can't get enough. I adore you, Ahmad *kisses*",14/10/2022,ygosc@gmail.com
ham,K sure am in my relatives home. Sms me de. Pls:-),10/08/2023,fqhci@gmail.com
ham,I sent them. Do you like?,11/12/2024,gawba@gmail.com
ham,"Fuuuuck I need to stop sleepin, sup",04/10/2022,uaxlm@gmail.com
ham,I'm in town now so i'll jus take mrt down later.,15/11/2024,getwd@gmail.com
ham,I just cooked a rather nice salmon a la you,07/04/2024,nrxpp@gmail.com
ham,I uploaded mine to Facebook,10/05/2023,yoplz@gmail.com
ham,WHAT TIME U WRKIN?,27/03/2023,rfoiu@gmail.com
ham,Okie,21/10/2022,ywpic@gmail.com
spam,ree entry in 2 a weekly comp for a chance to win an ipod. Txt POD to 80182 to get entry (std txt rate) T&C's apply 08452810073 for details 18+,13/01/2022,angsh@gmail.com
spam,Our records indicate u maybe entitled to 5000 pounds in compensation for the Accident you had. To claim 4 free reply with CLAIM to this msg. 2 stop txt STOP,17/01/2024,ctats@gmail.com
ham,"Sorry, I'll call later",09/06/2023,dtggp@gmail.com
ham,Oh oh... Den muz change plan liao... Go back have to yan jiu again...,18/05/2022,epqll@gmail.com
ham,"It's wylie, you in tampa or sarasota?",29/11/2024,uwjhv@gmail.com
ham,Ok... Take ur time n enjoy ur dinner...,12/05/2023,uzjcm@gmail.com
ham,Darren was saying dat if u meeting da ge den we dun meet 4 dinner. Cos later u leave xy will feel awkward. Den u meet him 4 lunch lor.,11/10/2024,xmxbx@gmail.com
spam,"Spook up your mob with a Halloween collection of a logo & pic message plus a free eerie tone, txt CARD SPOOK to 8007 zed 08701417012150p per logo/pic",19/02/2024,ikhlg@gmail.com
ham,I like cheap! But i‘m happy to splash out on the wine if it makes you feel better..,17/08/2023,wapbg@gmail.com
ham,She.s fine. I have had difficulties with her phone. It works with mine. Can you pls send her another friend request.,15/12/2023,ihimm@gmail.com
ham,Ugh my leg hurts. Musta overdid it on mon.,03/05/2022,cumju@gmail.com
spam,Call Germany for only 1 pence per minute! Call from a fixed line via access number 0844 861 85 85. No prepayment. Direct access! www.telediscount.co.uk,08/01/2024,cyubi@gmail.com
spam,"YOU VE WON! Your 4* Costa Del Sol Holiday or £5000 await collection. Call 09050090044 Now toClaim. SAE, TC s, POBox334, Stockport, SK38xh, Cost£1.50/pm, Max10mins",06/12/2023,yvpmu@gmail.com
ham,WOT STUDENT DISCOUNT CAN U GET ON BOOKS?,19/03/2023,fhalc@gmail.com
ham,Me fine..absolutly fine,08/03/2023,hxbee@gmail.com
ham,How come she can get it? Should b quite diff to guess rite...,20/07/2023,spgzj@gmail.com
spam,Had your mobile 11mths ? Update for FREE to Oranges latest colour camera mobiles & unlimited weekend calls. Call Mobile Upd8 on freefone 08000839402 or 2StopTxt,05/01/2022,wspox@gmail.com
ham,I will reach ur home in  &lt;#&gt;  minutes,18/07/2022,fuchc@gmail.com
ham,"Babe, I'm answering you, can't you see me ? Maybe you'd better reboot YM ... I got the photo ... It's great !",30/11/2023,zxdbz@gmail.com
ham,Hi.what you think about match?,07/10/2023,hnhwn@gmail.com
ham,"I know you are thinkin malaria. But relax, children cant handle malaria. She would have been worse and its gastroenteritis. If she takes enough to replace her loss her temp will reduce. And if you give her malaria meds now she will just vomit. Its a self limiting illness she has which means in a few days it will completely stop",02/08/2023,ncpub@gmail.com
ham,Dai i downloaded but there is only exe file which i can only run that exe after installing.,11/04/2024,hwuti@gmail.com
ham,It is only yesterday true true.,24/02/2024,cajub@gmail.com
ham,K.k.how is your business now?,01/06/2024,qfjkt@gmail.com
ham,3 pa but not selected.,09/12/2023,gnqix@gmail.com
spam,Natalja (25/F) is inviting you to be her friend. Reply YES-440 or NO-440 See her: www.SMS.ac/u/nat27081980 STOP? Send STOP FRND to 62468,17/05/2023,viouf@gmail.com
ham,I keep ten rs in my shelf:) buy two egg.,03/01/2024,loaxz@gmail.com
ham,I am late. I will be there at,05/08/2024,gvvyn@gmail.com
ham,Well thats nice. Too bad i cant eat it,30/07/2023,zxikd@gmail.com
ham,I accidentally brought em home in the box,12/05/2023,nfsof@gmail.com
ham,Pls she needs to dat slowly or she will vomit more.,14/04/2022,reipu@gmail.com
ham,I have to take exam with in march 3,18/06/2023,ulcyx@gmail.com
ham,"Jane babes not goin 2 wrk, feel ill after lst nite. Foned in already cover 4 me chuck.:-)",10/04/2024,ycamf@gmail.com
ham,5 nights...We nt staying at port step liao...Too ex,04/12/2024,syjel@gmail.com
ham,If I die I want u to have all my stuffs.,23/01/2022,jnzjt@gmail.com
ham,OH FUCK. JUSWOKE UP IN A BED ON A BOATIN THE DOCKS. SLEPT WID 25 YEAR OLD. SPINOUT! GIV U DA GOSSIP L8R. XXX,21/08/2024,uiuqv@gmail.com
ham,Smile in Pleasure Smile in Pain Smile when trouble pours like Rain Smile when sum1 Hurts U Smile becoz SOMEONE still Loves to see u Smiling!!,04/04/2022,uutbv@gmail.com
ham,Prabha..i'm soryda..realy..frm heart i'm sory,21/11/2022,spqht@gmail.com
ham,I re-met alex nichols from middle school and it turns out he's dealing!,25/03/2022,wclae@gmail.com
spam,PRIVATE! Your 2003 Account Statement for <fone no> shows 800 un-redeemed S. I. M. points. Call 08715203656 Identifier Code: 42049 Expires 26/10/04,14/02/2024,wprlp@gmail.com
ham,It means u could not keep ur words.,08/03/2023,bowmr@gmail.com
ham,"Nope, I'm still in the market",03/02/2023,leejr@gmail.com
ham,I realise you are a busy guy and i'm trying not to be a bother. I have to get some exams outta the way and then try the cars. Do have a gr8 day,31/12/2023,elhxa@gmail.com
spam,YOU ARE CHOSEN TO RECEIVE A £350 AWARD! Pls call claim number 09066364311 to collect your award which you are selected to receive as a valued mobile customer.,16/10/2024,wkfgl@gmail.com
ham,Hey what how about your project. Started aha da.,20/08/2024,xvcib@gmail.com
ham,Ok cool. See ya then.,30/08/2022,kkylb@gmail.com
ham,Am on the uworld site. Am i buying the qbank only or am i buying it with the self assessment also?,06/09/2023,vquka@gmail.com
ham,Your opinion about me? 1. Over 2. Jada 3. Kusruthi 4. Lovable 5. Silent 6. Spl character 7. Not matured 8. Stylish 9. Simple Pls reply..,09/02/2023,epxty@gmail.com
spam,Someonone you know is trying to contact you via our dating service! To find out who it could be call from your mobile or landline 09064015307 BOX334SK38ch,19/06/2022,wyuht@gmail.com
ham,Yeah I can still give you a ride,22/08/2024,ldeyb@gmail.com
ham,"Jay wants to work out first, how's 4 sound?",19/07/2022,ieldx@gmail.com
ham,"Gud gud..k, chikku tke care.. sleep well gud nyt",19/08/2023,rfbvc@gmail.com
ham,Its a part of checking IQ,24/03/2022,kdezs@gmail.com
ham,Hmm thinking lor...,24/07/2024,bmicd@gmail.com
ham,Of course ! Don't tease me ... You know I simply must see ! *grins* ... Do keep me posted my prey ... *loving smile* *devouring kiss*,08/10/2022,sfytu@gmail.com
ham,thanks for the temales it was wonderful. Thank. Have a great week.,20/03/2024,tzdyu@gmail.com
ham,Thank you princess! I want to see your nice juicy booty...,31/03/2022,tvlex@gmail.com
ham,Haven't eaten all day. I'm sitting here staring at this juicy pizza and I can't eat it. These meds are ruining my life.,09/09/2022,eqdwj@gmail.com
ham,Gud ni8 dear..slp well..take care..swt dreams..Muah..,27/11/2022,cbybp@gmail.com
ham,U come n search tat vid..not finishd..,14/06/2024,irvgz@gmail.com
ham,"K I'm leaving soon, be there a little after 9",03/05/2023,qewdg@gmail.com
spam,Urgent! Please call 09061213237 from a landline. £5000 cash or a 4* holiday await collection. T &Cs SAE PO Box 177 M227XY. 16+,01/11/2023,lbizh@gmail.com
ham,"Yeah work is fine, started last week, all the same stuff as before, dull but easy and guys are fun!",14/02/2023,ciukr@gmail.com
ham,You do your studies alone without anyones help. If you cant no need to study.,20/04/2024,bpoop@gmail.com
ham,Please tell me not all of my car keys are in your purse,01/10/2023,mbvuk@gmail.com
ham,I didnt get anything da,19/08/2022,fyxlr@gmail.com
ham,Ok... Sweet dreams...,11/12/2023,fnsmt@gmail.com
ham,Well she's in for a big surprise!,08/05/2023,cmdkj@gmail.com
ham,"As usual..iam fine, happy &amp; doing well..:)",08/07/2024,ghvxd@gmail.com
ham,1 in cbe. 2 in chennai.,29/10/2022,sxbnx@gmail.com
ham,Can help u swoop by picking u up from wherever ur other birds r meeting if u want.,20/09/2022,kfodk@gmail.com
ham,If anyone calls for a treadmill say you'll buy it. Make sure its working. I found an ad on Craigslist selling for $ &lt;#&gt; .,16/11/2023,uhwxl@gmail.com
ham,I absolutely LOVE South Park! I only recently started watching the office.,10/06/2023,blnae@gmail.com
ham,Did you see that film:),22/11/2023,irgxj@gmail.com
ham,Pls speak with me. I wont ask anything other then you friendship.,19/04/2023,gtjvy@gmail.com
ham,"Storming msg: Wen u lift d phne, u say ""HELLO"" Do u knw wt is d real meaning of HELLO?? . . . It's d name of a girl..! . . . Yes.. And u knw who is dat girl?? ""Margaret Hello"" She is d girlfrnd f Grahmbell who invnted telphone... . . . . Moral:One can 4get d name of a person, bt not his girlfrnd... G o o d n i g h t . . .@",22/07/2023,iauba@gmail.com
ham,Gud ni8.swt drms.take care,01/03/2024,jplpb@gmail.com
ham,HI DARLIN ITS KATE ARE U UP FOR DOIN SOMETHIN TONIGHT? IM GOING TO A PUB CALLED THE SWAN OR SOMETHING WITH MY PARENTS FOR ONE DRINK SO PHONE ME IF U CAN,15/08/2024,mcfhb@gmail.com
ham,Anything lar then ü not going home 4 dinner?,03/08/2023,ukvmq@gmail.com
ham,"ER, ENJOYIN INDIANS AT THE MO..yeP. SaLL gOoD HehE ;> hows bout u shexy? Pete Xx",01/04/2022,laidp@gmail.com
spam,"If you don't, your prize will go to another customer. T&C at www.t-c.biz 18+ 150p/min Polo Ltd Suite 373 London W1J 6HL Please call back if busy",04/08/2024,rybke@gmail.com
ham,Did u fix the teeth?if not do it asap.ok take care.,16/07/2023,nvgfj@gmail.com
ham,So u wan 2 come for our dinner tonight a not?,30/07/2023,prsxa@gmail.com
ham,"Hello.How u doing?What u been up 2?When will u b moving out of the flat, cos I will need to arrange to pick up the lamp, etc. Take care. Hello caroline!",07/03/2024,rgivm@gmail.com
ham,Its too late:)but its k.wish you the same.,16/09/2024,hgzdz@gmail.com
ham,"Hi. Hope ur day * good! Back from walk, table booked for half eight. Let me know when ur coming over.",18/08/2024,yevqq@gmail.com
ham,Oh yeah clearly it's my fault,07/05/2024,lfvwd@gmail.com
ham,Dunno leh cant remember mayb lor. So wat time r we meeting tmr?,25/12/2024,uikdu@gmail.com
ham,"Best msg: It's hard to be with a person, when u know that one more step foward will make u fall in love.. &amp; One step back can ruin ur friendship.. good night:-) ...",11/08/2023,extby@gmail.com
spam,URGENT! Your Mobile number has been awarded with a £2000 prize GUARANTEED. Call 09061790126 from land line. Claim 3030. Valid 12hrs only 150ppm,26/06/2022,kycla@gmail.com
ham,"Helloooo... Wake up..! ""Sweet"" ""morning"" ""welcomes"" ""You"" ""Enjoy"" ""This Day"" ""with full of joy"".. ""GUD MRNG"".",12/06/2022,cysyt@gmail.com
ham,"Vikky, come around  &lt;TIME&gt; ..",02/03/2024,ugehu@gmail.com
ham,"And how you will do that, princess? :)",12/06/2022,isxuw@gmail.com
ham,I have gone into get info bt dont know what to do,07/04/2024,dibwo@gmail.com
ham,"Yeah, probably here for a while",09/01/2023,gxdqj@gmail.com
ham,Sent me ur email id soon,04/07/2023,frkic@gmail.com
spam,"URGENT! You have won a 1 week FREE membership in our £100,000 Prize Jackpot! Txt the word: CLAIM to No: 81010 T&C www.dbuk.net LCCLTD POBOX 4403LDNW1A7RW18",20/05/2023,ttndd@gmail.com
ham,I'm still pretty weak today .. Bad day ?,06/09/2022,ygjxk@gmail.com
ham,Hey ! Don't forget ... You are MINE ... For ME ... My possession ... MY property ... MMM ... *childish smile* ...,30/09/2023,xmhvr@gmail.com
ham,An excellent thought by a misundrstud frnd: I knw u hate me bt the day wen u'll knw the truth u'll hate urself:-( Gn:-),26/02/2024,decqo@gmail.com
ham,Hey! Congrats 2u2. id luv 2 but ive had 2 go home!,11/06/2022,fxgdm@gmail.com
ham,Dear where you. Call me,17/03/2022,ubeyw@gmail.com
ham,Xy trying smth now. U eat already? We havent...,21/06/2023,cgegc@gmail.com
spam,Urgent! Please call 09061213237 from landline. £5000 cash or a luxury 4* Canary Islands Holiday await collection. T&Cs SAE PO Box 177. M227XY. 150ppm. 16+,12/04/2022,avihx@gmail.com
ham,I donno its in your genes or something,07/03/2023,cyira@gmail.com
spam,XMAS iscoming & ur awarded either £500 CD gift vouchers & free entry 2 r £100 weekly draw txt MUSIC to 87066 TnC www.Ldew.com1win150ppmx3age16subscription,18/10/2023,bvuhn@gmail.com
ham,Alex says he's not ok with you not being ok with it,05/03/2023,irkkj@gmail.com
ham,Are u coming to the funeral home,01/10/2022,arzwk@gmail.com
ham,My darling sister. How are you doing. When's school resuming. Is there a minimum wait period before you reapply? Do take care,20/12/2024,xyeqq@gmail.com
ham,I.ll hand her my phone to chat wit u,31/12/2024,cilad@gmail.com
ham,Well good morning mr . Hows london treatin' ya treacle?,03/01/2023,lhctn@gmail.com
ham,I can't make it tonight,25/08/2024,afxak@gmail.com
ham,At WHAT TIME should i come tomorrow,09/05/2023,rojrb@gmail.com
ham,About  &lt;#&gt; bucks. The banks fees are fixed. Better to call the bank and find out.,16/09/2024,xqxsk@gmail.com
ham,"I can. But it will tell quite long, cos i haven't finish my film yet...",11/03/2022,hkgsj@gmail.com
ham,Pls ask macho how much is budget for bb bold 2 is cos i saw a new one for  &lt;#&gt;  dollars.,19/06/2022,klbrl@gmail.com
ham,Hi missed your Call and my mumHas beendropping red wine all over theplace! what is your adress?,12/06/2023,kuqym@gmail.com
ham,Ill be at yours in about 3 mins but look out for me,22/05/2023,sgjhz@gmail.com
ham,What you did in  leave.,01/01/2023,vgile@gmail.com
ham,I'm coming back on Thursday. Yay. Is it gonna be ok to get the money. Cheers. Oh yeah and how are you. Everything alright. Hows school. Or do you call it work now,17/03/2024,tnbaz@gmail.com
ham,"Jolly good! By the way,  will give u tickets for sat eve 7.30. Speak before then x",06/10/2022,okuiv@gmail.com
ham,"yeah, that's what I was thinking",25/04/2022,gnmgh@gmail.com
ham,K.k:)i'm going to tirunelvali this week to see my uncle ..i already spend the amount by taking dress .so only i want money.i will give it on feb 1,20/06/2023,czmes@gmail.com
ham,Here got ur favorite oyster... N got my favorite sashimi... Ok lar i dun say already... Wait ur stomach start rumbling...,14/06/2023,xxrma@gmail.com
ham,My sister going to earn more than me da.,22/12/2023,grqtt@gmail.com
spam,Get the official ENGLAND poly ringtone or colour flag on yer mobile for tonights game! Text TONE or FLAG to 84199. Optout txt ENG STOP Box39822 W111WX £1.50,07/09/2024,wcnev@gmail.com
ham,Hahaha..use your brain dear,20/05/2022,zwcka@gmail.com
ham,Jus finish watching tv... U?,23/07/2024,znugg@gmail.com
ham,"K, fyi I'm back in my parents' place in south tampa so I might need to do the deal somewhere else",17/09/2024,ivtix@gmail.com
ham,"Good morning, my Love ... I go to sleep now and wish you a great day full of feeling better and opportunity ... You are my last thought babe, I LOVE YOU *kiss*",02/11/2022,shkuq@gmail.com
ham,Kothi print out marandratha.,30/10/2024,pacis@gmail.com
ham,But we havent got da topic yet rite?,13/02/2024,wrzlm@gmail.com
ham,Ok no problem... Yup i'm going to sch at 4 if i rem correctly...,28/06/2022,nzqew@gmail.com
ham,"Thanks, I'll keep that in mind",08/02/2022,kkylz@gmail.com
ham,Aah bless! How's your arm?,15/01/2024,rjyke@gmail.com
ham,"Dear Sir,Salam Alaikkum.Pride and Pleasure meeting you today at the Tea Shop.We are pleased to send you our contact number at Qatar.Rakhesh an Indian.Pls save our Number.Respectful Regards.",02/11/2022,wfrfa@gmail.com
ham,"Gal n boy walking in d park. gal-can i hold ur hand? boy-y? do u think i would run away? gal-no, jst wana c how it feels walking in heaven with an prince..GN:-)",07/07/2022,hdjou@gmail.com
ham,What makes you most happy?,23/01/2023,jxdjq@gmail.com
ham,Wishing you a wonderful week.,04/09/2022,fuhzg@gmail.com
ham,Sweet heart how are you?,17/05/2022,rytkz@gmail.com
ham,"Sir, waiting for your letter.",13/10/2022,xkssd@gmail.com
ham,Dude im no longer a pisces. Im an aquarius now.,28/02/2023,wblvr@gmail.com
ham,X course it 2yrs. Just so her messages on messenger lik you r sending me,13/12/2022,nifvj@gmail.com
ham,I think steyn surely get one wicket:),08/07/2023,ecmla@gmail.com
ham,"Neither [in sterm voice] - i'm studying. All fine with me! Not sure the  thing will be resolved, tho. Anyway. Have a fab hols",13/11/2024,ltvud@gmail.com
ham,"Garbage bags, eggs, jam, bread, hannaford wheat chex",03/10/2024,xrltw@gmail.com
ham,No. It's not pride. I'm almost  &lt;#&gt;  years old and shouldn't be takin money from my kid. You're not supposed to have to deal with this stuff. This is grownup stuff--why i don't tell you.,05/05/2022,pdwdf@gmail.com
ham,Sounds better than my evening im just doing my costume. Im not sure what time i finish tomorrow but i will txt you at the end.,08/08/2023,extml@gmail.com
ham,My birthday is on feb  &lt;#&gt;  da. .,17/08/2024,lbszo@gmail.com
ham,So when do you wanna gym?,08/09/2022,qdjdp@gmail.com
ham,You'd like that wouldn't you? Jerk!,15/08/2023,nuajw@gmail.com
ham,Are u awake? Is there snow there?,09/01/2022,zkvvd@gmail.com
ham,And of course you should make a stink!,04/08/2022,xomzp@gmail.com
spam,"u r subscribed 2 TEXTCOMP 250 wkly comp. 1st wk?s free question follows, subsequent wks charged@150p/msg.2 unsubscribe txt STOP 2 84128,custcare 08712405020",23/08/2022,cvvhy@gmail.com
ham,No go. No openings for that room 'til after thanksgiving without an upcharge.,05/10/2022,rybit@gmail.com
ham,When you guys planning on coming over?,09/07/2023,onbgk@gmail.com
ham,Wat ü doing now?,06/07/2022,ksarb@gmail.com
ham,"My Parents, My Kidz, My Friends n My Colleagues. All screaming.. SURPRISE !! and I was waiting on the sofa.. ... ..... ' NAKED...!",01/08/2022,jgkhr@gmail.com
ham,No sir. That's why i had an 8-hr trip on the bus last week. Have another audition next wednesday but i think i might drive this time.,20/08/2024,mtzho@gmail.com
ham,Do I? I thought I put it back in the box,02/05/2024,mymla@gmail.com
ham,I'm home...,13/12/2022,bjwgr@gmail.com
ham,No one interested. May be some business plan.,21/06/2023,hhqua@gmail.com
ham,Yup it's at paragon... I havent decided whether 2 cut yet... Hee...,03/05/2024,bqbos@gmail.com
ham,Good morning princess! Have a great day!,30/01/2022,xrpaw@gmail.com
ham,Guai... Ü shd haf seen him when he's naughty... Ü so free today? Can go jogging...,14/08/2023,kvlfi@gmail.com
ham,Aiyo cos i sms ü then ü neva reply so i wait 4 ü to reply lar. I tot ü havent finish ur lab wat.,09/03/2022,hqjvt@gmail.com
ham,"Living is very simple.. Loving is also simple.. Laughing is too simple.. Winning is tooo simple.. But, Being 'SIMPLE' is very difficult...;-) :-)",06/07/2023,lzwqe@gmail.com
ham,Tell me something. Thats okay.,23/06/2023,seodc@gmail.com
ham,Ok,11/01/2022,bgplb@gmail.com
ham,Hmm. Shall i bring a bottle of wine to keep us amused? Just joking! I'll still bring a bottle. Red or white? See you tomorrow,06/11/2024,kchlq@gmail.com
ham,This is ur face test ( 1 2 3 4 5 6 7 8 9  &lt;#&gt;  ) select any number i will tell ur face astrology.... am waiting. quick reply...,02/04/2022,rqjjn@gmail.com
ham,"Hey, iouri gave me your number, I'm wylie, ryan's friend",10/05/2022,njhqa@gmail.com
ham,Yep get with the program. You're slacking.,08/08/2022,hbpvx@gmail.com
ham,I'm in inside office..still filling forms.don know when they leave me.,08/11/2023,xgumi@gmail.com
ham,"I think your mentor is , but not 100 percent sure.",04/03/2024,ingru@gmail.com
spam,Call 09095350301 and send our girls into erotic ecstacy. Just 60p/min. To stop texts call 08712460324 (nat rate),10/10/2023,csoaj@gmail.com
spam,Camera - You are awarded a SiPix Digital Camera! call 09061221066 fromm landline. Delivery within 28 days.,14/03/2022,wyyeb@gmail.com
spam,A £400 XMAS REWARD IS WAITING FOR YOU! Our computer has randomly picked you from our loyal mobile customers to receive a £400 reward. Just call 09066380611,29/07/2023,xzarj@gmail.com
ham,Just trying to figure out when I'm suppose to see a couple different people this week. We said we'd get together but I didn't set dates,02/09/2022,ncbgl@gmail.com
spam,IMPORTANT MESSAGE. This is a final contact attempt. You have important messages waiting out our customer claims dept. Expires 13/4/04. Call 08717507382 NOW!,21/12/2024,hfauw@gmail.com
ham,Hi mom we might be back later than  &lt;#&gt;,09/02/2023,ipwey@gmail.com
spam,dating:i have had two of these. Only started after i sent a text to talk sport radio last week. Any connection do you think or coincidence?,13/03/2022,tjipq@gmail.com
ham,"Lol, oh you got a friend for the dog ?",30/10/2022,npxhz@gmail.com
ham,"Ok., is any problem to u frm him? Wats matter?",12/09/2024,euaol@gmail.com
ham,"K I'll head out in a few mins, see you there",03/12/2024,eepll@gmail.com
ham,Do u konw waht is rael FRIENDSHIP Im gving yuo an exmpel: Jsut ese tihs msg.. Evrey splleing of tihs msg is wrnog.. Bt sitll yuo can raed it wihtuot ayn mitsake.. GOODNIGHT &amp; HAVE A NICE SLEEP..SWEET DREAMS..,26/07/2022,uqdgg@gmail.com
ham,I cant pick the phone right now. Pls send a message,03/05/2024,mixql@gmail.com
ham,I don't want you to leave. But i'm barely doing what i can to stay sane. fighting with you constantly isn't helping.,08/05/2023,rbryi@gmail.com
spam,The current leading bid is 151. To pause this auction send OUT. Customer Care: 08718726270,11/07/2022,emxmt@gmail.com
spam,"Free entry to the gr8prizes wkly comp 4 a chance to win the latest Nokia 8800, PSP or £250 cash every wk.TXT GREAT to 80878 http//www.gr8prizes.com 08715705022",02/12/2024,aywab@gmail.com
ham,Somebody set up a website where you can play hold em using eve online spacebucks,19/05/2024,lauat@gmail.com
ham,Its sunny in california. The weather's just cool,21/09/2022,yamgj@gmail.com
spam,You have 1 new message. Call 0207-083-6089,19/11/2024,xkijs@gmail.com
ham,"I can make it up there, squeezed  &lt;#&gt;  bucks out of my dad",16/06/2022,ltzxk@gmail.com
ham,Good day to You too.Pray for me.Remove the teeth as its painful maintaining other stuff.,21/05/2022,qexns@gmail.com
ham,How are you babes. Hope your doing ok. I had a shit nights sleep. I fell asleep at 5.Im knackered and im dreading work tonight. What are thou upto tonight. X,04/04/2024,dljen@gmail.com
ham,How do friends help us in problems? They give the most stupid suggestion that Lands us into another problem and helps us forgt the previous problem,13/10/2023,ittha@gmail.com
ham,I'm at work. Please call,03/09/2024,xlnfu@gmail.com
ham,I will be gentle baby! Soon you will be taking all  &lt;#&gt;  inches deep inside your tight pussy...,08/02/2023,sajnl@gmail.com
ham,NOT MUCH NO FIGHTS. IT WAS A GOOD NITE!!,17/09/2023,oasch@gmail.com
ham,Ok.ok ok..then..whats ur todays plan,25/11/2022,pwdaj@gmail.com
ham,Nt joking seriously i told,19/09/2023,xapdt@gmail.com
ham,Watching ajith film ah?,22/12/2023,gmyxy@gmail.com
ham,Ooooooh I forgot to tell u I can get on yoville on my phone,06/12/2024,bwzaq@gmail.com
ham,"All done, all handed in. Don't know if mega shop in asda counts as celebration but thats what i'm doing!",27/12/2022,biiyd@gmail.com
ham,I dont know exactly could you ask chechi.,12/11/2022,obqiq@gmail.com
ham,Dunno lei shd b driving lor cos i go sch 1 hr oni.,19/02/2024,wfpvi@gmail.com
ham,As in i want custom officer discount oh.,11/02/2024,bfyhl@gmail.com
ham,That's necessarily respectful,13/09/2022,bxfvj@gmail.com
ham,Hi. Hope you had a good day. Have a better night.,27/01/2023,glswl@gmail.com
ham,And he's apparently bffs with carly quick now,18/01/2024,ujsxz@gmail.com
ham,HARD BUT TRUE: How much you show &amp;  express your love to someone....that much it will hurt when they leave you or you get seperated...!鈥┾??〨ud evening...,27/02/2024,bxcqi@gmail.com
ham,Babes I think I got ur brolly I left it in English wil bring it in 2mrw 4 u luv Franxx,07/11/2024,khwgz@gmail.com
ham,Hi babe its me thanks for coming even though it didnt go that well!i just wanted my bed! Hope to see you soon love and kisses xxx,30/12/2023,wcchm@gmail.com
ham,So gd got free ice cream... I oso wan...,16/12/2022,vafkb@gmail.com
ham,Pls give her prometazine syrup. 5mls then  &lt;#&gt; mins later feed.,25/01/2022,ghlbd@gmail.com
ham,So how many days since then?,01/02/2022,spaoj@gmail.com
ham,Dear are you angry i was busy dear,18/02/2023,kkzvr@gmail.com
ham,Yup he msg me: is tat yijue? Then i tot it's my group mate cos we meeting today mah... I'm askin if ü leaving earlier or wat mah cos mayb ü haf to walk v far...,27/01/2023,lagrl@gmail.com
ham,... Are you in the pub?,20/06/2023,ptgyj@gmail.com
ham,There is a first time for everything :),27/01/2023,nmbef@gmail.com
ham,"Daddy, shu shu is looking 4 u... U wan me 2 tell him u're not in singapore or wat?",23/07/2022,wyqio@gmail.com
ham,I ask if u meeting da ge tmr nite...,13/08/2024,nciwp@gmail.com
ham,Gr8. So how do you handle the victoria island traffic. Plus when's the album due,15/09/2022,wtrjw@gmail.com
ham,Nite nite pocay wocay luv u more than n e thing 4eva I promise ring u 2morrowxxxx,01/03/2023,yrirk@gmail.com
ham,East coast,20/06/2023,ydpec@gmail.com
ham,You should get more chicken broth if you want ramen unless there's some I don't know about,11/11/2024,yyvoi@gmail.com
ham,My slave! I want you to take 2 or 3 pictures of yourself today in bright light on your cell phone! Bright light!,18/11/2023,bgckt@gmail.com
ham,Nope. I just forgot. Will show next week,05/12/2022,agbwx@gmail.com
ham,So how are you really. What are you up to. How's the masters. And so on.,02/10/2023,nnobz@gmail.com
ham,I'm at bruce &amp; fowler now but I'm in my mom's car so I can't park (long story),23/07/2023,bgikv@gmail.com
ham,I dont know oh. Hopefully this month.,21/01/2023,lhrrr@gmail.com
ham,"Hi elaine, is today's meeting confirmed?",25/07/2022,dfjal@gmail.com
ham,Ok k..sry i knw 2 siva..tats y i askd..,15/12/2023,hnzlm@gmail.com
ham,"Sorry, I'll call later",05/02/2024,zrziw@gmail.com
ham,U horrible gal... U knew dat i was going out wif him yest n u still come n ask me...,30/10/2022,thbiu@gmail.com
ham,Otherwise had part time job na-tuition..,28/04/2022,dkptt@gmail.com
ham,Oh yeah! And my diet just flew out the window,13/12/2023,sixqk@gmail.com
spam,Santa Calling! Would your little ones like a call from Santa Xmas eve? Call 09058094583 to book your time.,18/03/2023,iamzb@gmail.com
ham,You didnt complete your gist oh.,06/08/2022,jbmqp@gmail.com
ham,"Er yeah, i will b there at 15:26, sorry! Just tell me which pub/cafe to sit in and come wen u can",16/01/2024,enaaa@gmail.com
ham,"If you can make it any time tonight or whenever you can it's cool, just text me whenever you're around",24/03/2023,redyf@gmail.com
ham,If I was I wasn't paying attention,22/12/2023,ewfxa@gmail.com
ham,Thanx a lot 4 ur help!,16/09/2022,aalpy@gmail.com
ham,You're gonna have to be way more specific than that,10/02/2023,wllox@gmail.com
ham,Jesus armand really is trying to tell everybody he can find,29/10/2023,tgnei@gmail.com
ham,I'm wif him now buying tix lar...,20/10/2023,talfb@gmail.com
ham,Mode men or have you left.,07/11/2022,ulthr@gmail.com
ham,Am slow in using biola's fne,12/10/2022,maggg@gmail.com
ham,What are youdoing later? Sar xxx,15/02/2022,osuxc@gmail.com
ham,Hey i've booked the 2 lessons on sun liao...,31/10/2023,qmcje@gmail.com
ham,Thank you. do you generally date the brothas?,17/06/2023,bguvu@gmail.com
ham,"By the way, make sure u get train to worc foregate street not shrub hill. Have fun night x",18/01/2024,gjkxw@gmail.com
ham,"I thought i'd get him a watch, just cos thats the kind of thing u get4an18th. And he loves so much!",22/03/2024,nzbcp@gmail.com
spam,You have won a guaranteed 32000 award or maybe even £1000 cash to claim ur award call free on 0800 ..... (18+). Its a legitimat efreefone number wat do u think???,21/03/2024,hvivd@gmail.com
ham,Good morning. At the repair shop--the ONLY reason i'm up at this hour.,08/02/2022,ctcgf@gmail.com
ham,"And that's fine, I got enough bud to last most of the night at least",07/04/2024,pqtcl@gmail.com
ham,I am back. Good journey! Let me know if you need any of the receipts. Shall i tell you like the pendent?,24/08/2023,xtmle@gmail.com
ham,So that takes away some money worries,17/05/2023,ntqpy@gmail.com
ham,"aight we can pick some up, you open before tonight?",04/09/2022,awxpr@gmail.com
spam,"Latest News! Police station toilet stolen, cops have nothing to go on!",06/12/2022,fzcia@gmail.com
ham,Sac needs to carry on:),25/09/2024,txcet@gmail.com
ham,Just sing HU. I think its also important to find someone female that know the place well preferably a citizen that is also smart to help you navigate through. Even things like choosing a phone plan require guidance. When in doubt ask especially girls.,06/11/2022,oszkp@gmail.com
ham,What???? Hello wats talks email address?,03/11/2023,vmupu@gmail.com
ham,Except theres a chick with huge boobs.,25/02/2022,qkrzt@gmail.com
ham,Im just wondering what your doing right now?,06/02/2022,pcyzi@gmail.com
ham,Wishing you a beautiful day. Each moment revealing even more things to keep you smiling. Do enjoy it.,13/01/2022,fkdwp@gmail.com
spam,For the most sparkling shopping breaks from 45 per person; call 0121 2025050 or visit www.shortbreaks.org.uk,13/05/2023,qcyrs@gmail.com
ham,Arun can u transfr me d amt,03/03/2024,aqlqd@gmail.com
ham,"Sorry, I'll call later",17/02/2023,meckc@gmail.com
ham,If you hear a loud scream in about &lt;#&gt; minutes its cause my Gyno will be shoving things up me that don't belong :/,03/11/2022,mzlyo@gmail.com
spam,December only! Had your mobile 11mths+? You are entitled to update to the latest colour camera mobile for Free! Call The Mobile Update Co FREE on 08002986906,19/09/2024,leaoo@gmail.com
ham,Ok i thk i got it. Then u wan me 2 come now or wat?,06/03/2022,syaoy@gmail.com
spam,Txt: CALL to No: 86888 & claim your reward of 3 hours talk time to use from your phone now! Subscribe6GBP/mnth inc 3hrs 16 stop?txtStop www.gamb.tv,26/09/2023,mdqai@gmail.com
ham,U GOIN OUT 2NITE?,13/09/2023,nrhsa@gmail.com
ham,I will treasure every moment we spend together...,03/05/2023,bgqfc@gmail.com
ham,Shall I bring us a bottle of wine to keep us amused? Only joking! I‘ll bring one anyway,08/05/2024,pkbxr@gmail.com
spam,http//tms. widelive.com/index. wml?id=820554ad0a1705572711&first=true¡C C Ringtone¡,25/10/2024,ddewi@gmail.com
spam,Get your garden ready for summer with a FREE selection of summer bulbs and seeds worth £33:50 only with The Scotsman this Saturday. To stop go2 notxt.co.uk,17/03/2023,tgmrs@gmail.com
spam,"URGENT! Last weekend's draw shows that you have won £1000 cash or a Spanish holiday! CALL NOW 09050000332 to claim. T&C: RSTM, SW7 3SS. 150ppm",22/12/2022,qksbe@gmail.com
ham,Ok lor.,17/06/2023,bqnrb@gmail.com
ham,I thought slide is enough.,01/08/2024,ybbda@gmail.com
ham,Yup,15/08/2023,fpnmy@gmail.com
ham,Well obviously not because all the people in my cool college life went home ;_;,28/12/2024,mccbd@gmail.com
ham,Ok lor ü reaching then message me.,03/01/2024,epvnj@gmail.com
ham,Where's mummy's boy ? Is he being good or bad ? Is he being positive or negative ? Why is mummy being made to wait? Hmmmm?,13/11/2023,hcloy@gmail.com
ham,Dhoni have luck to win some big title.so we will win:),06/09/2024,tzakc@gmail.com
ham,Yes princess! I want to please you every night. Your wish is my command...,30/01/2023,xsokc@gmail.com
ham,What Today-sunday..sunday is holiday..so no work..,06/10/2024,wgtpq@gmail.com
ham,No probably  &lt;#&gt; %.,21/01/2024,kunbo@gmail.com
ham,Really do hope the work doesnt get stressful. Have a gr8 day.,22/07/2024,mqovr@gmail.com
ham,Have you seen who's back at Holby?!,08/08/2023,ocgzo@gmail.com
ham,Shall call now dear having food,07/04/2024,sqgdx@gmail.com
spam,URGENT We are trying to contact you Last weekends draw shows u have won a £1000 prize GUARANTEED Call 09064017295 Claim code K52 Valid 12hrs 150p pm,01/02/2022,vxsly@gmail.com
ham,So li hai... Me bored now da lecturer repeating last weeks stuff waste time...,02/05/2024,kwsnr@gmail.com
ham,", ,  and  picking them up from various points | going 2 yeovil | and they will do the motor project 4 3 hours | and then u take them home. || 12 2 5.30 max. || Very easy",05/03/2023,sldkf@gmail.com
ham,Also fuck you and your family for going to rhode island or wherever the fuck and leaving me all alone the week I have a new bong &gt;:(,27/07/2024,udvab@gmail.com
ham,Ofcourse I also upload some songs,02/03/2024,sgwcd@gmail.com
spam,2p per min to call Germany 08448350055 from your BT line. Just 2p per min. Check PlanetTalkInstant.com for info & T's & C's. Text stop to opt out,04/04/2024,xrwyj@gmail.com
ham,K. I will sent it again,03/07/2023,zqbge@gmail.com
ham,Oh thanks a lot..i already bought 2 eggs ..,09/05/2023,mxavu@gmail.com
ham,K. I will sent it again,03/06/2023,mufgb@gmail.com
ham,U studying in sch or going home? Anyway i'll b going 2 sch later.,11/02/2023,ujtop@gmail.com
spam,Marvel Mobile Play the official Ultimate Spider-man game (£4.50) on ur mobile right now. Text SPIDER to 83338 for the game & we ll send u a FREE 8Ball wallpaper,09/08/2024,qmlhy@gmail.com
ham,I think if he rule tamilnadu..then its very tough for our people.,24/02/2023,ovxye@gmail.com
ham,"Cool, we shall go and see, have to go to tip anyway. Are you at home, got something to drop in later? So lets go to town tonight! Maybe mum can take us in.",24/04/2022,fsmze@gmail.com
ham,"Good afternoon, my love ... How goes your day ? How did you sleep ? I hope your well, my boytoy ... I think of you ...",15/11/2024,ngvrj@gmail.com
ham,Yes... I trust u to buy new stuff ASAP so I can try it out,07/01/2024,ntuor@gmail.com
spam,"SMS SERVICES. for your inclusive text credits, pls goto www.comuk.net login= 3qxj9 unsubscribe with STOP, no extra charge. help 08702840625.COMUK. 220-CM2 9AE",24/01/2024,kbkte@gmail.com
ham,Why did I wake up on my own &gt;:(,04/12/2024,npqaa@gmail.com
ham,Now get step 2 outta the way. Congrats again.,20/09/2023,bqbcu@gmail.com
ham,Love has one law; Make happy the person you love. In the same way friendship has one law; Never make ur friend feel alone until you are alive.... Gud night,22/07/2023,igzdo@gmail.com
spam,PRIVATE! Your 2003 Account Statement for 07808247860 shows 800 un-redeemed S. I. M. points. Call 08719899229 Identifier Code: 40411 Expires 06/11/04,21/10/2023,mdzls@gmail.com
ham,Apo all other are mokka players only,07/06/2022,mgrra@gmail.com
ham,"Perhaps * is much easy give your account identification, so i will tomorrow at UNI",21/11/2022,ahoni@gmail.com
ham,Wait . I will msg after  &lt;#&gt;  min.,23/06/2024,kgzba@gmail.com
ham,What i told before i tell. Stupid hear after i wont tell anything to you. You dad called to my brother and spoken. Not with me.,04/04/2023,hgpuv@gmail.com
ham,God's love has no limit. God's grace has no measure. God's power has no boundaries. May u have God's endless blessings always in ur life...!! Gud ni8,22/07/2024,kizuj@gmail.com
ham,I want to be inside you every night...,31/03/2022,jslyk@gmail.com
ham,"Machan you go to gym tomorrow,  i wil come late goodnight.",08/10/2024,kwbfl@gmail.com
ham,Lol they were mad at first but then they woke up and gave in.,08/04/2022,fcbar@gmail.com
ham,I went to project centre,30/07/2023,lvmgj@gmail.com
ham,"It‘s reassuring, in this crazy world.",16/10/2022,exerb@gmail.com
ham,"Just making dinner, you ?",11/04/2023,ybisc@gmail.com
ham,Yes. Please leave at  &lt;#&gt; . So that at  &lt;#&gt;  we can leave,13/10/2022,ulqhg@gmail.com
ham,Oh... Okie lor...We go on sat...,15/09/2024,osybd@gmail.com
ham,You are a great role model. You are giving so much and i really wish each day for a miracle but God as a reason for everything and i must say i wish i knew why but i dont. I've looked up to you since i was young and i still do. Have a great day.,31/12/2024,nxssb@gmail.com
ham,"Ya, i'm referin to mei's ex wat... No ah, waitin 4 u to treat, somebody shld b rich liao...So gd, den u dun have to work frm tmr onwards...",12/10/2024,npnzc@gmail.com
ham,Miles and smiles r made frm same letters but do u know d difference..? smile on ur face keeps me happy even though I am miles away from u.. :-)keep smiling.. Good nyt,22/05/2023,dflep@gmail.com
ham,"By the way, i've put a skip right outside the front of the house so you can see which house it is. Just pull up before it.",16/08/2024,vsgrx@gmail.com
ham,Can you pls send me that company name. In saibaba colany,17/09/2023,uqsfx@gmail.com
ham,No. I dont want to hear anything,01/01/2022,muagv@gmail.com
ham,You are a big chic. Common. Declare,30/01/2022,dntos@gmail.com
ham,Thats cool. I want to please you...,02/02/2023,omrza@gmail.com
ham,Going to join tomorrow.,04/07/2024,ijkxl@gmail.com
spam,You are awarded a SiPix Digital Camera! call 09061221061 from landline. Delivery within 28days. T Cs Box177. M221BP. 2yr warranty. 150ppm. 16 . p p£3.99,09/09/2023,lcjdn@gmail.com
ham,I want to tell you how bad I feel that basically the only times I text you lately are when I need drugs,07/08/2023,pdbvi@gmail.com
spam,PRIVATE! Your 2003 Account Statement for shows 800 un-redeemed S.I.M. points. Call 08718738001 Identifier Code: 49557 Expires 26/11/04,29/03/2024,vyqtd@gmail.com
ham,"Total disappointment, when I texted you was the craziest shit got :(",01/04/2022,fuluo@gmail.com
ham,Its just the effect of irritation. Just ignore it,10/07/2023,cbzvu@gmail.com
ham,What about this one then.,02/02/2022,nkdlg@gmail.com
ham,I think that tantrum's finished so yeah I'll be by at some point,09/02/2024,twpsr@gmail.com
ham,Compliments to you. Was away from the system. How your side.,18/02/2023,zqpxz@gmail.com
ham,happened here while you were adventuring,18/09/2024,lwozh@gmail.com
ham,"Hey chief, can you give me a bell when you get this. Need to talk to you about this royal visit on the 1st june.",09/06/2024,mormu@gmail.com
ham,Ok which your another number,01/01/2024,vzohx@gmail.com
ham,"I know you are thinkin malaria. But relax, children cant handle malaria. She would have been worse and its gastroenteritis. If she takes enough to replace her loss her temp will reduce. And if you give her malaria meds now she will just vomit. Its a self limiting illness she has which means in a few days it will completely stop",08/11/2024,bglcv@gmail.com
ham,Aiyah ok wat as long as got improve can already wat...,27/11/2024,qyixb@gmail.com
spam,Want explicit SEX in 30 secs? Ring 02073162414 now! Costs 20p/min Gsex POBOX 2667 WC1N 3XX,03/01/2024,mpciw@gmail.com
ham,I can't believe how attached I am to seeing you every day. I know you will do the best you can to get to me babe. I will go to teach my class at your midnight,07/08/2024,ffisy@gmail.com
ham,Just sleeping..and surfing,02/05/2022,zpujo@gmail.com
spam,ASKED 3MOBILE IF 0870 CHATLINES INCLU IN FREE MINS. INDIA CUST SERVs SED YES. L8ER GOT MEGA BILL. 3 DONT GIV A SHIT. BAILIFF DUE IN DAYS. I O £250 3 WANT £800,07/10/2023,srdag@gmail.com
ham,Yeah it's jus rite...,07/10/2022,kejxg@gmail.com
ham,Armand says get your ass over to epsilon,26/10/2022,ggthy@gmail.com
ham,U still havent got urself a jacket ah?,12/06/2023,cawif@gmail.com
ham,"I'm taking derek &amp; taylor to walmart, if I'm not back by the time you're done just leave the mouse on my desk and I'll text you when priscilla's ready",15/12/2023,wnczn@gmail.com
ham,Hi its in durban are you still on this number,11/12/2022,jdukb@gmail.com
ham,Ic. There are a lotta childporn cars then.,31/07/2024,pcwly@gmail.com
spam,"Had your contract mobile 11 Mnths? Latest Motorola, Nokia etc. all FREE! Double Mins & Text on Orange tariffs. TEXT YES for callback, no to remove from records.",14/03/2022,rscax@gmail.com
ham,"No, I was trying it all weekend ;V",16/07/2024,ldqpu@gmail.com
ham,"You know, wot people wear. T shirts, jumpers, hat, belt, is all we know. We r at Cribbs",29/09/2022,pcesp@gmail.com
ham,"Cool, what time you think you can get here?",23/05/2022,gjowu@gmail.com
ham,Wen did you get so spiritual and deep. That's great,26/12/2024,shvjm@gmail.com
ham,Have a safe trip to Nigeria. Wish you happiness and very soon company to share moments with,29/01/2024,ynoaw@gmail.com
ham,Hahaha..use your brain dear,21/04/2023,mvdqu@gmail.com
ham,Well keep in mind I've only got enough gas for one more round trip barring a sudden influx of cash,18/09/2024,mdnrd@gmail.com
ham,Yeh. Indians was nice. Tho it did kane me off a bit he he. We shud go out 4 a drink sometime soon. Mite hav 2 go 2 da works 4 a laugh soon. Love Pete x x,26/09/2023,tnsja@gmail.com
ham,Yes i have. So that's why u texted. Pshew...missing you so much,03/08/2022,kqqax@gmail.com
ham,No. I meant the calculation is the same. That  &lt;#&gt; units at  &lt;#&gt; . This school is really expensive. Have you started practicing your accent. Because its important. And have you decided if you are doing 4years of dental school or if you'll just do the nmde exam.,29/02/2024,pqtvv@gmail.com
ham,"Sorry, I'll call later",13/07/2024,hemsx@gmail.com
ham,if you aren't here in the next  &lt;#&gt;  hours imma flip my shit,02/02/2022,mpkum@gmail.com
ham,Anything lor. Juz both of us lor.,16/10/2024,blupm@gmail.com
ham,Get me out of this dump heap. My mom decided to come to lowes. BORING.,23/10/2022,crfmz@gmail.com
ham,Ok lor... Sony ericsson salesman... I ask shuhui then she say quite gd 2 use so i considering...,21/03/2024,rbafx@gmail.com
ham,Ard 6 like dat lor.,19/11/2024,ppnco@gmail.com
ham,Why don't you wait 'til at least wednesday to see if you get your .,22/05/2022,uzwck@gmail.com
ham,Huh y lei...,29/07/2022,tnfbw@gmail.com
spam,"REMINDER FROM O2: To get 2.50 pounds free call credit and details of great offers pls reply 2 this text with your valid name, house no and postcode",05/07/2024,dpvta@gmail.com
spam,"This is the 2nd time we have tried 2 contact u. U have won the £750 Pound prize. 2 claim is easy, call 087187272008 NOW1! Only 10p per minute. BT-national-rate.",02/02/2024,unfnm@gmail.com
ham,Will ü b going to esplanade fr home?,06/06/2023,epotr@gmail.com
ham,"Pity, * was in mood for that. So...any other suggestions?",17/06/2023,ocsav@gmail.com
ham,The guy did some bitching but I acted like i'd be interested in buying something else next week and he gave it to us for free,30/11/2024,eegyk@gmail.com
ham,Rofl. Its true to its name,26/07/2024,okfpk@gmail.com
